Workbook

Sheet Instructions
A1: TIB SYSTEMS LLC | SAP Controls Project Foundation Workbook Set
A2: W01 — Landscape & System Inventory
A4: Purpose
A5: Records every SAP system, client and supporting component that holds financial data or processes business transactions, and states whether each is in scope and whether it has actually been validated. W01 is the root of the golden thread: every other workbook points back to a SYS-ID.
A7: How to use this workbook
A8: 1. Enter the client-provided landscape in System_Inventory with Validation status = Documented only.
A9: 2. Validate directly (System > Status, SCC4, SM51, DB02). Upgrade the status to Validated and add the evidence ref.
A10: 3. Record application servers and hosts in Server_Detail, and the STMS route in Transport_Routes.
A11: 4. Decide scope and record a rationale for every exclusion.
A12: 5. Log every unresolved question in Open_Items. Finish by reading the Checks tab.
A14: Colour legend
A15: Yellow cells with blue text = you enter data here. Grey cells = formulas (do not overwrite). Row 5 of each register is a worked ABC Manufacturing example: overwrite it with your first record.
... A26: Column dictionary
A27: Tab | B27: Field | C27: Definition | D27: Allowed values / rule | E27: Type
A28: System_Inventory | B28: SYS-ID | C28: Unique key for the system/client | D28: SYS-nn; unique; never reused | E28: Input
A29: System_Inventory | B29: SID | C29: SAP system identifier | D29: 3 characters; must match System > Status | E29: Input
A30: System_Inventory | B30: Client | C30: Logical client number | D30: 3 digits; must exist in SCC4 | E30: Input
A31: System_Inventory | B31: Environment | C31: Landscape tier | D31: DEV / QAS / PRD / SBX / TRN | E31: Input
A32: System_Inventory | B32: Product & release | C32: Installed SAP product and release | D32: e.g. S/4HANA 2022 FPS02 | E32: Input
A33: System_Inventory | B33: Component type | C33: Technical role of the component | D33: Dropdown | E33: Input
A34: System_Inventory | B34: Hosting model | C34: Where it runs; drives which ITGCs ABC vs the provider performs | D34: Dropdown | E34: Input
A35: System_Inventory | B35: Database & OS | C35: Underlying platform | D35: From DB02 / Basis | E35: Input
A36: System_Inventory | B36: Primary purpose | C36: Business use the system supports | D36: One line | E36: Input
A37: System_Inventory | B37: Financially relevant? | C37: Holds or processes data reaching the financial statements | D37: Y / N | E37: Input
A38: System_Inventory | B38: In scope? | C38: Included in this engagement | D38: Y / N / TBC; PRD financial system = Y unless justified | E38: Input
... A74: Open_Items | B74: Resolution | C74: How it was resolved | D74: Free text | E74: Input
A76: Version history
A77: 0.1 — October 2026 — initial template (TIB Systems LLC)
A78: Cross-workbook links: keys from other workbooks are pasted as values into the Ref_ tabs, so this file works on its own and never breaks when files are moved.

Sheet System_Inventory
A1: W01 — System Inventory
A2: One row per system/client. Row 5 is a worked example (ECP/300). Overwrite it. Yellow = input, grey = formula.
A4: SYS-ID | B4: SID | C4: Client | D4: Environment | E4: Product & release | F4: Component type | G4: Hosting model | H4: Database & OS | I4: Primary purpose | J4: Financially relevant? | K4: In scope? | L4: Scope rationale | M4: System owner | N4: Validation method | O4: Validation status | P4: Evidence ref | Q4: Open question | R4: Row check
A5: SYS-03 | B5: ECP | C5: 300 | D5: PRD | E5: S/4HANA 2022 FPS02 | F5: ABAP back end | G5: On-premise | H5: HANA 2.0 SPS07 / SLES 15 | I5: Primary financial system: FI/CO, MM, SD | J5: Y | K5: Y | M5: Basis Lead | N5: System > Status; SCC4 | O5: Validated | P5: EV-001 | R5: =IF(A5="","",IF(OR(B5="",C5="",D5=""),"SID, client, environment needed",IF(AND(K5="N",L5=""),"Rationale needed (not in scope)",IF(AND(O5="Validated",P5=""),"Evidence ref needed",IF(AND(O5<>"Validated",Q5=""),"Open question needed",IF(AND(J5="Y",D5="PRD",K5<>"Y"),"PRD financial system should be in scope","OK")))))) -> OK
R6: =IF(A6="","",IF(OR(B6="",C6="",D6=""),"SID, client, environment needed",IF(AND(K6="N",L6=""),"Rationale needed (not in scope)",IF(AND(O6="Validated",P6=""),"Evidence ref needed",IF(AND(O6<>"Validated",Q6=""),"Open question needed",IF(AND(J6="Y",D6="PRD",K6<>"Y"),"PRD financial system should be in scope","OK"))))))
R7: =IF(A7="","",IF(OR(B7="",C7="",D7=""),"SID, client, environment needed",IF(AND(K7="N",L7=""),"Rationale needed (not in scope)",IF(AND(O7="Validated",P7=""),"Evidence ref needed",IF(AND(O7<>"Validated",Q7=""),"Open question needed",IF(AND(J7="Y",D7="PRD",K7<>"Y"),"PRD financial system should be in scope","OK"))))))
R8: =IF(A8="","",IF(OR(B8="",C8="",D8=""),"SID, client, environment needed",IF(AND(K8="N",L8=""),"Rationale needed (not in scope)",IF(AND(O8="Validated",P8=""),"Evidence ref needed",IF(AND(O8<>"Validated",Q8=""),"Open question needed",IF(AND(J8="Y",D8="PRD",K8<>"Y"),"PRD financial system should be in scope","OK"))))))
R9: =IF(A9="","",IF(OR(B9="",C9="",D9=""),"SID, client, environment needed",IF(AND(K9="N",L9=""),"Rationale needed (not in scope)",IF(AND(O9="Validated",P9=""),"Evidence ref needed",IF(AND(O9<>"Validated",Q9=""),"Open question needed",IF(AND(J9="Y",D9="PRD",K9<>"Y"),"PRD financial system should be in scope","OK"))))))
R10: =IF(A10="","",IF(OR(B10="",C10="",D10=""),"SID, client, environment needed",IF(AND(K10="N",L10=""),"Rationale needed (not in scope)",IF(AND(O10="Validated",P10=""),"Evidence ref needed",IF(AND(O10<>"Validated",Q10=""),"Open question needed",IF(AND(J10="Y",D10="PRD",K10<>"Y"),"PRD financial system should be in scope","OK"))))))
R11: =IF(A11="","",IF(OR(B11="",C11="",D11=""),"SID, client, environment needed",IF(AND(K11="N",L11=""),"Rationale needed (not in scope)",IF(AND(O11="Validated",P11=""),"Evidence ref needed",IF(AND(O11<>"Validated",Q11=""),"Open question needed",IF(AND(J11="Y",D11="PRD",K11<>"Y"),"PRD financial system should be in scope","OK"))))))
R12: =IF(A12="","",IF(OR(B12="",C12="",D12=""),"SID, client, environment needed",IF(AND(K12="N",L12=""),"Rationale needed (not in scope)",IF(AND(O12="Validated",P12=""),"Evidence ref needed",IF(AND(O12<>"Validated",Q12=""),"Open question needed",IF(AND(J12="Y",D12="PRD",K12<>"Y"),"PRD financial system should be in scope","OK"))))))
R13: =IF(A13="","",IF(OR(B13="",C13="",D13=""),"SID, client, environment needed",IF(AND(K13="N",L13=""),"Rationale needed (not in scope)",IF(AND(O13="Validated",P13=""),"Evidence ref needed",IF(AND(O13<>"Validated",Q13=""),"Open question needed",IF(AND(J13="Y",D13="PRD",K13<>"Y"),"PRD financial system should be in scope","OK"))))))
R14: =IF(A14="","",IF(OR(B14="",C14="",D14=""),"SID, client, environment needed",IF(AND(K14="N",L14=""),"Rationale needed (not in scope)",IF(AND(O14="Validated",P14=""),"Evidence ref needed",IF(AND(O14<>"Validated",Q14=""),"Open question needed",IF(AND(J14="Y",D14="PRD",K14<>"Y"),"PRD financial system should be in scope","OK"))))))
R15: =IF(A15="","",IF(OR(B15="",C15="",D15=""),"SID, client, environment needed",IF(AND(K15="N",L15=""),"Rationale needed (not in scope)",IF(AND(O15="Validated",P15=""),"Evidence ref needed",IF(AND(O15<>"Validated",Q15=""),"Open question needed",IF(AND(J15="Y",D15="PRD",K15<>"Y"),"PRD financial system should be in scope","OK"))))))
R16: =IF(A16="","",IF(OR(B16="",C16="",D16=""),"SID, client, environment needed",IF(AND(K16="N",L16=""),"Rationale needed (not in scope)",IF(AND(O16="Validated",P16=""),"Evidence ref needed",IF(AND(O16<>"Validated",Q16=""),"Open question needed",IF(AND(J16="Y",D16="PRD",K16<>"Y"),"PRD financial system should be in scope","OK"))))))
R17: =IF(A17="","",IF(OR(B17="",C17="",D17=""),"SID, client, environment needed",IF(AND(K17="N",L17=""),"Rationale needed (not in scope)",IF(AND(O17="Validated",P17=""),"Evidence ref needed",IF(AND(O17<>"Validated",Q17=""),"Open question needed",IF(AND(J17="Y",D17="PRD",K17<>"Y"),"PRD financial system should be in scope","OK"))))))
... R204: =IF(A204="","",IF(OR(B204="",C204="",D204=""),"SID, client, environment needed",IF(AND(K204="N",L204=""),"Rationale needed (not in scope)",IF(AND(O204="Validated",P204=""),"Evidence ref needed",IF(AND(O204<>"Validated",Q204=""),"Open question needed",IF(AND(J204="Y",D204="PRD",K204<>"Y"),"PRD financial system should be in scope","OK"))))))

Sheet Server_Detail
A1: W01 — Server Detail
A2: One row per application server, DB host or web dispatcher, linked by SYS-ID.
A4: Server ID | B4: SYS-ID | C4: SID (lookup) | D4: Host name | E4: Role | F4: OS | G4: Location / hosting | H4: Owner | I4: Validated via | J4: Evidence ref | K4: Note
A5: SRV-01 | B5: SYS-03 | C5: =IFERROR(INDEX(System_Inventory!$B$5:$B$204,MATCH(B5,System_Inventory!$A$5:$A$204,0)),"") -> ECP | D5: ecp-app01 | E5: Application server | F5: SLES 15 | G5: Atlanta DC | H5: Basis Lead | I5: SM51 | J5: EV-002
C6: =IFERROR(INDEX(System_Inventory!$B$5:$B$204,MATCH(B6,System_Inventory!$A$5:$A$204,0)),"")
C7: =IFERROR(INDEX(System_Inventory!$B$5:$B$204,MATCH(B7,System_Inventory!$A$5:$A$204,0)),"")
C8: =IFERROR(INDEX(System_Inventory!$B$5:$B$204,MATCH(B8,System_Inventory!$A$5:$A$204,0)),"")
C9: =IFERROR(INDEX(System_Inventory!$B$5:$B$204,MATCH(B9,System_Inventory!$A$5:$A$204,0)),"")
C10: =IFERROR(INDEX(System_Inventory!$B$5:$B$204,MATCH(B10,System_Inventory!$A$5:$A$204,0)),"")
C11: =IFERROR(INDEX(System_Inventory!$B$5:$B$204,MATCH(B11,System_Inventory!$A$5:$A$204,0)),"")
C12: =IFERROR(INDEX(System_Inventory!$B$5:$B$204,MATCH(B12,System_Inventory!$A$5:$A$204,0)),"")
C13: =IFERROR(INDEX(System_Inventory!$B$5:$B$204,MATCH(B13,System_Inventory!$A$5:$A$204,0)),"")
C14: =IFERROR(INDEX(System_Inventory!$B$5:$B$204,MATCH(B14,System_Inventory!$A$5:$A$204,0)),"")
C15: =IFERROR(INDEX(System_Inventory!$B$5:$B$204,MATCH(B15,System_Inventory!$A$5:$A$204,0)),"")
C16: =IFERROR(INDEX(System_Inventory!$B$5:$B$204,MATCH(B16,System_Inventory!$A$5:$A$204,0)),"")
C17: =IFERROR(INDEX(System_Inventory!$B$5:$B$204,MATCH(B17,System_Inventory!$A$5:$A$204,0)),"")
... C204: =IFERROR(INDEX(System_Inventory!$B$5:$B$204,MATCH(B204,System_Inventory!$A$5:$A$204,0)),"")

Sheet Transport_Routes
A1: W01 — Transport Routes
A2: The STMS route for each landscape; the starting point for Program Change testing.
A4: Route ID | B4: Landscape | C4: From SYS-ID | D4: From env (lookup) | E4: To SYS-ID | F4: To env (lookup) | G4: Route type | H4: Direct DEV→PRD? | I4: Evidence ref | J4: Note
A5: TR-01 | B5: ECC-S4 landscape | C5: SYS-02 | D5: =IFERROR(INDEX(System_Inventory!$D$5:$D$204,MATCH(C5,System_Inventory!$A$5:$A$204,0)),"") | E5: SYS-03 | F5: =IFERROR(INDEX(System_Inventory!$D$5:$D$204,MATCH(E5,System_Inventory!$A$5:$A$204,0)),"") -> PRD | G5: Delivery | H5: =IF(A5="","",IF(AND(D5="DEV",F5="PRD"),"BYPASS: direct DEV to PRD","OK")) -> OK | I5: EV-003
D6: =IFERROR(INDEX(System_Inventory!$D$5:$D$204,MATCH(C6,System_Inventory!$A$5:$A$204,0)),"") | F6: =IFERROR(INDEX(System_Inventory!$D$5:$D$204,MATCH(E6,System_Inventory!$A$5:$A$204,0)),"") | H6: =IF(A6="","",IF(AND(D6="DEV",F6="PRD"),"BYPASS: direct DEV to PRD","OK"))
D7: =IFERROR(INDEX(System_Inventory!$D$5:$D$204,MATCH(C7,System_Inventory!$A$5:$A$204,0)),"") | F7: =IFERROR(INDEX(System_Inventory!$D$5:$D$204,MATCH(E7,System_Inventory!$A$5:$A$204,0)),"") | H7: =IF(A7="","",IF(AND(D7="DEV",F7="PRD"),"BYPASS: direct DEV to PRD","OK"))
D8: =IFERROR(INDEX(System_Inventory!$D$5:$D$204,MATCH(C8,System_Inventory!$A$5:$A$204,0)),"") | F8: =IFERROR(INDEX(System_Inventory!$D$5:$D$204,MATCH(E8,System_Inventory!$A$5:$A$204,0)),"") | H8: =IF(A8="","",IF(AND(D8="DEV",F8="PRD"),"BYPASS: direct DEV to PRD","OK"))
D9: =IFERROR(INDEX(System_Inventory!$D$5:$D$204,MATCH(C9,System_Inventory!$A$5:$A$204,0)),"") | F9: =IFERROR(INDEX(System_Inventory!$D$5:$D$204,MATCH(E9,System_Inventory!$A$5:$A$204,0)),"") | H9: =IF(A9="","",IF(AND(D9="DEV",F9="PRD"),"BYPASS: direct DEV to PRD","OK"))
D10: =IFERROR(INDEX(System_Inventory!$D$5:$D$204,MATCH(C10,System_Inventory!$A$5:$A$204,0)),"") | F10: =IFERROR(INDEX(System_Inventory!$D$5:$D$204,MATCH(E10,System_Inventory!$A$5:$A$204,0)),"") | H10: =IF(A10="","",IF(AND(D10="DEV",F10="PRD"),"BYPASS: direct DEV to PRD","OK"))
D11: =IFERROR(INDEX(System_Inventory!$D$5:$D$204,MATCH(C11,System_Inventory!$A$5:$A$204,0)),"") | F11: =IFERROR(INDEX(System_Inventory!$D$5:$D$204,MATCH(E11,System_Inventory!$A$5:$A$204,0)),"") | H11: =IF(A11="","",IF(AND(D11="DEV",F11="PRD"),"BYPASS: direct DEV to PRD","OK"))
D12: =IFERROR(INDEX(System_Inventory!$D$5:$D$204,MATCH(C12,System_Inventory!$A$5:$A$204,0)),"") | F12: =IFERROR(INDEX(System_Inventory!$D$5:$D$204,MATCH(E12,System_Inventory!$A$5:$A$204,0)),"") | H12: =IF(A12="","",IF(AND(D12="DEV",F12="PRD"),"BYPASS: direct DEV to PRD","OK"))
D13: =IFERROR(INDEX(System_Inventory!$D$5:$D$204,MATCH(C13,System_Inventory!$A$5:$A$204,0)),"") | F13: =IFERROR(INDEX(System_Inventory!$D$5:$D$204,MATCH(E13,System_Inventory!$A$5:$A$204,0)),"") | H13: =IF(A13="","",IF(AND(D13="DEV",F13="PRD"),"BYPASS: direct DEV to PRD","OK"))
D14: =IFERROR(INDEX(System_Inventory!$D$5:$D$204,MATCH(C14,System_Inventory!$A$5:$A$204,0)),"") | F14: =IFERROR(INDEX(System_Inventory!$D$5:$D$204,MATCH(E14,System_Inventory!$A$5:$A$204,0)),"") | H14: =IF(A14="","",IF(AND(D14="DEV",F14="PRD"),"BYPASS: direct DEV to PRD","OK"))
D15: =IFERROR(INDEX(System_Inventory!$D$5:$D$204,MATCH(C15,System_Inventory!$A$5:$A$204,0)),"") | F15: =IFERROR(INDEX(System_Inventory!$D$5:$D$204,MATCH(E15,System_Inventory!$A$5:$A$204,0)),"") | H15: =IF(A15="","",IF(AND(D15="DEV",F15="PRD"),"BYPASS: direct DEV to PRD","OK"))
D16: =IFERROR(INDEX(System_Inventory!$D$5:$D$204,MATCH(C16,System_Inventory!$A$5:$A$204,0)),"") | F16: =IFERROR(INDEX(System_Inventory!$D$5:$D$204,MATCH(E16,System_Inventory!$A$5:$A$204,0)),"") | H16: =IF(A16="","",IF(AND(D16="DEV",F16="PRD"),"BYPASS: direct DEV to PRD","OK"))
D17: =IFERROR(INDEX(System_Inventory!$D$5:$D$204,MATCH(C17,System_Inventory!$A$5:$A$204,0)),"") | F17: =IFERROR(INDEX(System_Inventory!$D$5:$D$204,MATCH(E17,System_Inventory!$A$5:$A$204,0)),"") | H17: =IF(A17="","",IF(AND(D17="DEV",F17="PRD"),"BYPASS: direct DEV to PRD","OK"))
... D204: =IFERROR(INDEX(System_Inventory!$D$5:$D$204,MATCH(C204,System_Inventory!$A$5:$A$204,0)),"") | F204: =IFERROR(INDEX(System_Inventory!$D$5:$D$204,MATCH(E204,System_Inventory!$A$5:$A$204,0)),"") | H204: =IF(A204="","",IF(AND(D204="DEV",F204="PRD"),"BYPASS: direct DEV to PRD","OK"))

Sheet Open_Items
A1: W01 — Open Items
A2: Unresolved landscape questions, owner and target date.
A4: Item ID | B4: Source | C4: Question / dependency | D4: Owner | E4: Raised | F4: Target date | G4: Status | H4: Resolution
A5: OI-01 | B5: SYS-05 | C5: Does the Fiori front-end server post financial transactions? | D5: Basis Lead | G5: Open

Sheet Lists
A1: Env | B1: CompType | C1: Hosting | D1: ValStatus | E1: YN | F1: YNT | G1: SrvRole | H1: RouteType | I1: OpenStatus
A2: DEV | B2: ABAP back end | C2: On-premise | D2: Validated | E2: Y | F2: Y | G2: Application server | H2: Consolidation | I2: Open
A3: QAS | B3: Fiori front-end server | C3: RISE with SAP | D3: Documented only | E3: N | F3: N | G3: Database host | H3: Delivery | I3: In progress
A4: PRD | B4: GRC | C4: Hyperscaler (IaaS) | D4: To confirm | F4: TBC | G4: Web dispatcher | I4: Closed
A5: SBX | B5: BW | C5: Other | G5: Message server
A6: TRN | B6: PI-PO / CPI | G6: Other
B7: HANA DB
B8: SolMan
B9: Other

Sheet Checks
A1: W01 — Completion checks
A2: All checks are formulas. A workbook passes its gate when every status reads PASS (INFO rows are counts for your information).
A3: Overall | B3: =IF(COUNTIF(C6:C15,"REVIEW")=0,"ALL CHECKS PASS","REVIEW ITEMS: "&COUNTIF(C6:C15,"REVIEW")) -> ALL CHECKS PASS
A5: Check | B5: Count | C5: Status | D5: What to do if REVIEW
A6: Systems / clients listed | B6: =COUNTA(System_Inventory!A5:A204) -> 1 | C6: INFO | D6: —
A7: Duplicate SYS-IDs | B7: =SUMPRODUCT((System_Inventory!A5:A204<>"")*(COUNTIF(System_Inventory!A5:A204,System_Inventory!A5:A204)>1)) -> 0 | C7: =IF(B7=0,"PASS","REVIEW") -> PASS | D7: Keys must be unique and never reused.
A8: Register rows needing attention | B8: =SUMPRODUCT((System_Inventory!R5:R204<>"")*(System_Inventory!R5:R204<>"OK")*(LEFT(System_Inventory!R5:R204,2)<>"OK")) -> 0 | C8: =IF(B8=0,"PASS","REVIEW") -> PASS | D8: Read the Row check column and fix each flagged row.
A9: "Validated" rows with no evidence ref | B9: =SUMPRODUCT((System_Inventory!O5:O204="Validated")*(System_Inventory!P5:P204="")) -> 0 | C9: =IF(B9=0,"PASS","REVIEW") -> PASS | D9: Add the screenshot/document reference or downgrade the status.
A10: Rows not yet validated (documented only / to confirm) | B10: =SUMPRODUCT((System_Inventory!O5:O204<>"")*(System_Inventory!O5:O204<>"Validated")) -> 0 | C10: INFO | D10: Each must have an open question and an Open_Items entry.
A11: Rows with scope still TBC | B11: =COUNTIF(System_Inventory!K5:K204,"TBC") -> 0 | C11: INFO | D11: Resolve before gate G1.
A12: Server rows whose SYS-ID is not in System_Inventory | B12: =SUMPRODUCT((Server_Detail!B5:B204<>"")*(COUNTIF(System_Inventory!A5:A204,Server_Detail!B5:B204)=0)) -> 0 | C12: =IF(B12=0,"PASS","REVIEW") -> PASS | D12: Correct the SYS-ID or add the system.
A13: Transport routes recorded | B13: =COUNTA(Transport_Routes!A5:A204) -> 1 | C13: =IF(B13>0,"PASS","REVIEW") -> PASS | D13: Obtain the STMS route display from Basis.
A14: Routes that bypass QAS | B14: =COUNTIF(Transport_Routes!H5:H204,"BYPASS*") -> 0 | C14: =IF(B14=0,"PASS","REVIEW") -> PASS | D14: A direct DEV to PRD route is a Program Change finding for W04/W05.
A15: Open items still open | B15: =COUNTIF(Open_Items!G5:G204,"Open")+COUNTIF(Open_Items!G5:G204,"In progress") -> 1 | C15: INFO | D15: Track to closure before G1.
