Workbook

Sheet Instructions
A1: TIB SYSTEMS LLC | SAP Controls Project Foundation Workbook Set
A2: W02 — Interface & Data Flow Inventory
A4: Purpose
A5: Identifies each financially relevant interface, how it works, how errors are caught and who owns it. Also captures RFC destinations and service users, which are privileged access paths in their own right.
A7: How to use this workbook
A8: 1. Paste the in-scope SYS-IDs from W01 into the Ref_SYS tab.
A9: 2. Ask by process, not technology: what comes in from outside SAP, and what leaves? Enter each flow in Interface_Register.
A10: 3. Confirm mechanism and technical user with Basis (WE20, SM59, PI/PO or CPI lists, SM37 file jobs).
A11: 4. Record honestly how failures are detected, including "None".
A12: 5. Complete RFC_Service_Users and Data_Flow_Map; back-fill BP-IDs after W03.
A14: Colour legend
A15: Yellow cells with blue text = you enter data here. Grey cells = formulas (do not overwrite). Row 5 of each register is a worked ABC Manufacturing example: overwrite it with your first record.
... A26: Column dictionary
A27: Tab | B27: Field | C27: Definition | D27: Allowed values / rule | E27: Type
A28: Interface_Register | B28: INT-ID | C28: Unique key | D28: INT-nn | E28: Input
A29: Interface_Register | B29: Interface name | C29: Business name | D29: Free text | E29: Input
A30: Interface_Register | B30: Source | C30: Where data originates | D30: SYS-ID or named external system | E30: Input
A31: Interface_Register | B31: Target | C31: Where data lands | D31: SYS-ID or named external system; at least one side must be an in-scope SYS-ID | E31: Input
A32: Interface_Register | B32: Direction | C32: Flow direction | D32: Inbound / Outbound / Bidirectional | E32: Input
A33: Interface_Register | B33: Technology | C33: How data moves | D33: Dropdown | E33: Input
A34: Interface_Register | B34: Data object | C34: What is transferred | D34: e.g. MT940 statements, ORDERS05 | E34: Input
A35: Interface_Register | B35: BP-ID | C35: Process the data feeds | D35: Back-fill after W03 | E35: Input
A36: Interface_Register | B36: Frequency & volume | C36: How often and how much | D36: Free text | E36: Input
A37: Interface_Register | B37: Financially relevant? | C37: Data reaches the financial statements | D37: Y / N | E37: Input
A38: Interface_Register | B38: Error monitoring | C38: How failures are detected | D38: "None" is a valid, important answer | E38: Input
... A72: Open_Items | B72: Resolution | C72: How it was resolved | D72: Free text | E72: Input
A74: Version history
A75: 0.1 — October 2026 — initial template (TIB Systems LLC)
A76: Cross-workbook links: keys from other workbooks are pasted as values into the Ref_ tabs, so this file works on its own and never breaks when files are moved.

Sheet Interface_Register
A1: W02 — Interface Register
A2: One row per interface. Row 5 is a worked example (INT-05 payment file). Overwrite it.
A4: INT-ID | B4: Interface name | C4: Source | D4: Target | E4: Direction | F4: Technology | G4: Data object | H4: BP-ID | I4: Frequency & volume | J4: Financially relevant? | K4: Error monitoring | L4: Reconciliation control? | M4: Interface owner | N4: RFC / service user | O4: In scope? | P4: Evidence ref | Q4: Open question / rationale | R4: Risk flag | S4: Row check
A5: INT-05 | B5: Vendor payment file | C5: SYS-03 | D5: Bank | E5: Outbound | F5: SFTP file | G5: pain.001 payment instructions | H5: BP-P2P-03 | I5: Per payment run (~38 runs) | J5: Y | K5: TBC | L5: TBC | M5: Treasury Manager | N5: SFTP service account | O5: Y | Q5: Confirm file directory permissions | R5: =IF(A5="","",IF(AND(J5="Y",OR(K5="None",K5="TBC",K5="",L5="N",L5="TBC",L5="")),"Carry to W04 as risk","—")) -> Carry to W04 as risk | S5: =IF(A5="","",IF(OR(B5="",C5="",D5="",E5="",F5=""),"Name, source, target, direction, technology needed",IF(AND(COUNTIF(Ref_SYS!$A$2:$A$101,C5)=0,COUNTIF(Ref_SYS!$A$2:$A$101,D5)=0),"No in-scope SYS-ID on either side",IF(AND(J5="Y",K5=""),"Monitoring answer needed",IF(AND(O5="N",Q5=""),"Rationale needed","OK"))))) -> OK
R6: =IF(A6="","",IF(AND(J6="Y",OR(K6="None",K6="TBC",K6="",L6="N",L6="TBC",L6="")),"Carry to W04 as risk","—")) | S6: =IF(A6="","",IF(OR(B6="",C6="",D6="",E6="",F6=""),"Name, source, target, direction, technology needed",IF(AND(COUNTIF(Ref_SYS!$A$2:$A$101,C6)=0,COUNTIF(Ref_SYS!$A$2:$A$101,D6)=0),"No in-scope SYS-ID on either side",IF(AND(J6="Y",K6=""),"Monitoring answer needed",IF(AND(O6="N",Q6=""),"Rationale needed","OK")))))
R7: =IF(A7="","",IF(AND(J7="Y",OR(K7="None",K7="TBC",K7="",L7="N",L7="TBC",L7="")),"Carry to W04 as risk","—")) | S7: =IF(A7="","",IF(OR(B7="",C7="",D7="",E7="",F7=""),"Name, source, target, direction, technology needed",IF(AND(COUNTIF(Ref_SYS!$A$2:$A$101,C7)=0,COUNTIF(Ref_SYS!$A$2:$A$101,D7)=0),"No in-scope SYS-ID on either side",IF(AND(J7="Y",K7=""),"Monitoring answer needed",IF(AND(O7="N",Q7=""),"Rationale needed","OK")))))
R8: =IF(A8="","",IF(AND(J8="Y",OR(K8="None",K8="TBC",K8="",L8="N",L8="TBC",L8="")),"Carry to W04 as risk","—")) | S8: =IF(A8="","",IF(OR(B8="",C8="",D8="",E8="",F8=""),"Name, source, target, direction, technology needed",IF(AND(COUNTIF(Ref_SYS!$A$2:$A$101,C8)=0,COUNTIF(Ref_SYS!$A$2:$A$101,D8)=0),"No in-scope SYS-ID on either side",IF(AND(J8="Y",K8=""),"Monitoring answer needed",IF(AND(O8="N",Q8=""),"Rationale needed","OK")))))
R9: =IF(A9="","",IF(AND(J9="Y",OR(K9="None",K9="TBC",K9="",L9="N",L9="TBC",L9="")),"Carry to W04 as risk","—")) | S9: =IF(A9="","",IF(OR(B9="",C9="",D9="",E9="",F9=""),"Name, source, target, direction, technology needed",IF(AND(COUNTIF(Ref_SYS!$A$2:$A$101,C9)=0,COUNTIF(Ref_SYS!$A$2:$A$101,D9)=0),"No in-scope SYS-ID on either side",IF(AND(J9="Y",K9=""),"Monitoring answer needed",IF(AND(O9="N",Q9=""),"Rationale needed","OK")))))
R10: =IF(A10="","",IF(AND(J10="Y",OR(K10="None",K10="TBC",K10="",L10="N",L10="TBC",L10="")),"Carry to W04 as risk","—")) | S10: =IF(A10="","",IF(OR(B10="",C10="",D10="",E10="",F10=""),"Name, source, target, direction, technology needed",IF(AND(COUNTIF(Ref_SYS!$A$2:$A$101,C10)=0,COUNTIF(Ref_SYS!$A$2:$A$101,D10)=0),"No in-scope SYS-ID on either side",IF(AND(J10="Y",K10=""),"Monitoring answer needed",IF(AND(O10="N",Q10=""),"Rationale needed","OK")))))
R11: =IF(A11="","",IF(AND(J11="Y",OR(K11="None",K11="TBC",K11="",L11="N",L11="TBC",L11="")),"Carry to W04 as risk","—")) | S11: =IF(A11="","",IF(OR(B11="",C11="",D11="",E11="",F11=""),"Name, source, target, direction, technology needed",IF(AND(COUNTIF(Ref_SYS!$A$2:$A$101,C11)=0,COUNTIF(Ref_SYS!$A$2:$A$101,D11)=0),"No in-scope SYS-ID on either side",IF(AND(J11="Y",K11=""),"Monitoring answer needed",IF(AND(O11="N",Q11=""),"Rationale needed","OK")))))
R12: =IF(A12="","",IF(AND(J12="Y",OR(K12="None",K12="TBC",K12="",L12="N",L12="TBC",L12="")),"Carry to W04 as risk","—")) | S12: =IF(A12="","",IF(OR(B12="",C12="",D12="",E12="",F12=""),"Name, source, target, direction, technology needed",IF(AND(COUNTIF(Ref_SYS!$A$2:$A$101,C12)=0,COUNTIF(Ref_SYS!$A$2:$A$101,D12)=0),"No in-scope SYS-ID on either side",IF(AND(J12="Y",K12=""),"Monitoring answer needed",IF(AND(O12="N",Q12=""),"Rationale needed","OK")))))
R13: =IF(A13="","",IF(AND(J13="Y",OR(K13="None",K13="TBC",K13="",L13="N",L13="TBC",L13="")),"Carry to W04 as risk","—")) | S13: =IF(A13="","",IF(OR(B13="",C13="",D13="",E13="",F13=""),"Name, source, target, direction, technology needed",IF(AND(COUNTIF(Ref_SYS!$A$2:$A$101,C13)=0,COUNTIF(Ref_SYS!$A$2:$A$101,D13)=0),"No in-scope SYS-ID on either side",IF(AND(J13="Y",K13=""),"Monitoring answer needed",IF(AND(O13="N",Q13=""),"Rationale needed","OK")))))
R14: =IF(A14="","",IF(AND(J14="Y",OR(K14="None",K14="TBC",K14="",L14="N",L14="TBC",L14="")),"Carry to W04 as risk","—")) | S14: =IF(A14="","",IF(OR(B14="",C14="",D14="",E14="",F14=""),"Name, source, target, direction, technology needed",IF(AND(COUNTIF(Ref_SYS!$A$2:$A$101,C14)=0,COUNTIF(Ref_SYS!$A$2:$A$101,D14)=0),"No in-scope SYS-ID on either side",IF(AND(J14="Y",K14=""),"Monitoring answer needed",IF(AND(O14="N",Q14=""),"Rationale needed","OK")))))
R15: =IF(A15="","",IF(AND(J15="Y",OR(K15="None",K15="TBC",K15="",L15="N",L15="TBC",L15="")),"Carry to W04 as risk","—")) | S15: =IF(A15="","",IF(OR(B15="",C15="",D15="",E15="",F15=""),"Name, source, target, direction, technology needed",IF(AND(COUNTIF(Ref_SYS!$A$2:$A$101,C15)=0,COUNTIF(Ref_SYS!$A$2:$A$101,D15)=0),"No in-scope SYS-ID on either side",IF(AND(J15="Y",K15=""),"Monitoring answer needed",IF(AND(O15="N",Q15=""),"Rationale needed","OK")))))
R16: =IF(A16="","",IF(AND(J16="Y",OR(K16="None",K16="TBC",K16="",L16="N",L16="TBC",L16="")),"Carry to W04 as risk","—")) | S16: =IF(A16="","",IF(OR(B16="",C16="",D16="",E16="",F16=""),"Name, source, target, direction, technology needed",IF(AND(COUNTIF(Ref_SYS!$A$2:$A$101,C16)=0,COUNTIF(Ref_SYS!$A$2:$A$101,D16)=0),"No in-scope SYS-ID on either side",IF(AND(J16="Y",K16=""),"Monitoring answer needed",IF(AND(O16="N",Q16=""),"Rationale needed","OK")))))
R17: =IF(A17="","",IF(AND(J17="Y",OR(K17="None",K17="TBC",K17="",L17="N",L17="TBC",L17="")),"Carry to W04 as risk","—")) | S17: =IF(A17="","",IF(OR(B17="",C17="",D17="",E17="",F17=""),"Name, source, target, direction, technology needed",IF(AND(COUNTIF(Ref_SYS!$A$2:$A$101,C17)=0,COUNTIF(Ref_SYS!$A$2:$A$101,D17)=0),"No in-scope SYS-ID on either side",IF(AND(J17="Y",K17=""),"Monitoring answer needed",IF(AND(O17="N",Q17=""),"Rationale needed","OK")))))
... R204: =IF(A204="","",IF(AND(J204="Y",OR(K204="None",K204="TBC",K204="",L204="N",L204="TBC",L204="")),"Carry to W04 as risk","—")) | S204: =IF(A204="","",IF(OR(B204="",C204="",D204="",E204="",F204=""),"Name, source, target, direction, technology needed",IF(AND(COUNTIF(Ref_SYS!$A$2:$A$101,C204)=0,COUNTIF(Ref_SYS!$A$2:$A$101,D204)=0),"No in-scope SYS-ID on either side",IF(AND(J204="Y",K204=""),"Monitoring answer needed",IF(AND(O204="N",Q204=""),"Rationale needed","OK")))))

Sheet RFC_Service_Users
A1: W02 — RFC & Service Users
A2: RFC destinations and the technical users behind them.
A4: RFC ID | B4: INT-ID | C4: Interface (lookup) | D4: RFC destination / connection | E4: Technical user | F4: User type | G4: Authorisation level | H4: Stored credentials? | I4: Review flag | J4: Note
A5: RFC-01 | B5: INT-05 | C5: =IFERROR(INDEX(Interface_Register!$B$5:$B$204,MATCH(B5,Interface_Register!$A$5:$A$204,0)),"") -> Vendor payment file | D5: SFTP_BANK | E5: SFTP_SVC | F5: Service | G5: Narrow technical role | H5: Y | I5: =IF(A5="","",IF(F5="Dialog","Dialog user on RFC: sensitive (W06)",IF(ISNUMBER(SEARCH("SAP_ALL",G5)),"SAP_ALL on RFC user: sensitive (W06)","OK"))) -> OK
C6: =IFERROR(INDEX(Interface_Register!$B$5:$B$204,MATCH(B6,Interface_Register!$A$5:$A$204,0)),"") | I6: =IF(A6="","",IF(F6="Dialog","Dialog user on RFC: sensitive (W06)",IF(ISNUMBER(SEARCH("SAP_ALL",G6)),"SAP_ALL on RFC user: sensitive (W06)","OK")))
C7: =IFERROR(INDEX(Interface_Register!$B$5:$B$204,MATCH(B7,Interface_Register!$A$5:$A$204,0)),"") | I7: =IF(A7="","",IF(F7="Dialog","Dialog user on RFC: sensitive (W06)",IF(ISNUMBER(SEARCH("SAP_ALL",G7)),"SAP_ALL on RFC user: sensitive (W06)","OK")))
C8: =IFERROR(INDEX(Interface_Register!$B$5:$B$204,MATCH(B8,Interface_Register!$A$5:$A$204,0)),"") | I8: =IF(A8="","",IF(F8="Dialog","Dialog user on RFC: sensitive (W06)",IF(ISNUMBER(SEARCH("SAP_ALL",G8)),"SAP_ALL on RFC user: sensitive (W06)","OK")))
C9: =IFERROR(INDEX(Interface_Register!$B$5:$B$204,MATCH(B9,Interface_Register!$A$5:$A$204,0)),"") | I9: =IF(A9="","",IF(F9="Dialog","Dialog user on RFC: sensitive (W06)",IF(ISNUMBER(SEARCH("SAP_ALL",G9)),"SAP_ALL on RFC user: sensitive (W06)","OK")))
C10: =IFERROR(INDEX(Interface_Register!$B$5:$B$204,MATCH(B10,Interface_Register!$A$5:$A$204,0)),"") | I10: =IF(A10="","",IF(F10="Dialog","Dialog user on RFC: sensitive (W06)",IF(ISNUMBER(SEARCH("SAP_ALL",G10)),"SAP_ALL on RFC user: sensitive (W06)","OK")))
C11: =IFERROR(INDEX(Interface_Register!$B$5:$B$204,MATCH(B11,Interface_Register!$A$5:$A$204,0)),"") | I11: =IF(A11="","",IF(F11="Dialog","Dialog user on RFC: sensitive (W06)",IF(ISNUMBER(SEARCH("SAP_ALL",G11)),"SAP_ALL on RFC user: sensitive (W06)","OK")))
C12: =IFERROR(INDEX(Interface_Register!$B$5:$B$204,MATCH(B12,Interface_Register!$A$5:$A$204,0)),"") | I12: =IF(A12="","",IF(F12="Dialog","Dialog user on RFC: sensitive (W06)",IF(ISNUMBER(SEARCH("SAP_ALL",G12)),"SAP_ALL on RFC user: sensitive (W06)","OK")))
C13: =IFERROR(INDEX(Interface_Register!$B$5:$B$204,MATCH(B13,Interface_Register!$A$5:$A$204,0)),"") | I13: =IF(A13="","",IF(F13="Dialog","Dialog user on RFC: sensitive (W06)",IF(ISNUMBER(SEARCH("SAP_ALL",G13)),"SAP_ALL on RFC user: sensitive (W06)","OK")))
C14: =IFERROR(INDEX(Interface_Register!$B$5:$B$204,MATCH(B14,Interface_Register!$A$5:$A$204,0)),"") | I14: =IF(A14="","",IF(F14="Dialog","Dialog user on RFC: sensitive (W06)",IF(ISNUMBER(SEARCH("SAP_ALL",G14)),"SAP_ALL on RFC user: sensitive (W06)","OK")))
C15: =IFERROR(INDEX(Interface_Register!$B$5:$B$204,MATCH(B15,Interface_Register!$A$5:$A$204,0)),"") | I15: =IF(A15="","",IF(F15="Dialog","Dialog user on RFC: sensitive (W06)",IF(ISNUMBER(SEARCH("SAP_ALL",G15)),"SAP_ALL on RFC user: sensitive (W06)","OK")))
C16: =IFERROR(INDEX(Interface_Register!$B$5:$B$204,MATCH(B16,Interface_Register!$A$5:$A$204,0)),"") | I16: =IF(A16="","",IF(F16="Dialog","Dialog user on RFC: sensitive (W06)",IF(ISNUMBER(SEARCH("SAP_ALL",G16)),"SAP_ALL on RFC user: sensitive (W06)","OK")))
C17: =IFERROR(INDEX(Interface_Register!$B$5:$B$204,MATCH(B17,Interface_Register!$A$5:$A$204,0)),"") | I17: =IF(A17="","",IF(F17="Dialog","Dialog user on RFC: sensitive (W06)",IF(ISNUMBER(SEARCH("SAP_ALL",G17)),"SAP_ALL on RFC user: sensitive (W06)","OK")))
... C204: =IFERROR(INDEX(Interface_Register!$B$5:$B$204,MATCH(B204,Interface_Register!$A$5:$A$204,0)),"") | I204: =IF(A204="","",IF(F204="Dialog","Dialog user on RFC: sensitive (W06)",IF(ISNUMBER(SEARCH("SAP_ALL",G204)),"SAP_ALL on RFC user: sensitive (W06)","OK")))

Sheet Data_Flow_Map
A1: W02 — Data Flow Map
A2: Source to target view per process, used to prove nothing is missed.
A4: Flow ID | B4: BP-ID | C4: Flow description | D4: Source | E4: Target | F4: INT-ID | G4: Coverage | H4: Note
A5: FL-01 | B5: BP-P2P-03 | C5: Payment instructions sent to bank after F110 | D5: SYS-03 | E5: Bank | F5: INT-05 | G5: =IF(A5="","",IF(F5="","No interface recorded",IF(F5="N/A","OK (in-system)",IF(COUNTIF(Interface_Register!$A$5:$A$204,F5)=0,"INT-ID not in register","OK")))) -> OK
G6: =IF(A6="","",IF(F6="","No interface recorded",IF(F6="N/A","OK (in-system)",IF(COUNTIF(Interface_Register!$A$5:$A$204,F6)=0,"INT-ID not in register","OK"))))
G7: =IF(A7="","",IF(F7="","No interface recorded",IF(F7="N/A","OK (in-system)",IF(COUNTIF(Interface_Register!$A$5:$A$204,F7)=0,"INT-ID not in register","OK"))))
G8: =IF(A8="","",IF(F8="","No interface recorded",IF(F8="N/A","OK (in-system)",IF(COUNTIF(Interface_Register!$A$5:$A$204,F8)=0,"INT-ID not in register","OK"))))
G9: =IF(A9="","",IF(F9="","No interface recorded",IF(F9="N/A","OK (in-system)",IF(COUNTIF(Interface_Register!$A$5:$A$204,F9)=0,"INT-ID not in register","OK"))))
G10: =IF(A10="","",IF(F10="","No interface recorded",IF(F10="N/A","OK (in-system)",IF(COUNTIF(Interface_Register!$A$5:$A$204,F10)=0,"INT-ID not in register","OK"))))
G11: =IF(A11="","",IF(F11="","No interface recorded",IF(F11="N/A","OK (in-system)",IF(COUNTIF(Interface_Register!$A$5:$A$204,F11)=0,"INT-ID not in register","OK"))))
G12: =IF(A12="","",IF(F12="","No interface recorded",IF(F12="N/A","OK (in-system)",IF(COUNTIF(Interface_Register!$A$5:$A$204,F12)=0,"INT-ID not in register","OK"))))
G13: =IF(A13="","",IF(F13="","No interface recorded",IF(F13="N/A","OK (in-system)",IF(COUNTIF(Interface_Register!$A$5:$A$204,F13)=0,"INT-ID not in register","OK"))))
G14: =IF(A14="","",IF(F14="","No interface recorded",IF(F14="N/A","OK (in-system)",IF(COUNTIF(Interface_Register!$A$5:$A$204,F14)=0,"INT-ID not in register","OK"))))
G15: =IF(A15="","",IF(F15="","No interface recorded",IF(F15="N/A","OK (in-system)",IF(COUNTIF(Interface_Register!$A$5:$A$204,F15)=0,"INT-ID not in register","OK"))))
G16: =IF(A16="","",IF(F16="","No interface recorded",IF(F16="N/A","OK (in-system)",IF(COUNTIF(Interface_Register!$A$5:$A$204,F16)=0,"INT-ID not in register","OK"))))
G17: =IF(A17="","",IF(F17="","No interface recorded",IF(F17="N/A","OK (in-system)",IF(COUNTIF(Interface_Register!$A$5:$A$204,F17)=0,"INT-ID not in register","OK"))))
... G204: =IF(A204="","",IF(F204="","No interface recorded",IF(F204="N/A","OK (in-system)",IF(COUNTIF(Interface_Register!$A$5:$A$204,F204)=0,"INT-ID not in register","OK"))))

Sheet Open_Items
A1: W02 — Open Items
A2: Unresolved interface questions.
A4: Item ID | B4: Source | C4: Question / dependency | D4: Owner | E4: Raised | F4: Target date | G4: Status | H4: Resolution
A5: OI-01 | B5: INT-02 | C5: Is payroll posted to FI through an interface? HR process not confirmed. | D5: HR Manager | G5: Open

Sheet Ref_SYS
A1: Paste SYS-IDs from W01 System_Inventory (values only, column A)
A2: SYS-01
A3: SYS-02
A4: SYS-03
A5: SYS-04
A6: SYS-05
A7: SYS-06

Sheet Lists
A1: Dir | B1: Tech | C1: Mon | D1: YN | E1: YNT | F1: UType | G1: OpenStatus
A2: Inbound | B2: IDoc | C2: WE02/WE05 | D2: Y | E2: Y | F2: Dialog | G2: Open
A3: Outbound | B3: RFC | C3: BD87 | D3: N | E3: N | F3: System | G3: In progress
A4: Bidirectional | B4: BAPI | C4: SM58 | E4: TBC | F4: Communication | G4: Closed
B5: OData | C5: SXMB_MONI | F5: Service
B6: SFTP file | C6: CPI monitor
B7: PI-PO | C7: Email alert
B8: CPI | C8: Other documented
B9: Manual upload (LSMW/LTMC) | C9: None
B10: Other | C10: TBC

Sheet Checks
A1: W02 — Completion checks
A2: All checks are formulas. A workbook passes its gate when every status reads PASS (INFO rows are counts for your information).
A3: Overall | B3: =IF(COUNTIF(C6:C13,"REVIEW")=0,"ALL CHECKS PASS","REVIEW ITEMS: "&COUNTIF(C6:C13,"REVIEW")) -> ALL CHECKS PASS
A5: Check | B5: Count | C5: Status | D5: What to do if REVIEW
A6: Interfaces listed | B6: =COUNTA(Interface_Register!A5:A204) -> 1 | C6: INFO | D6: —
A7: Duplicate INT-IDs | B7: =SUMPRODUCT((Interface_Register!A5:A204<>"")*(COUNTIF(Interface_Register!A5:A204,Interface_Register!A5:A204)>1)) -> 0 | C7: =IF(B7=0,"PASS","REVIEW") -> PASS | D7: Keys must be unique.
A8: Register rows needing attention | B8: =SUMPRODUCT((Interface_Register!S5:S204<>"")*(Interface_Register!S5:S204<>"OK")*(LEFT(Interface_Register!S5:S204,2)<>"OK")) -> 0 | C8: =IF(B8=0,"PASS","REVIEW") -> PASS | D8: Read the Row check column.
A9: Financially relevant interfaces with weak or unknown monitoring/reconciliation | B9: =COUNTIF(Interface_Register!R5:R204,"Carry*") -> 1 | C9: INFO | D9: Each becomes a risk in W04 (e.g. unmonitored payment file).
A10: Financially relevant interfaces with no BP-ID yet | B10: =SUMPRODUCT((Interface_Register!J5:J204="Y")*(Interface_Register!H5:H204="")) -> 0 | C10: INFO | D10: Back-fill BP-IDs once W03 is built.
A11: RFC / service users flagged as sensitive | B11: =SUMPRODUCT((RFC_Service_Users!I5:I204<>"")*(RFC_Service_Users!I5:I204<>"OK")) -> 0 | C11: INFO | D11: Add to the W06 Sensitive_Access list.
A12: Data flows with no covering interface | B12: =SUMPRODUCT((Data_Flow_Map!G5:G204<>"")*(LEFT(Data_Flow_Map!G5:G204,2)<>"OK")) -> 0 | C12: =IF(B12=0,"PASS","REVIEW") -> PASS | D12: Add the interface to the register or mark N/A.
A13: Outbound interfaces recorded (payment files, etc.) | B13: =COUNTIF(Interface_Register!E5:E204,"Outbound") -> 1 | C13: =IF(B13>0,"PASS","REVIEW") -> PASS | D13: Do not skip outbound files: the payment file is a top fraud risk.
