Workbook

Sheet Instructions
A1: TIB SYSTEMS LLC | SAP Controls Project Foundation Workbook Set
A2: W04 — Risk Register
A4: Purpose
A5: States, for each in-scope process and technical area, what could go wrong, who owns the risk and how significant it is. A risk is an exposure, never a finding: nothing here says a control has failed.
A7: How to use this workbook
A8: 1. Paste the BP-IDs from W03 (BP_Index tab, values only) into the Ref_BP tab.
A9: 2. Start from the TIB risk library or the client RCM; tailor to each process and technical area.
A10: 3. Write each risk with the formula: There is a risk that … because … resulting in …
A11: 4. Assign category, assertions, owner and likelihood/impact. Mark SOX-relevant risks.
A12: 5. Agree owners with the business and read the Checks tab.
A14: Colour legend
A15: Yellow cells with blue text = you enter data here. Grey cells = formulas (do not overwrite). Row 5 of each register is a worked ABC Manufacturing example: overwrite it with your first record.
... A26: Column dictionary
A27: Tab | B27: Field | C27: Definition | D27: Allowed values / rule | E27: Type
A28: Risk_Register | B28: RISK-ID | C28: Unique key | D28: R-<process>-nnn | E28: Input
A29: Risk_Register | B29: BP-ID | C29: Process or technical area the risk belongs to | D29: Must exist in W03 (Ref_BP) | E29: Input
A30: Risk_Register | B30: SYS-ID / INT-ID | C30: System or interface where the risk arises | D30: Keys from W01 / W02 | E30: Input
A31: Risk_Register | B31: Risk category | C31: Type of risk; guides control category in W05 | D31: Dropdown | E31: Input
A32: Risk_Register | B32: Risk statement | C32: What could go wrong | D32: "There is a risk that … because … resulting in …"; never a finding | E32: Input
A33: Risk_Register | B33: Assertion(s) | C33: Financial statement assertions affected | D33: Occurrence, Completeness, Accuracy, Cut-off, Valuation, Existence, Rights & obligations, Presentation | E33: Input
A34: Risk_Register | B34: Risk owner | C34: Accountable for the outcome | D34: Name / role; TBC allowed | E34: Input
A35: Risk_Register | B35: Inherent likelihood | C35: Before controls | D35: 1 Low / 2 Medium / 3 High | E35: Input
A36: Risk_Register | B36: Inherent impact | C36: Before controls | D36: 1 Low / 2 Medium / 3 High | E36: Input
A37: Risk_Register | B37: Inherent rating | C37: Likelihood × impact | D37: Formula; 1–9 | E37: Formula
A38: Risk_Register | B38: Rating band | C38: High ≥ 6, Medium 3–5, Low < 3 | D38: Formula | E38: Formula
... A43: Risk_Register | B43: Row check | C43: Automatic completeness test | D43: Formula | E43: Formula
A45: Version history
A46: 0.1 — October 2026 — initial template (TIB Systems LLC)
A47: Cross-workbook links: keys from other workbooks are pasted as values into the Ref_ tabs, so this file works on its own and never breaks when files are moved.

Sheet Risk_Register
A1: W04 — Risk Register
A2: One row per risk. Row 5 is a worked example (R-P2P-001). Overwrite it.
A4: RISK-ID | B4: BP-ID | C4: SYS-ID / INT-ID | D4: Risk category | E4: Risk statement | F4: Assertion(s) | G4: Risk owner | H4: Inherent likelihood | I4: Inherent impact | J4: Inherent rating | K4: Rating band | L4: SOX relevant? | M4: Risk source | N4: Status | O4: Notes | P4: Row check
A5: R-P2P-001 | B5: BP-P2P-01 | C5: SYS-03 | D5: SoD | E5: There is a risk that a fictitious vendor is created and paid because one user can both maintain vendor master data and execute the payment run, resulting in fraudulent payments and overstated expenses. | F5: Occurrence | G5: Head of AP | H5: 3 | I5: 3 | J5: =IF(OR(H5="",I5=""),"",H5*I5) -> 9 | K5: =IF(J5="","",IF(J5>=6,"High",IF(J5>=3,"Medium","Low"))) -> High | L5: Y | M5: Client RCM | N5: Agreed with owner | P5: =IF(A5="","",IF(OR(B5="",E5="",D5=""),"BP-ID, category, statement needed",IF(COUNTIF(Ref_BP!$A$2:$A$101,B5)=0,"BP-ID not in W03",IF(ISERROR(SEARCH("There is a risk that",E5)),"Use the risk statement formula",IF(AND(L5="Y",F5=""),"Assertion needed for SOX risk",IF(AND(L5="Y",G5=""),"Risk owner or TBC needed","OK")))))) -> OK
J6: =IF(OR(H6="",I6=""),"",H6*I6) | K6: =IF(J6="","",IF(J6>=6,"High",IF(J6>=3,"Medium","Low"))) | P6: =IF(A6="","",IF(OR(B6="",E6="",D6=""),"BP-ID, category, statement needed",IF(COUNTIF(Ref_BP!$A$2:$A$101,B6)=0,"BP-ID not in W03",IF(ISERROR(SEARCH("There is a risk that",E6)),"Use the risk statement formula",IF(AND(L6="Y",F6=""),"Assertion needed for SOX risk",IF(AND(L6="Y",G6=""),"Risk owner or TBC needed","OK"))))))
J7: =IF(OR(H7="",I7=""),"",H7*I7) | K7: =IF(J7="","",IF(J7>=6,"High",IF(J7>=3,"Medium","Low"))) | P7: =IF(A7="","",IF(OR(B7="",E7="",D7=""),"BP-ID, category, statement needed",IF(COUNTIF(Ref_BP!$A$2:$A$101,B7)=0,"BP-ID not in W03",IF(ISERROR(SEARCH("There is a risk that",E7)),"Use the risk statement formula",IF(AND(L7="Y",F7=""),"Assertion needed for SOX risk",IF(AND(L7="Y",G7=""),"Risk owner or TBC needed","OK"))))))
J8: =IF(OR(H8="",I8=""),"",H8*I8) | K8: =IF(J8="","",IF(J8>=6,"High",IF(J8>=3,"Medium","Low"))) | P8: =IF(A8="","",IF(OR(B8="",E8="",D8=""),"BP-ID, category, statement needed",IF(COUNTIF(Ref_BP!$A$2:$A$101,B8)=0,"BP-ID not in W03",IF(ISERROR(SEARCH("There is a risk that",E8)),"Use the risk statement formula",IF(AND(L8="Y",F8=""),"Assertion needed for SOX risk",IF(AND(L8="Y",G8=""),"Risk owner or TBC needed","OK"))))))
J9: =IF(OR(H9="",I9=""),"",H9*I9) | K9: =IF(J9="","",IF(J9>=6,"High",IF(J9>=3,"Medium","Low"))) | P9: =IF(A9="","",IF(OR(B9="",E9="",D9=""),"BP-ID, category, statement needed",IF(COUNTIF(Ref_BP!$A$2:$A$101,B9)=0,"BP-ID not in W03",IF(ISERROR(SEARCH("There is a risk that",E9)),"Use the risk statement formula",IF(AND(L9="Y",F9=""),"Assertion needed for SOX risk",IF(AND(L9="Y",G9=""),"Risk owner or TBC needed","OK"))))))
J10: =IF(OR(H10="",I10=""),"",H10*I10) | K10: =IF(J10="","",IF(J10>=6,"High",IF(J10>=3,"Medium","Low"))) | P10: =IF(A10="","",IF(OR(B10="",E10="",D10=""),"BP-ID, category, statement needed",IF(COUNTIF(Ref_BP!$A$2:$A$101,B10)=0,"BP-ID not in W03",IF(ISERROR(SEARCH("There is a risk that",E10)),"Use the risk statement formula",IF(AND(L10="Y",F10=""),"Assertion needed for SOX risk",IF(AND(L10="Y",G10=""),"Risk owner or TBC needed","OK"))))))
J11: =IF(OR(H11="",I11=""),"",H11*I11) | K11: =IF(J11="","",IF(J11>=6,"High",IF(J11>=3,"Medium","Low"))) | P11: =IF(A11="","",IF(OR(B11="",E11="",D11=""),"BP-ID, category, statement needed",IF(COUNTIF(Ref_BP!$A$2:$A$101,B11)=0,"BP-ID not in W03",IF(ISERROR(SEARCH("There is a risk that",E11)),"Use the risk statement formula",IF(AND(L11="Y",F11=""),"Assertion needed for SOX risk",IF(AND(L11="Y",G11=""),"Risk owner or TBC needed","OK"))))))
J12: =IF(OR(H12="",I12=""),"",H12*I12) | K12: =IF(J12="","",IF(J12>=6,"High",IF(J12>=3,"Medium","Low"))) | P12: =IF(A12="","",IF(OR(B12="",E12="",D12=""),"BP-ID, category, statement needed",IF(COUNTIF(Ref_BP!$A$2:$A$101,B12)=0,"BP-ID not in W03",IF(ISERROR(SEARCH("There is a risk that",E12)),"Use the risk statement formula",IF(AND(L12="Y",F12=""),"Assertion needed for SOX risk",IF(AND(L12="Y",G12=""),"Risk owner or TBC needed","OK"))))))
J13: =IF(OR(H13="",I13=""),"",H13*I13) | K13: =IF(J13="","",IF(J13>=6,"High",IF(J13>=3,"Medium","Low"))) | P13: =IF(A13="","",IF(OR(B13="",E13="",D13=""),"BP-ID, category, statement needed",IF(COUNTIF(Ref_BP!$A$2:$A$101,B13)=0,"BP-ID not in W03",IF(ISERROR(SEARCH("There is a risk that",E13)),"Use the risk statement formula",IF(AND(L13="Y",F13=""),"Assertion needed for SOX risk",IF(AND(L13="Y",G13=""),"Risk owner or TBC needed","OK"))))))
J14: =IF(OR(H14="",I14=""),"",H14*I14) | K14: =IF(J14="","",IF(J14>=6,"High",IF(J14>=3,"Medium","Low"))) | P14: =IF(A14="","",IF(OR(B14="",E14="",D14=""),"BP-ID, category, statement needed",IF(COUNTIF(Ref_BP!$A$2:$A$101,B14)=0,"BP-ID not in W03",IF(ISERROR(SEARCH("There is a risk that",E14)),"Use the risk statement formula",IF(AND(L14="Y",F14=""),"Assertion needed for SOX risk",IF(AND(L14="Y",G14=""),"Risk owner or TBC needed","OK"))))))
J15: =IF(OR(H15="",I15=""),"",H15*I15) | K15: =IF(J15="","",IF(J15>=6,"High",IF(J15>=3,"Medium","Low"))) | P15: =IF(A15="","",IF(OR(B15="",E15="",D15=""),"BP-ID, category, statement needed",IF(COUNTIF(Ref_BP!$A$2:$A$101,B15)=0,"BP-ID not in W03",IF(ISERROR(SEARCH("There is a risk that",E15)),"Use the risk statement formula",IF(AND(L15="Y",F15=""),"Assertion needed for SOX risk",IF(AND(L15="Y",G15=""),"Risk owner or TBC needed","OK"))))))
J16: =IF(OR(H16="",I16=""),"",H16*I16) | K16: =IF(J16="","",IF(J16>=6,"High",IF(J16>=3,"Medium","Low"))) | P16: =IF(A16="","",IF(OR(B16="",E16="",D16=""),"BP-ID, category, statement needed",IF(COUNTIF(Ref_BP!$A$2:$A$101,B16)=0,"BP-ID not in W03",IF(ISERROR(SEARCH("There is a risk that",E16)),"Use the risk statement formula",IF(AND(L16="Y",F16=""),"Assertion needed for SOX risk",IF(AND(L16="Y",G16=""),"Risk owner or TBC needed","OK"))))))
J17: =IF(OR(H17="",I17=""),"",H17*I17) | K17: =IF(J17="","",IF(J17>=6,"High",IF(J17>=3,"Medium","Low"))) | P17: =IF(A17="","",IF(OR(B17="",E17="",D17=""),"BP-ID, category, statement needed",IF(COUNTIF(Ref_BP!$A$2:$A$101,B17)=0,"BP-ID not in W03",IF(ISERROR(SEARCH("There is a risk that",E17)),"Use the risk statement formula",IF(AND(L17="Y",F17=""),"Assertion needed for SOX risk",IF(AND(L17="Y",G17=""),"Risk owner or TBC needed","OK"))))))
... J204: =IF(OR(H204="",I204=""),"",H204*I204) | K204: =IF(J204="","",IF(J204>=6,"High",IF(J204>=3,"Medium","Low"))) | P204: =IF(A204="","",IF(OR(B204="",E204="",D204=""),"BP-ID, category, statement needed",IF(COUNTIF(Ref_BP!$A$2:$A$101,B204)=0,"BP-ID not in W03",IF(ISERROR(SEARCH("There is a risk that",E204)),"Use the risk statement formula",IF(AND(L204="Y",F204=""),"Assertion needed for SOX risk",IF(AND(L204="Y",G204=""),"Risk owner or TBC needed","OK"))))))

Sheet Coverage_By_BP
A1: Coverage by BP-ID
A2: Every in-scope BP-ID (Ref_BP) must have at least one risk. All cells are formulas.
A4: BP-ID | B4: Risks | C4: High-band risks | D4: SOX-relevant risks | E4: Status
A5: =IF(Ref_BP!A2="","",Ref_BP!A2) -> BP-R2R-01 | B5: =IF(A5="","",COUNTIF(Risk_Register!$B$5:$B$204,A5)) -> 0 | C5: =IF(A5="","",COUNTIFS(Risk_Register!$B$5:$B$204,A5,Risk_Register!$K$5:$K$204,"High")) -> 0 | D5: =IF(A5="","",COUNTIFS(Risk_Register!$B$5:$B$204,A5,Risk_Register!$L$5:$L$204,"Y")) -> 0 | E5: =IF(A5="","",IF(B5=0,"NO RISK: add a risk","OK")) -> NO RISK: add a risk
A6: =IF(Ref_BP!A3="","",Ref_BP!A3) -> BP-R2R-02 | B6: =IF(A6="","",COUNTIF(Risk_Register!$B$5:$B$204,A6)) -> 0 | C6: =IF(A6="","",COUNTIFS(Risk_Register!$B$5:$B$204,A6,Risk_Register!$K$5:$K$204,"High")) -> 0 | D6: =IF(A6="","",COUNTIFS(Risk_Register!$B$5:$B$204,A6,Risk_Register!$L$5:$L$204,"Y")) -> 0 | E6: =IF(A6="","",IF(B6=0,"NO RISK: add a risk","OK")) -> NO RISK: add a risk
A7: =IF(Ref_BP!A4="","",Ref_BP!A4) -> BP-P2P-01 | B7: =IF(A7="","",COUNTIF(Risk_Register!$B$5:$B$204,A7)) -> 1 | C7: =IF(A7="","",COUNTIFS(Risk_Register!$B$5:$B$204,A7,Risk_Register!$K$5:$K$204,"High")) -> 1 | D7: =IF(A7="","",COUNTIFS(Risk_Register!$B$5:$B$204,A7,Risk_Register!$L$5:$L$204,"Y")) -> 1 | E7: =IF(A7="","",IF(B7=0,"NO RISK: add a risk","OK")) -> OK
A8: =IF(Ref_BP!A5="","",Ref_BP!A5) -> BP-P2P-02 | B8: =IF(A8="","",COUNTIF(Risk_Register!$B$5:$B$204,A8)) -> 0 | C8: =IF(A8="","",COUNTIFS(Risk_Register!$B$5:$B$204,A8,Risk_Register!$K$5:$K$204,"High")) -> 0 | D8: =IF(A8="","",COUNTIFS(Risk_Register!$B$5:$B$204,A8,Risk_Register!$L$5:$L$204,"Y")) -> 0 | E8: =IF(A8="","",IF(B8=0,"NO RISK: add a risk","OK")) -> NO RISK: add a risk
A9: =IF(Ref_BP!A6="","",Ref_BP!A6) -> BP-P2P-03 | B9: =IF(A9="","",COUNTIF(Risk_Register!$B$5:$B$204,A9)) -> 0 | C9: =IF(A9="","",COUNTIFS(Risk_Register!$B$5:$B$204,A9,Risk_Register!$K$5:$K$204,"High")) -> 0 | D9: =IF(A9="","",COUNTIFS(Risk_Register!$B$5:$B$204,A9,Risk_Register!$L$5:$L$204,"Y")) -> 0 | E9: =IF(A9="","",IF(B9=0,"NO RISK: add a risk","OK")) -> NO RISK: add a risk
A10: =IF(Ref_BP!A7="","",Ref_BP!A7) -> BP-INV-01 | B10: =IF(A10="","",COUNTIF(Risk_Register!$B$5:$B$204,A10)) -> 0 | C10: =IF(A10="","",COUNTIFS(Risk_Register!$B$5:$B$204,A10,Risk_Register!$K$5:$K$204,"High")) -> 0 | D10: =IF(A10="","",COUNTIFS(Risk_Register!$B$5:$B$204,A10,Risk_Register!$L$5:$L$204,"Y")) -> 0 | E10: =IF(A10="","",IF(B10=0,"NO RISK: add a risk","OK")) -> NO RISK: add a risk
A11: =IF(Ref_BP!A8="","",Ref_BP!A8) -> BP-O2C-01 | B11: =IF(A11="","",COUNTIF(Risk_Register!$B$5:$B$204,A11)) -> 0 | C11: =IF(A11="","",COUNTIFS(Risk_Register!$B$5:$B$204,A11,Risk_Register!$K$5:$K$204,"High")) -> 0 | D11: =IF(A11="","",COUNTIFS(Risk_Register!$B$5:$B$204,A11,Risk_Register!$L$5:$L$204,"Y")) -> 0 | E11: =IF(A11="","",IF(B11=0,"NO RISK: add a risk","OK")) -> NO RISK: add a risk
A12: =IF(Ref_BP!A9="","",Ref_BP!A9) -> BP-O2C-02 | B12: =IF(A12="","",COUNTIF(Risk_Register!$B$5:$B$204,A12)) -> 0 | C12: =IF(A12="","",COUNTIFS(Risk_Register!$B$5:$B$204,A12,Risk_Register!$K$5:$K$204,"High")) -> 0 | D12: =IF(A12="","",COUNTIFS(Risk_Register!$B$5:$B$204,A12,Risk_Register!$L$5:$L$204,"Y")) -> 0 | E12: =IF(A12="","",IF(B12=0,"NO RISK: add a risk","OK")) -> NO RISK: add a risk
A13: =IF(Ref_BP!A10="","",Ref_BP!A10) -> BP-H2R-01 | B13: =IF(A13="","",COUNTIF(Risk_Register!$B$5:$B$204,A13)) -> 0 | C13: =IF(A13="","",COUNTIFS(Risk_Register!$B$5:$B$204,A13,Risk_Register!$K$5:$K$204,"High")) -> 0 | D13: =IF(A13="","",COUNTIFS(Risk_Register!$B$5:$B$204,A13,Risk_Register!$L$5:$L$204,"Y")) -> 0 | E13: =IF(A13="","",IF(B13=0,"NO RISK: add a risk","OK")) -> NO RISK: add a risk
A14: =IF(Ref_BP!A11="","",Ref_BP!A11) -> BP-TECH-01 | B14: =IF(A14="","",COUNTIF(Risk_Register!$B$5:$B$204,A14)) -> 0 | C14: =IF(A14="","",COUNTIFS(Risk_Register!$B$5:$B$204,A14,Risk_Register!$K$5:$K$204,"High")) -> 0 | D14: =IF(A14="","",COUNTIFS(Risk_Register!$B$5:$B$204,A14,Risk_Register!$L$5:$L$204,"Y")) -> 0 | E14: =IF(A14="","",IF(B14=0,"NO RISK: add a risk","OK")) -> NO RISK: add a risk
A15: =IF(Ref_BP!A12="","",Ref_BP!A12) -> BP-TECH-02 | B15: =IF(A15="","",COUNTIF(Risk_Register!$B$5:$B$204,A15)) -> 0 | C15: =IF(A15="","",COUNTIFS(Risk_Register!$B$5:$B$204,A15,Risk_Register!$K$5:$K$204,"High")) -> 0 | D15: =IF(A15="","",COUNTIFS(Risk_Register!$B$5:$B$204,A15,Risk_Register!$L$5:$L$204,"Y")) -> 0 | E15: =IF(A15="","",IF(B15=0,"NO RISK: add a risk","OK")) -> NO RISK: add a risk
A16: =IF(Ref_BP!A13="","",Ref_BP!A13) -> BP-TECH-03 | B16: =IF(A16="","",COUNTIF(Risk_Register!$B$5:$B$204,A16)) -> 0 | C16: =IF(A16="","",COUNTIFS(Risk_Register!$B$5:$B$204,A16,Risk_Register!$K$5:$K$204,"High")) -> 0 | D16: =IF(A16="","",COUNTIFS(Risk_Register!$B$5:$B$204,A16,Risk_Register!$L$5:$L$204,"Y")) -> 0 | E16: =IF(A16="","",IF(B16=0,"NO RISK: add a risk","OK")) -> NO RISK: add a risk
... A104: =IF(Ref_BP!A101="","",Ref_BP!A101) | B104: =IF(A104="","",COUNTIF(Risk_Register!$B$5:$B$204,A104)) | C104: =IF(A104="","",COUNTIFS(Risk_Register!$B$5:$B$204,A104,Risk_Register!$K$5:$K$204,"High")) | D104: =IF(A104="","",COUNTIFS(Risk_Register!$B$5:$B$204,A104,Risk_Register!$L$5:$L$204,"Y")) | E104: =IF(A104="","",IF(B104=0,"NO RISK: add a risk","OK"))

Sheet Ref_BP
A1: Paste BP-IDs from W03 (values only, column A)
A2: BP-R2R-01
A3: BP-R2R-02
A4: BP-P2P-01
A5: BP-P2P-02
A6: BP-P2P-03
A7: BP-INV-01
A8: BP-O2C-01
A9: BP-O2C-02
A10: BP-H2R-01
A11: BP-TECH-01
A12: BP-TECH-02
A13: BP-TECH-03

Sheet Lists
A1: Cat | B1: L3 | C1: YN | D1: Src | E1: RStat
A2: ITGC-APD | B2: 1 | C2: Y | D2: Client RCM | E2: Draft
A3: ITGC-PC | B3: 2 | C3: N | D3: TIB risk library | E3: Agreed with owner
A4: ITGC-CO | B4: 3 | D4: Walkthrough | E4: Dependency open
A5: ITGC-PD | D5: Prior-year audit issue
A6: ITAC | D6: W01–W03 gap
A7: SoD
A8: Business process
A9: IPE
A10: Interface

Sheet Checks
A1: W04 — Completion checks
A2: All checks are formulas. A workbook passes its gate when every status reads PASS (INFO rows are counts for your information).
A3: Overall | B3: =IF(COUNTIF(C6:C13,"REVIEW")=0,"ALL CHECKS PASS","REVIEW ITEMS: "&COUNTIF(C6:C13,"REVIEW")) -> REVIEW ITEMS: 2
A5: Check | B5: Count | C5: Status | D5: What to do if REVIEW
A6: Risks recorded | B6: =COUNTA(Risk_Register!A5:A204) -> 1 | C6: INFO | D6: —
A7: Duplicate RISK-IDs | B7: =SUMPRODUCT((Risk_Register!A5:A204<>"")*(COUNTIF(Risk_Register!A5:A204,Risk_Register!A5:A204)>1)) -> 0 | C7: =IF(B7=0,"PASS","REVIEW") -> PASS | D7: Keys must be unique.
A8: Register rows needing attention | B8: =SUMPRODUCT((Risk_Register!P5:P204<>"")*(Risk_Register!P5:P204<>"OK")*(LEFT(Risk_Register!P5:P204,2)<>"OK")) -> 0 | C8: =IF(B8=0,"PASS","REVIEW") -> PASS | D8: Read the Row check column.
A9: In-scope BP-IDs with no risk | B9: =COUNTIF(Coverage_By_BP!E5:E104,"NO RISK*") -> 11 | C9: =IF(B9=0,"PASS","REVIEW") -> REVIEW | D9: Walk through the process with its owner and add risks.
A10: SOX-relevant risks | B10: =COUNTIF(Risk_Register!L5:L204,"Y") -> 1 | C10: INFO | D10: Each needs at least one key control in W05.
A11: High-band risks | B11: =COUNTIF(Risk_Register!K5:K204,"High") -> 1 | C11: INFO | D11: Prioritise in the test plan.
A12: Risks not yet agreed with owner | B12: =SUMPRODUCT((Risk_Register!A5:A204<>"")*(Risk_Register!N5:N204<>"Agreed with owner")) -> 0 | C12: INFO | D12: Agree owner and rating (gate G3).
A13: Technical-area risks recorded (BP-TECH) | B13: =COUNTIF(Risk_Register!B5:B204,"BP-TECH*") -> 0 | C13: =IF(B13>0,"PASS","REVIEW") -> REVIEW | D13: ITGC risks must exist for access, change and operations.
