Workbook

Sheet Instructions
A1: TIB SYSTEMS LLC | SAP Controls Project Foundation Workbook Set
A2: W05 — Risk & Control Matrix (RCM)
A4: Purpose
A5: The centre of the foundation. Defines the specific control that answers each risk, classifies it, names its owner, and records the SAP mechanism, expected evidence and test approach. Everything in the Test phase (W10 to W12) is generated from RCM rows.
A7: How to use this workbook
A8: 1. Paste RISK-IDs and SOX flags from W04 into the Ref_RISK tab.
A9: 2. For each risk, record what actually prevents or detects it. Write each control in the five-part form in Control_Register.
A10: 3. Link controls to risks in Risk_Control_Map (one row per pair; the register is many-to-many).
A11: 4. For every ITAC, IPE and ITDM control, list the ITGCs it relies on in ITGC_Dependency.
A12: 5. Read Coverage_Check: any SOX risk without a key control is a design gap.
A14: Colour legend
A15: Yellow cells with blue text = you enter data here. Grey cells = formulas (do not overwrite). Row 5 of each register is a worked ABC Manufacturing example: overwrite it with your first record.
... A26: Column dictionary
A27: Tab | B27: Field | C27: Definition | D27: Allowed values / rule | E27: Type
A28: Control_Register | B28: CTRL-ID | C28: Unique key | D28: C-<category>-nnn, e.g. C-ITGC-AC-002, C-ITAC-004 | E28: Input
A29: Control_Register | B29: Control title | C29: Short name | D29: e.g. Timely removal of leavers | E29: Input
A30: Control_Register | B30: Control description | C30: Who does what, when, how, with what evidence | D30: Five-part description: who / what / when / how / evidence | E30: Input
A31: Control_Register | B31: Control area | C31: Grouping | D31: From Control_Areas tab | E31: Input
A32: Control_Register | B32: Control category | C32: Classification | D32: One value only | E32: Input
A33: Control_Register | B33: Type | C33: When it acts | D33: Preventive / Detective | E33: Input
A34: Control_Register | B34: Nature | C34: How it operates | D34: Must agree with category; ITAC = Automated | E34: Input
A35: Control_Register | B35: Frequency | C35: How often it operates; drives sample size in W10 | D35: Dropdown | E35: Input
A36: Control_Register | B36: Key control? | C36: Relied on to address a SOX risk | D36: Y / N | E36: Input
A37: Control_Register | B37: SOX in scope? | C37: Requires formal TOD and TOE | D37: Y if key control for a SOX-relevant risk | E37: Input
A38: Control_Register | B38: Control owner | C38: Person or role performing the control | D38: Name / role; carried into W07 | E38: Input
... A64: ITGC_Dependency | B64: Check | C64: Automatic completeness test | D64: Formula | E64: Formula
A66: Version history
A67: 0.1 — October 2026 — initial template (TIB Systems LLC)
A68: Cross-workbook links: keys from other workbooks are pasted as values into the Ref_ tabs, so this file works on its own and never breaks when files are moved.

Sheet Control_Register
A1: W05 — Control Register
A2: One row per control. Row 5 is a worked example (C-ITAC-004). Overwrite it.
A4: CTRL-ID | B4: Control title | C4: Control description | D4: Control area | E4: Control category | F4: Type | G4: Nature | H4: Frequency | I4: Key control? | J4: SOX in scope? | K4: Control owner | L4: SYS-ID | M4: SAP mechanism | N4: Dependent ITGCs | O4: IPE used | P4: Expected evidence | Q4: Test approach | R4: Planned session | S4: Risks mapped | T4: Row check
A5: C-ITAC-004 | B5: Three-way match blocks out-of-tolerance invoices | C5: The system (who) automatically blocks payment of any vendor invoice outside the OMR6 tolerance limits (what) on every invoice posting (when), comparing PO, goods receipt and invoice quantity and price (how). Evidence is the OMR6 configuration and blocked-invoice records (RBKP, MRBR) (evidence). | D5: Configuration (ITAC) | E5: ITAC | F5: Preventive | G5: Automated | H5: Continuous | I5: Y | J5: Y | K5: Head of AP | L5: SYS-03 | M5: OMR6 / table T169G; MRBR | N5: C-ITGC-PC-001, C-ITGC-PC-002, C-ITGC-AC-003 | P5: OMR6 screenshot, table change log, blocked invoice sample | Q5: Inspection + Reperformance; TOD + TOE | R5: Session 32 | S5: =IF(A5="","",COUNTIF(Risk_Control_Map!$C$5:$C$204,A5)) -> 1 | T5: =IF(A5="","",IF(OR(B5="",C5="",E5="",G5="",H5="",K5=""),"Title, description, category, nature, frequency, owner needed",IF(LEN(C5)<80,"Description too short: who, what, when, how, evidence",IF(AND(E5="ITAC",G5<>"Automated"),"ITAC must be Automated",IF(AND(OR(E5="ITAC",E5="IPE",E5="ITDM"),N5=""),"Dependent ITGCs needed",IF(S5=0,"No risk mapped (Risk_Control_Map)",IF(AND(I5="Y",J5<>"Y"),"Key control should be SOX in scope","OK"))))))) -> OK
S6: =IF(A6="","",COUNTIF(Risk_Control_Map!$C$5:$C$204,A6)) | T6: =IF(A6="","",IF(OR(B6="",C6="",E6="",G6="",H6="",K6=""),"Title, description, category, nature, frequency, owner needed",IF(LEN(C6)<80,"Description too short: who, what, when, how, evidence",IF(AND(E6="ITAC",G6<>"Automated"),"ITAC must be Automated",IF(AND(OR(E6="ITAC",E6="IPE",E6="ITDM"),N6=""),"Dependent ITGCs needed",IF(S6=0,"No risk mapped (Risk_Control_Map)",IF(AND(I6="Y",J6<>"Y"),"Key control should be SOX in scope","OK")))))))
S7: =IF(A7="","",COUNTIF(Risk_Control_Map!$C$5:$C$204,A7)) | T7: =IF(A7="","",IF(OR(B7="",C7="",E7="",G7="",H7="",K7=""),"Title, description, category, nature, frequency, owner needed",IF(LEN(C7)<80,"Description too short: who, what, when, how, evidence",IF(AND(E7="ITAC",G7<>"Automated"),"ITAC must be Automated",IF(AND(OR(E7="ITAC",E7="IPE",E7="ITDM"),N7=""),"Dependent ITGCs needed",IF(S7=0,"No risk mapped (Risk_Control_Map)",IF(AND(I7="Y",J7<>"Y"),"Key control should be SOX in scope","OK")))))))
S8: =IF(A8="","",COUNTIF(Risk_Control_Map!$C$5:$C$204,A8)) | T8: =IF(A8="","",IF(OR(B8="",C8="",E8="",G8="",H8="",K8=""),"Title, description, category, nature, frequency, owner needed",IF(LEN(C8)<80,"Description too short: who, what, when, how, evidence",IF(AND(E8="ITAC",G8<>"Automated"),"ITAC must be Automated",IF(AND(OR(E8="ITAC",E8="IPE",E8="ITDM"),N8=""),"Dependent ITGCs needed",IF(S8=0,"No risk mapped (Risk_Control_Map)",IF(AND(I8="Y",J8<>"Y"),"Key control should be SOX in scope","OK")))))))
S9: =IF(A9="","",COUNTIF(Risk_Control_Map!$C$5:$C$204,A9)) | T9: =IF(A9="","",IF(OR(B9="",C9="",E9="",G9="",H9="",K9=""),"Title, description, category, nature, frequency, owner needed",IF(LEN(C9)<80,"Description too short: who, what, when, how, evidence",IF(AND(E9="ITAC",G9<>"Automated"),"ITAC must be Automated",IF(AND(OR(E9="ITAC",E9="IPE",E9="ITDM"),N9=""),"Dependent ITGCs needed",IF(S9=0,"No risk mapped (Risk_Control_Map)",IF(AND(I9="Y",J9<>"Y"),"Key control should be SOX in scope","OK")))))))
S10: =IF(A10="","",COUNTIF(Risk_Control_Map!$C$5:$C$204,A10)) | T10: =IF(A10="","",IF(OR(B10="",C10="",E10="",G10="",H10="",K10=""),"Title, description, category, nature, frequency, owner needed",IF(LEN(C10)<80,"Description too short: who, what, when, how, evidence",IF(AND(E10="ITAC",G10<>"Automated"),"ITAC must be Automated",IF(AND(OR(E10="ITAC",E10="IPE",E10="ITDM"),N10=""),"Dependent ITGCs needed",IF(S10=0,"No risk mapped (Risk_Control_Map)",IF(AND(I10="Y",J10<>"Y"),"Key control should be SOX in scope","OK")))))))
S11: =IF(A11="","",COUNTIF(Risk_Control_Map!$C$5:$C$204,A11)) | T11: =IF(A11="","",IF(OR(B11="",C11="",E11="",G11="",H11="",K11=""),"Title, description, category, nature, frequency, owner needed",IF(LEN(C11)<80,"Description too short: who, what, when, how, evidence",IF(AND(E11="ITAC",G11<>"Automated"),"ITAC must be Automated",IF(AND(OR(E11="ITAC",E11="IPE",E11="ITDM"),N11=""),"Dependent ITGCs needed",IF(S11=0,"No risk mapped (Risk_Control_Map)",IF(AND(I11="Y",J11<>"Y"),"Key control should be SOX in scope","OK")))))))
S12: =IF(A12="","",COUNTIF(Risk_Control_Map!$C$5:$C$204,A12)) | T12: =IF(A12="","",IF(OR(B12="",C12="",E12="",G12="",H12="",K12=""),"Title, description, category, nature, frequency, owner needed",IF(LEN(C12)<80,"Description too short: who, what, when, how, evidence",IF(AND(E12="ITAC",G12<>"Automated"),"ITAC must be Automated",IF(AND(OR(E12="ITAC",E12="IPE",E12="ITDM"),N12=""),"Dependent ITGCs needed",IF(S12=0,"No risk mapped (Risk_Control_Map)",IF(AND(I12="Y",J12<>"Y"),"Key control should be SOX in scope","OK")))))))
S13: =IF(A13="","",COUNTIF(Risk_Control_Map!$C$5:$C$204,A13)) | T13: =IF(A13="","",IF(OR(B13="",C13="",E13="",G13="",H13="",K13=""),"Title, description, category, nature, frequency, owner needed",IF(LEN(C13)<80,"Description too short: who, what, when, how, evidence",IF(AND(E13="ITAC",G13<>"Automated"),"ITAC must be Automated",IF(AND(OR(E13="ITAC",E13="IPE",E13="ITDM"),N13=""),"Dependent ITGCs needed",IF(S13=0,"No risk mapped (Risk_Control_Map)",IF(AND(I13="Y",J13<>"Y"),"Key control should be SOX in scope","OK")))))))
S14: =IF(A14="","",COUNTIF(Risk_Control_Map!$C$5:$C$204,A14)) | T14: =IF(A14="","",IF(OR(B14="",C14="",E14="",G14="",H14="",K14=""),"Title, description, category, nature, frequency, owner needed",IF(LEN(C14)<80,"Description too short: who, what, when, how, evidence",IF(AND(E14="ITAC",G14<>"Automated"),"ITAC must be Automated",IF(AND(OR(E14="ITAC",E14="IPE",E14="ITDM"),N14=""),"Dependent ITGCs needed",IF(S14=0,"No risk mapped (Risk_Control_Map)",IF(AND(I14="Y",J14<>"Y"),"Key control should be SOX in scope","OK")))))))
S15: =IF(A15="","",COUNTIF(Risk_Control_Map!$C$5:$C$204,A15)) | T15: =IF(A15="","",IF(OR(B15="",C15="",E15="",G15="",H15="",K15=""),"Title, description, category, nature, frequency, owner needed",IF(LEN(C15)<80,"Description too short: who, what, when, how, evidence",IF(AND(E15="ITAC",G15<>"Automated"),"ITAC must be Automated",IF(AND(OR(E15="ITAC",E15="IPE",E15="ITDM"),N15=""),"Dependent ITGCs needed",IF(S15=0,"No risk mapped (Risk_Control_Map)",IF(AND(I15="Y",J15<>"Y"),"Key control should be SOX in scope","OK")))))))
S16: =IF(A16="","",COUNTIF(Risk_Control_Map!$C$5:$C$204,A16)) | T16: =IF(A16="","",IF(OR(B16="",C16="",E16="",G16="",H16="",K16=""),"Title, description, category, nature, frequency, owner needed",IF(LEN(C16)<80,"Description too short: who, what, when, how, evidence",IF(AND(E16="ITAC",G16<>"Automated"),"ITAC must be Automated",IF(AND(OR(E16="ITAC",E16="IPE",E16="ITDM"),N16=""),"Dependent ITGCs needed",IF(S16=0,"No risk mapped (Risk_Control_Map)",IF(AND(I16="Y",J16<>"Y"),"Key control should be SOX in scope","OK")))))))
S17: =IF(A17="","",COUNTIF(Risk_Control_Map!$C$5:$C$204,A17)) | T17: =IF(A17="","",IF(OR(B17="",C17="",E17="",G17="",H17="",K17=""),"Title, description, category, nature, frequency, owner needed",IF(LEN(C17)<80,"Description too short: who, what, when, how, evidence",IF(AND(E17="ITAC",G17<>"Automated"),"ITAC must be Automated",IF(AND(OR(E17="ITAC",E17="IPE",E17="ITDM"),N17=""),"Dependent ITGCs needed",IF(S17=0,"No risk mapped (Risk_Control_Map)",IF(AND(I17="Y",J17<>"Y"),"Key control should be SOX in scope","OK")))))))
... S204: =IF(A204="","",COUNTIF(Risk_Control_Map!$C$5:$C$204,A204)) | T204: =IF(A204="","",IF(OR(B204="",C204="",E204="",G204="",H204="",K204=""),"Title, description, category, nature, frequency, owner needed",IF(LEN(C204)<80,"Description too short: who, what, when, how, evidence",IF(AND(E204="ITAC",G204<>"Automated"),"ITAC must be Automated",IF(AND(OR(E204="ITAC",E204="IPE",E204="ITDM"),N204=""),"Dependent ITGCs needed",IF(S204=0,"No risk mapped (Risk_Control_Map)",IF(AND(I204="Y",J204<>"Y"),"Key control should be SOX in scope","OK")))))))

Sheet Risk_Control_Map
A1: W05 — Risk to Control Map
A2: The authoritative many-to-many link between W04 risks and controls.
A4: Map ID | B4: RISK-ID | C4: CTRL-ID | D4: Coverage | E4: Rationale | F4: Risk SOX? (lookup) | G4: Key control? (lookup) | H4: Check
A5: M-01 | B5: R-P2P-002 | C5: C-ITAC-004 | D5: Full | E5: Blocks invoices outside tolerance before payment | F5: =IFERROR(INDEX(Ref_RISK!$B$2:$B$201,MATCH(B5,Ref_RISK!$A$2:$A$201,0)),"") -> Y | G5: =IFERROR(INDEX(Control_Register!$I$5:$I$204,MATCH(C5,Control_Register!$A$5:$A$204,0)),"") -> Y | H5: =IF(A5="","",IF(OR(B5="",C5="",D5=""),"Risk, control and coverage needed",IF(COUNTIF(Ref_RISK!$A$2:$A$201,B5)=0,"RISK-ID not in W04",IF(COUNTIF(Control_Register!$A$5:$A$204,C5)=0,"CTRL-ID not in register","OK")))) -> OK
F6: =IFERROR(INDEX(Ref_RISK!$B$2:$B$201,MATCH(B6,Ref_RISK!$A$2:$A$201,0)),"") | G6: =IFERROR(INDEX(Control_Register!$I$5:$I$204,MATCH(C6,Control_Register!$A$5:$A$204,0)),"") | H6: =IF(A6="","",IF(OR(B6="",C6="",D6=""),"Risk, control and coverage needed",IF(COUNTIF(Ref_RISK!$A$2:$A$201,B6)=0,"RISK-ID not in W04",IF(COUNTIF(Control_Register!$A$5:$A$204,C6)=0,"CTRL-ID not in register","OK"))))
F7: =IFERROR(INDEX(Ref_RISK!$B$2:$B$201,MATCH(B7,Ref_RISK!$A$2:$A$201,0)),"") | G7: =IFERROR(INDEX(Control_Register!$I$5:$I$204,MATCH(C7,Control_Register!$A$5:$A$204,0)),"") | H7: =IF(A7="","",IF(OR(B7="",C7="",D7=""),"Risk, control and coverage needed",IF(COUNTIF(Ref_RISK!$A$2:$A$201,B7)=0,"RISK-ID not in W04",IF(COUNTIF(Control_Register!$A$5:$A$204,C7)=0,"CTRL-ID not in register","OK"))))
F8: =IFERROR(INDEX(Ref_RISK!$B$2:$B$201,MATCH(B8,Ref_RISK!$A$2:$A$201,0)),"") | G8: =IFERROR(INDEX(Control_Register!$I$5:$I$204,MATCH(C8,Control_Register!$A$5:$A$204,0)),"") | H8: =IF(A8="","",IF(OR(B8="",C8="",D8=""),"Risk, control and coverage needed",IF(COUNTIF(Ref_RISK!$A$2:$A$201,B8)=0,"RISK-ID not in W04",IF(COUNTIF(Control_Register!$A$5:$A$204,C8)=0,"CTRL-ID not in register","OK"))))
F9: =IFERROR(INDEX(Ref_RISK!$B$2:$B$201,MATCH(B9,Ref_RISK!$A$2:$A$201,0)),"") | G9: =IFERROR(INDEX(Control_Register!$I$5:$I$204,MATCH(C9,Control_Register!$A$5:$A$204,0)),"") | H9: =IF(A9="","",IF(OR(B9="",C9="",D9=""),"Risk, control and coverage needed",IF(COUNTIF(Ref_RISK!$A$2:$A$201,B9)=0,"RISK-ID not in W04",IF(COUNTIF(Control_Register!$A$5:$A$204,C9)=0,"CTRL-ID not in register","OK"))))
F10: =IFERROR(INDEX(Ref_RISK!$B$2:$B$201,MATCH(B10,Ref_RISK!$A$2:$A$201,0)),"") | G10: =IFERROR(INDEX(Control_Register!$I$5:$I$204,MATCH(C10,Control_Register!$A$5:$A$204,0)),"") | H10: =IF(A10="","",IF(OR(B10="",C10="",D10=""),"Risk, control and coverage needed",IF(COUNTIF(Ref_RISK!$A$2:$A$201,B10)=0,"RISK-ID not in W04",IF(COUNTIF(Control_Register!$A$5:$A$204,C10)=0,"CTRL-ID not in register","OK"))))
F11: =IFERROR(INDEX(Ref_RISK!$B$2:$B$201,MATCH(B11,Ref_RISK!$A$2:$A$201,0)),"") | G11: =IFERROR(INDEX(Control_Register!$I$5:$I$204,MATCH(C11,Control_Register!$A$5:$A$204,0)),"") | H11: =IF(A11="","",IF(OR(B11="",C11="",D11=""),"Risk, control and coverage needed",IF(COUNTIF(Ref_RISK!$A$2:$A$201,B11)=0,"RISK-ID not in W04",IF(COUNTIF(Control_Register!$A$5:$A$204,C11)=0,"CTRL-ID not in register","OK"))))
F12: =IFERROR(INDEX(Ref_RISK!$B$2:$B$201,MATCH(B12,Ref_RISK!$A$2:$A$201,0)),"") | G12: =IFERROR(INDEX(Control_Register!$I$5:$I$204,MATCH(C12,Control_Register!$A$5:$A$204,0)),"") | H12: =IF(A12="","",IF(OR(B12="",C12="",D12=""),"Risk, control and coverage needed",IF(COUNTIF(Ref_RISK!$A$2:$A$201,B12)=0,"RISK-ID not in W04",IF(COUNTIF(Control_Register!$A$5:$A$204,C12)=0,"CTRL-ID not in register","OK"))))
F13: =IFERROR(INDEX(Ref_RISK!$B$2:$B$201,MATCH(B13,Ref_RISK!$A$2:$A$201,0)),"") | G13: =IFERROR(INDEX(Control_Register!$I$5:$I$204,MATCH(C13,Control_Register!$A$5:$A$204,0)),"") | H13: =IF(A13="","",IF(OR(B13="",C13="",D13=""),"Risk, control and coverage needed",IF(COUNTIF(Ref_RISK!$A$2:$A$201,B13)=0,"RISK-ID not in W04",IF(COUNTIF(Control_Register!$A$5:$A$204,C13)=0,"CTRL-ID not in register","OK"))))
F14: =IFERROR(INDEX(Ref_RISK!$B$2:$B$201,MATCH(B14,Ref_RISK!$A$2:$A$201,0)),"") | G14: =IFERROR(INDEX(Control_Register!$I$5:$I$204,MATCH(C14,Control_Register!$A$5:$A$204,0)),"") | H14: =IF(A14="","",IF(OR(B14="",C14="",D14=""),"Risk, control and coverage needed",IF(COUNTIF(Ref_RISK!$A$2:$A$201,B14)=0,"RISK-ID not in W04",IF(COUNTIF(Control_Register!$A$5:$A$204,C14)=0,"CTRL-ID not in register","OK"))))
F15: =IFERROR(INDEX(Ref_RISK!$B$2:$B$201,MATCH(B15,Ref_RISK!$A$2:$A$201,0)),"") | G15: =IFERROR(INDEX(Control_Register!$I$5:$I$204,MATCH(C15,Control_Register!$A$5:$A$204,0)),"") | H15: =IF(A15="","",IF(OR(B15="",C15="",D15=""),"Risk, control and coverage needed",IF(COUNTIF(Ref_RISK!$A$2:$A$201,B15)=0,"RISK-ID not in W04",IF(COUNTIF(Control_Register!$A$5:$A$204,C15)=0,"CTRL-ID not in register","OK"))))
F16: =IFERROR(INDEX(Ref_RISK!$B$2:$B$201,MATCH(B16,Ref_RISK!$A$2:$A$201,0)),"") | G16: =IFERROR(INDEX(Control_Register!$I$5:$I$204,MATCH(C16,Control_Register!$A$5:$A$204,0)),"") | H16: =IF(A16="","",IF(OR(B16="",C16="",D16=""),"Risk, control and coverage needed",IF(COUNTIF(Ref_RISK!$A$2:$A$201,B16)=0,"RISK-ID not in W04",IF(COUNTIF(Control_Register!$A$5:$A$204,C16)=0,"CTRL-ID not in register","OK"))))
F17: =IFERROR(INDEX(Ref_RISK!$B$2:$B$201,MATCH(B17,Ref_RISK!$A$2:$A$201,0)),"") | G17: =IFERROR(INDEX(Control_Register!$I$5:$I$204,MATCH(C17,Control_Register!$A$5:$A$204,0)),"") | H17: =IF(A17="","",IF(OR(B17="",C17="",D17=""),"Risk, control and coverage needed",IF(COUNTIF(Ref_RISK!$A$2:$A$201,B17)=0,"RISK-ID not in W04",IF(COUNTIF(Control_Register!$A$5:$A$204,C17)=0,"CTRL-ID not in register","OK"))))
... F204: =IFERROR(INDEX(Ref_RISK!$B$2:$B$201,MATCH(B204,Ref_RISK!$A$2:$A$201,0)),"") | G204: =IFERROR(INDEX(Control_Register!$I$5:$I$204,MATCH(C204,Control_Register!$A$5:$A$204,0)),"") | H204: =IF(A204="","",IF(OR(B204="",C204="",D204=""),"Risk, control and coverage needed",IF(COUNTIF(Ref_RISK!$A$2:$A$201,B204)=0,"RISK-ID not in W04",IF(COUNTIF(Control_Register!$A$5:$A$204,C204)=0,"CTRL-ID not in register","OK"))))

Sheet ITGC_Dependency
A1: W05 — ITGC Dependency
A2: For each ITAC / IPE / ITDM control, the ITGCs it relies on and the reliance decision.
A4: Dep ID | B4: Dependent CTRL-ID | C4: Dependent category | D4: ITGC CTRL-ID | E4: ITGC? | F4: ITGC test result | G4: Additional procedures | H4: Reliance decision | I4: Check
A5: D-01 | B5: C-ITAC-004 | C5: =IFERROR(INDEX(Control_Register!$E$5:$E$204,MATCH(B5,Control_Register!$A$5:$A$204,0)),"") -> ITAC | D5: C-ITGC-PC-001 | E5: =IF(D5="","",IF(LEFT(D5,6)="C-ITGC","ITGC","Not an ITGC")) -> ITGC | F5: Not tested | H5: Pending | I5: =IF(A5="","",IF(COUNTIF(Control_Register!$A$5:$A$204,B5)=0,"Dependent CTRL not in register",IF(E5<>"ITGC","Dependency must be an ITGC",IF(AND(OR(F5="Exception noted",F5="Ineffective"),H5="Supported"),"Exceptions need additional procedures before reliance",IF(AND(H5="Supported with additional procedures",G5=""),"Describe the additional procedures","OK"))))) -> OK
C6: =IFERROR(INDEX(Control_Register!$E$5:$E$204,MATCH(B6,Control_Register!$A$5:$A$204,0)),"") | E6: =IF(D6="","",IF(LEFT(D6,6)="C-ITGC","ITGC","Not an ITGC")) | I6: =IF(A6="","",IF(COUNTIF(Control_Register!$A$5:$A$204,B6)=0,"Dependent CTRL not in register",IF(E6<>"ITGC","Dependency must be an ITGC",IF(AND(OR(F6="Exception noted",F6="Ineffective"),H6="Supported"),"Exceptions need additional procedures before reliance",IF(AND(H6="Supported with additional procedures",G6=""),"Describe the additional procedures","OK")))))
C7: =IFERROR(INDEX(Control_Register!$E$5:$E$204,MATCH(B7,Control_Register!$A$5:$A$204,0)),"") | E7: =IF(D7="","",IF(LEFT(D7,6)="C-ITGC","ITGC","Not an ITGC")) | I7: =IF(A7="","",IF(COUNTIF(Control_Register!$A$5:$A$204,B7)=0,"Dependent CTRL not in register",IF(E7<>"ITGC","Dependency must be an ITGC",IF(AND(OR(F7="Exception noted",F7="Ineffective"),H7="Supported"),"Exceptions need additional procedures before reliance",IF(AND(H7="Supported with additional procedures",G7=""),"Describe the additional procedures","OK")))))
C8: =IFERROR(INDEX(Control_Register!$E$5:$E$204,MATCH(B8,Control_Register!$A$5:$A$204,0)),"") | E8: =IF(D8="","",IF(LEFT(D8,6)="C-ITGC","ITGC","Not an ITGC")) | I8: =IF(A8="","",IF(COUNTIF(Control_Register!$A$5:$A$204,B8)=0,"Dependent CTRL not in register",IF(E8<>"ITGC","Dependency must be an ITGC",IF(AND(OR(F8="Exception noted",F8="Ineffective"),H8="Supported"),"Exceptions need additional procedures before reliance",IF(AND(H8="Supported with additional procedures",G8=""),"Describe the additional procedures","OK")))))
C9: =IFERROR(INDEX(Control_Register!$E$5:$E$204,MATCH(B9,Control_Register!$A$5:$A$204,0)),"") | E9: =IF(D9="","",IF(LEFT(D9,6)="C-ITGC","ITGC","Not an ITGC")) | I9: =IF(A9="","",IF(COUNTIF(Control_Register!$A$5:$A$204,B9)=0,"Dependent CTRL not in register",IF(E9<>"ITGC","Dependency must be an ITGC",IF(AND(OR(F9="Exception noted",F9="Ineffective"),H9="Supported"),"Exceptions need additional procedures before reliance",IF(AND(H9="Supported with additional procedures",G9=""),"Describe the additional procedures","OK")))))
C10: =IFERROR(INDEX(Control_Register!$E$5:$E$204,MATCH(B10,Control_Register!$A$5:$A$204,0)),"") | E10: =IF(D10="","",IF(LEFT(D10,6)="C-ITGC","ITGC","Not an ITGC")) | I10: =IF(A10="","",IF(COUNTIF(Control_Register!$A$5:$A$204,B10)=0,"Dependent CTRL not in register",IF(E10<>"ITGC","Dependency must be an ITGC",IF(AND(OR(F10="Exception noted",F10="Ineffective"),H10="Supported"),"Exceptions need additional procedures before reliance",IF(AND(H10="Supported with additional procedures",G10=""),"Describe the additional procedures","OK")))))
C11: =IFERROR(INDEX(Control_Register!$E$5:$E$204,MATCH(B11,Control_Register!$A$5:$A$204,0)),"") | E11: =IF(D11="","",IF(LEFT(D11,6)="C-ITGC","ITGC","Not an ITGC")) | I11: =IF(A11="","",IF(COUNTIF(Control_Register!$A$5:$A$204,B11)=0,"Dependent CTRL not in register",IF(E11<>"ITGC","Dependency must be an ITGC",IF(AND(OR(F11="Exception noted",F11="Ineffective"),H11="Supported"),"Exceptions need additional procedures before reliance",IF(AND(H11="Supported with additional procedures",G11=""),"Describe the additional procedures","OK")))))
C12: =IFERROR(INDEX(Control_Register!$E$5:$E$204,MATCH(B12,Control_Register!$A$5:$A$204,0)),"") | E12: =IF(D12="","",IF(LEFT(D12,6)="C-ITGC","ITGC","Not an ITGC")) | I12: =IF(A12="","",IF(COUNTIF(Control_Register!$A$5:$A$204,B12)=0,"Dependent CTRL not in register",IF(E12<>"ITGC","Dependency must be an ITGC",IF(AND(OR(F12="Exception noted",F12="Ineffective"),H12="Supported"),"Exceptions need additional procedures before reliance",IF(AND(H12="Supported with additional procedures",G12=""),"Describe the additional procedures","OK")))))
C13: =IFERROR(INDEX(Control_Register!$E$5:$E$204,MATCH(B13,Control_Register!$A$5:$A$204,0)),"") | E13: =IF(D13="","",IF(LEFT(D13,6)="C-ITGC","ITGC","Not an ITGC")) | I13: =IF(A13="","",IF(COUNTIF(Control_Register!$A$5:$A$204,B13)=0,"Dependent CTRL not in register",IF(E13<>"ITGC","Dependency must be an ITGC",IF(AND(OR(F13="Exception noted",F13="Ineffective"),H13="Supported"),"Exceptions need additional procedures before reliance",IF(AND(H13="Supported with additional procedures",G13=""),"Describe the additional procedures","OK")))))
C14: =IFERROR(INDEX(Control_Register!$E$5:$E$204,MATCH(B14,Control_Register!$A$5:$A$204,0)),"") | E14: =IF(D14="","",IF(LEFT(D14,6)="C-ITGC","ITGC","Not an ITGC")) | I14: =IF(A14="","",IF(COUNTIF(Control_Register!$A$5:$A$204,B14)=0,"Dependent CTRL not in register",IF(E14<>"ITGC","Dependency must be an ITGC",IF(AND(OR(F14="Exception noted",F14="Ineffective"),H14="Supported"),"Exceptions need additional procedures before reliance",IF(AND(H14="Supported with additional procedures",G14=""),"Describe the additional procedures","OK")))))
C15: =IFERROR(INDEX(Control_Register!$E$5:$E$204,MATCH(B15,Control_Register!$A$5:$A$204,0)),"") | E15: =IF(D15="","",IF(LEFT(D15,6)="C-ITGC","ITGC","Not an ITGC")) | I15: =IF(A15="","",IF(COUNTIF(Control_Register!$A$5:$A$204,B15)=0,"Dependent CTRL not in register",IF(E15<>"ITGC","Dependency must be an ITGC",IF(AND(OR(F15="Exception noted",F15="Ineffective"),H15="Supported"),"Exceptions need additional procedures before reliance",IF(AND(H15="Supported with additional procedures",G15=""),"Describe the additional procedures","OK")))))
C16: =IFERROR(INDEX(Control_Register!$E$5:$E$204,MATCH(B16,Control_Register!$A$5:$A$204,0)),"") | E16: =IF(D16="","",IF(LEFT(D16,6)="C-ITGC","ITGC","Not an ITGC")) | I16: =IF(A16="","",IF(COUNTIF(Control_Register!$A$5:$A$204,B16)=0,"Dependent CTRL not in register",IF(E16<>"ITGC","Dependency must be an ITGC",IF(AND(OR(F16="Exception noted",F16="Ineffective"),H16="Supported"),"Exceptions need additional procedures before reliance",IF(AND(H16="Supported with additional procedures",G16=""),"Describe the additional procedures","OK")))))
C17: =IFERROR(INDEX(Control_Register!$E$5:$E$204,MATCH(B17,Control_Register!$A$5:$A$204,0)),"") | E17: =IF(D17="","",IF(LEFT(D17,6)="C-ITGC","ITGC","Not an ITGC")) | I17: =IF(A17="","",IF(COUNTIF(Control_Register!$A$5:$A$204,B17)=0,"Dependent CTRL not in register",IF(E17<>"ITGC","Dependency must be an ITGC",IF(AND(OR(F17="Exception noted",F17="Ineffective"),H17="Supported"),"Exceptions need additional procedures before reliance",IF(AND(H17="Supported with additional procedures",G17=""),"Describe the additional procedures","OK")))))
... C204: =IFERROR(INDEX(Control_Register!$E$5:$E$204,MATCH(B204,Control_Register!$A$5:$A$204,0)),"") | E204: =IF(D204="","",IF(LEFT(D204,6)="C-ITGC","ITGC","Not an ITGC")) | I204: =IF(A204="","",IF(COUNTIF(Control_Register!$A$5:$A$204,B204)=0,"Dependent CTRL not in register",IF(E204<>"ITGC","Dependency must be an ITGC",IF(AND(OR(F204="Exception noted",F204="Ineffective"),H204="Supported"),"Exceptions need additional procedures before reliance",IF(AND(H204="Supported with additional procedures",G204=""),"Describe the additional procedures","OK")))))

Sheet Coverage_Check
A1: Coverage check — risks versus key controls
A2: Every SOX-relevant risk must map to at least one key control. All cells are formulas over Ref_RISK and Risk_Control_Map.
A4: RISK-ID | B4: SOX relevant? | C4: Mapped controls | D4: Mapped KEY controls | E4: Status
A5: =IF(Ref_RISK!A2="","",Ref_RISK!A2) -> R-P2P-001 | B5: =IF(A5="","",Ref_RISK!B2) -> Y | C5: =IF(A5="","",COUNTIF(Risk_Control_Map!$B$5:$B$204,A5)) -> 0 | D5: =IF(A5="","",SUMPRODUCT((Risk_Control_Map!$B$5:$B$204=A5)*(Risk_Control_Map!$G$5:$G$204="Y"))) -> 0 | E5: =IF(A5="","",IF(AND(B5="Y",D5=0),"GAP: SOX risk has no key control",IF(C5=0,"No control mapped","OK"))) -> GAP: SOX risk has no key control
A6: =IF(Ref_RISK!A3="","",Ref_RISK!A3) -> R-P2P-002 | B6: =IF(A6="","",Ref_RISK!B3) -> Y | C6: =IF(A6="","",COUNTIF(Risk_Control_Map!$B$5:$B$204,A6)) -> 1 | D6: =IF(A6="","",SUMPRODUCT((Risk_Control_Map!$B$5:$B$204=A6)*(Risk_Control_Map!$G$5:$G$204="Y"))) -> 1 | E6: =IF(A6="","",IF(AND(B6="Y",D6=0),"GAP: SOX risk has no key control",IF(C6=0,"No control mapped","OK"))) -> OK
A7: =IF(Ref_RISK!A4="","",Ref_RISK!A4) -> R-P2P-003 | B7: =IF(A7="","",Ref_RISK!B4) -> Y | C7: =IF(A7="","",COUNTIF(Risk_Control_Map!$B$5:$B$204,A7)) -> 0 | D7: =IF(A7="","",SUMPRODUCT((Risk_Control_Map!$B$5:$B$204=A7)*(Risk_Control_Map!$G$5:$G$204="Y"))) -> 0 | E7: =IF(A7="","",IF(AND(B7="Y",D7=0),"GAP: SOX risk has no key control",IF(C7=0,"No control mapped","OK"))) -> GAP: SOX risk has no key control
A8: =IF(Ref_RISK!A5="","",Ref_RISK!A5) -> R-R2R-001 | B8: =IF(A8="","",Ref_RISK!B5) -> Y | C8: =IF(A8="","",COUNTIF(Risk_Control_Map!$B$5:$B$204,A8)) -> 0 | D8: =IF(A8="","",SUMPRODUCT((Risk_Control_Map!$B$5:$B$204=A8)*(Risk_Control_Map!$G$5:$G$204="Y"))) -> 0 | E8: =IF(A8="","",IF(AND(B8="Y",D8=0),"GAP: SOX risk has no key control",IF(C8=0,"No control mapped","OK"))) -> GAP: SOX risk has no key control
A9: =IF(Ref_RISK!A6="","",Ref_RISK!A6) -> R-O2C-001 | B9: =IF(A9="","",Ref_RISK!B6) -> Y | C9: =IF(A9="","",COUNTIF(Risk_Control_Map!$B$5:$B$204,A9)) -> 0 | D9: =IF(A9="","",SUMPRODUCT((Risk_Control_Map!$B$5:$B$204=A9)*(Risk_Control_Map!$G$5:$G$204="Y"))) -> 0 | E9: =IF(A9="","",IF(AND(B9="Y",D9=0),"GAP: SOX risk has no key control",IF(C9=0,"No control mapped","OK"))) -> GAP: SOX risk has no key control
A10: =IF(Ref_RISK!A7="","",Ref_RISK!A7) -> R-O2C-002 | B10: =IF(A10="","",Ref_RISK!B7) -> N | C10: =IF(A10="","",COUNTIF(Risk_Control_Map!$B$5:$B$204,A10)) -> 0 | D10: =IF(A10="","",SUMPRODUCT((Risk_Control_Map!$B$5:$B$204=A10)*(Risk_Control_Map!$G$5:$G$204="Y"))) -> 0 | E10: =IF(A10="","",IF(AND(B10="Y",D10=0),"GAP: SOX risk has no key control",IF(C10=0,"No control mapped","OK"))) -> No control mapped
A11: =IF(Ref_RISK!A8="","",Ref_RISK!A8) -> R-TECH-001 | B11: =IF(A11="","",Ref_RISK!B8) -> Y | C11: =IF(A11="","",COUNTIF(Risk_Control_Map!$B$5:$B$204,A11)) -> 0 | D11: =IF(A11="","",SUMPRODUCT((Risk_Control_Map!$B$5:$B$204=A11)*(Risk_Control_Map!$G$5:$G$204="Y"))) -> 0 | E11: =IF(A11="","",IF(AND(B11="Y",D11=0),"GAP: SOX risk has no key control",IF(C11=0,"No control mapped","OK"))) -> GAP: SOX risk has no key control
A12: =IF(Ref_RISK!A9="","",Ref_RISK!A9) -> R-TECH-002 | B12: =IF(A12="","",Ref_RISK!B9) -> Y | C12: =IF(A12="","",COUNTIF(Risk_Control_Map!$B$5:$B$204,A12)) -> 0 | D12: =IF(A12="","",SUMPRODUCT((Risk_Control_Map!$B$5:$B$204=A12)*(Risk_Control_Map!$G$5:$G$204="Y"))) -> 0 | E12: =IF(A12="","",IF(AND(B12="Y",D12=0),"GAP: SOX risk has no key control",IF(C12=0,"No control mapped","OK"))) -> GAP: SOX risk has no key control
A13: =IF(Ref_RISK!A10="","",Ref_RISK!A10) -> R-TECH-003 | B13: =IF(A13="","",Ref_RISK!B10) -> Y | C13: =IF(A13="","",COUNTIF(Risk_Control_Map!$B$5:$B$204,A13)) -> 0 | D13: =IF(A13="","",SUMPRODUCT((Risk_Control_Map!$B$5:$B$204=A13)*(Risk_Control_Map!$G$5:$G$204="Y"))) -> 0 | E13: =IF(A13="","",IF(AND(B13="Y",D13=0),"GAP: SOX risk has no key control",IF(C13=0,"No control mapped","OK"))) -> GAP: SOX risk has no key control
A14: =IF(Ref_RISK!A11="","",Ref_RISK!A11) -> R-TECH-004 | B14: =IF(A14="","",Ref_RISK!B11) -> Y | C14: =IF(A14="","",COUNTIF(Risk_Control_Map!$B$5:$B$204,A14)) -> 0 | D14: =IF(A14="","",SUMPRODUCT((Risk_Control_Map!$B$5:$B$204=A14)*(Risk_Control_Map!$G$5:$G$204="Y"))) -> 0 | E14: =IF(A14="","",IF(AND(B14="Y",D14=0),"GAP: SOX risk has no key control",IF(C14=0,"No control mapped","OK"))) -> GAP: SOX risk has no key control
A15: =IF(Ref_RISK!A12="","",Ref_RISK!A12) -> R-TECH-005 | B15: =IF(A15="","",Ref_RISK!B12) -> Y | C15: =IF(A15="","",COUNTIF(Risk_Control_Map!$B$5:$B$204,A15)) -> 0 | D15: =IF(A15="","",SUMPRODUCT((Risk_Control_Map!$B$5:$B$204=A15)*(Risk_Control_Map!$G$5:$G$204="Y"))) -> 0 | E15: =IF(A15="","",IF(AND(B15="Y",D15=0),"GAP: SOX risk has no key control",IF(C15=0,"No control mapped","OK"))) -> GAP: SOX risk has no key control
A16: =IF(Ref_RISK!A13="","",Ref_RISK!A13) -> R-TECH-006 | B16: =IF(A16="","",Ref_RISK!B13) -> N | C16: =IF(A16="","",COUNTIF(Risk_Control_Map!$B$5:$B$204,A16)) -> 0 | D16: =IF(A16="","",SUMPRODUCT((Risk_Control_Map!$B$5:$B$204=A16)*(Risk_Control_Map!$G$5:$G$204="Y"))) -> 0 | E16: =IF(A16="","",IF(AND(B16="Y",D16=0),"GAP: SOX risk has no key control",IF(C16=0,"No control mapped","OK"))) -> No control mapped
... A204: =IF(Ref_RISK!A201="","",Ref_RISK!A201) | B204: =IF(A204="","",Ref_RISK!B201) | C204: =IF(A204="","",COUNTIF(Risk_Control_Map!$B$5:$B$204,A204)) | D204: =IF(A204="","",SUMPRODUCT((Risk_Control_Map!$B$5:$B$204=A204)*(Risk_Control_Map!$G$5:$G$204="Y"))) | E204: =IF(A204="","",IF(AND(B204="Y",D204=0),"GAP: SOX risk has no key control",IF(C204=0,"No control mapped","OK")))

Sheet Control_Areas
A1: Control areas (editable grouping list)
A2: User provisioning
A3: Termination
A4: User access review
A5: Privileged access
A6: Emergency access
A7: Segregation of duties
A8: Password / logon parameters
A9: Transport management
A10: System / client settings
A11: Direct change / debugging
A12: Batch jobs
... A17: Business process control

Sheet Ref_RISK
A1: RISK-ID (paste from W04) | B1: SOX relevant? (Y/N, from W04)
A2: R-P2P-001 | B2: Y
A3: R-P2P-002 | B3: Y
A4: R-P2P-003 | B4: Y
A5: R-R2R-001 | B5: Y
A6: R-O2C-001 | B6: Y
A7: R-O2C-002 | B7: N
A8: R-TECH-001 | B8: Y
A9: R-TECH-002 | B9: Y
A10: R-TECH-003 | B10: Y
A11: R-TECH-004 | B11: Y
A12: R-TECH-005 | B12: Y
A13: R-TECH-006 | B13: N

Sheet Lists
A1: Cat | B1: Type | C1: Nature | D1: Freq | E1: YN | F1: Cov | G1: Res | H1: Rel
A2: ITGC-APD | B2: Preventive | C2: Automated | D2: Continuous | E2: Y | F2: Full | G2: Not tested | H2: Pending
A3: ITGC-PC | B3: Detective | C3: IT-dependent manual | D3: Event-driven | E3: N | F3: Partial | G3: Effective | H3: Supported
A4: ITGC-CO | C4: Manual | D4: Daily | G4: Exception noted | H4: Supported with additional procedures
A5: ITGC-PD | D5: Weekly | G5: Ineffective | H5: Not supported
A6: ITAC | D6: Monthly
A7: IPE | D7: Quarterly
A8: ITDM | D8: Annual
A9: Manual BPC

Sheet Checks
A1: W05 — Completion checks
A2: All checks are formulas. A workbook passes its gate when every status reads PASS (INFO rows are counts for your information).
A3: Overall | B3: =IF(COUNTIF(C6:C16,"REVIEW")=0,"ALL CHECKS PASS","REVIEW ITEMS: "&COUNTIF(C6:C16,"REVIEW")) -> REVIEW ITEMS: 1
A5: Check | B5: Count | C5: Status | D5: What to do if REVIEW
A6: Controls in register | B6: =COUNTA(Control_Register!A5:A204) -> 1 | C6: INFO | D6: —
A7: Duplicate CTRL-IDs | B7: =SUMPRODUCT((Control_Register!A5:A204<>"")*(COUNTIF(Control_Register!A5:A204,Control_Register!A5:A204)>1)) -> 0 | C7: =IF(B7=0,"PASS","REVIEW") -> PASS | D7: Keys must be unique.
A8: Control rows needing attention | B8: =SUMPRODUCT((Control_Register!T5:T204<>"")*(Control_Register!T5:T204<>"OK")*(LEFT(Control_Register!T5:T204,2)<>"OK")) -> 0 | C8: =IF(B8=0,"PASS","REVIEW") -> PASS | D8: Read the Row check column.
A9: Risk-to-control links needing attention | B9: =SUMPRODUCT((Risk_Control_Map!H5:H204<>"")*(Risk_Control_Map!H5:H204<>"OK")*(LEFT(Risk_Control_Map!H5:H204,2)<>"OK")) -> 0 | C9: =IF(B9=0,"PASS","REVIEW") -> PASS | D9: Read the Check column.
A10: SOX-relevant risks with NO key control (design gap) | B10: =COUNTIF(Coverage_Check!E5:E204,"GAP*") -> 9 | C10: =IF(B10=0,"PASS","REVIEW") -> REVIEW | D10: Report as a potential design deficiency, to be confirmed in testing (not a scoping conclusion).
A11: Risks with no control at all (any rating) | B11: =COUNTIF(Coverage_Check!E5:E204,"No control*") -> 2 | C11: INFO | D11: Confirm non-SOX risks are accepted or add controls.
A12: ITAC / IPE / ITDM controls with no ITGC_Dependency row | B12: =SUMPRODUCT(((Control_Register!E5:E204="ITAC")+(Control_Register!E5:E204="IPE")+(Control_Register!E5:E204="ITDM"))*(COUNTIF(ITGC_Dependency!B5:B204,Control_Register!A5:A204)=0)) -> 0 | C12: =IF(B12=0,"PASS","REVIEW") -> PASS | D12: Record the ITGCs each automated or system-dependent control relies on.
A13: Dependency rows needing attention | B13: =SUMPRODUCT((ITGC_Dependency!I5:I204<>"")*(ITGC_Dependency!I5:I204<>"OK")*(LEFT(ITGC_Dependency!I5:I204,2)<>"OK")) -> 0 | C13: =IF(B13=0,"PASS","REVIEW") -> PASS | D13: Read the Check column.
A14: Dependent controls where reliance is NOT supported | B14: =COUNTIF(ITGC_Dependency!H5:H204,"Not supported") -> 0 | C14: INFO | D14: Plan substantive or alternative procedures.
A15: Dependencies with reliance still Pending | B15: =COUNTIF(ITGC_Dependency!H5:H204,"Pending") -> 1 | C15: INFO | D15: Resolve after ITGC testing (Session 33).
A16: Key controls | B16: =COUNTIF(Control_Register!I5:I204,"Y") -> 1 | C16: INFO | D16: Each gets a TOD and TOE row in W10.
