Workbook

Sheet Instructions
A1: TIB SYSTEMS LLC | SAP Controls Project Foundation Workbook Set
A2: W06 — SoD & Sensitive Access Rule Matrix
A4: Purpose
A5: Translates each SoD and sensitive-access risk from W04 into technical terms: which transactions and authorisation objects make up each side of a conflict. The access analysis in Part 3A runs these rules against the user population.
A7: How to use this workbook
A8: 1. Paste RISK-IDs and categories from W04 into Ref_RISK, and CTRL-IDs from W05 into Ref_CTRL.
A9: 2. Define business functions with their transactions (Functions) and permission detail (Function_Auth).
A10: 3. Define each conflict pair in SoD_Rules, linked to a W04 SoD risk. List critical single-item access in Sensitive_Access.
A11: 4. Record approved mitigations (must be real controls in W05) and the approved ruleset version.
A12: 5. Include custom Z-transactions and Fiori equivalents. Read the Checks tab.
A14: Colour legend
A15: Yellow cells with blue text = you enter data here. Grey cells = formulas (do not overwrite). Row 5 of each register is a worked ABC Manufacturing example: overwrite it with your first record.
... A26: Column dictionary
A27: Tab | B27: Field | C27: Definition | D27: Allowed values / rule | E27: Type
A28: Functions | B28: Function ID | C28: Unique key | D28: FN-nn | E28: Input
A29: Functions | B29: Function name | C29: Business function | D29: e.g. Vendor master maintenance | E29: Input
A30: Functions | B30: BP-ID | C30: Process the function belongs to | D30: From W03 | E30: Input
A31: Functions | B31: Transactions (t-codes) | C31: Standard transactions | D31: e.g. BP, XK01, XK02 | E31: Input
A32: Functions | B32: Fiori apps / custom Z-codes | C32: Equivalent apps and custom transactions | D32: Include Z-transactions | E32: Input
A33: Functions | B33: Description | C33: What the function allows | D33: Free text | E33: Input
A34: Functions | B34: Row check | C34: Automatic test | D34: Formula | E34: Formula
A35: Function_Auth | B35: Auth ID | C35: Unique key | D35: AU-nn | E35: Input
A36: Function_Auth | B36: Function ID | C36: Function the permission belongs to | D36: Must exist in Functions | E36: Input
A37: Function_Auth | B37: Function (lookup) | C37: Function name | D37: Formula | E37: Formula
A38: Function_Auth | B38: Transaction | C38: Transaction code | D38: t-code | E38: Input
... A79: Ruleset_Version | B79: Notes | C79: Anything relevant | D79: Free text | E79: Input
A81: Version history
A82: 0.1 — October 2026 — initial template (TIB Systems LLC)
A83: Cross-workbook links: keys from other workbooks are pasted as values into the Ref_ tabs, so this file works on its own and never breaks when files are moved.

Sheet Functions
A1: W06 — Functions
A2: Business functions and the transactions that perform them. Rows 5–6 are worked examples.
A4: Function ID | B4: Function name | C4: BP-ID | D4: Transactions (t-codes) | E4: Fiori apps / custom Z-codes | F4: Description | G4: Row check
A5: FN-01 | B5: Vendor master maintenance | C5: BP-P2P-01 | D5: BP, XK01, XK02 | F5: Create or change vendors and bank details | G5: =IF(A5="","",IF(OR(B5="",D5=""),"Name and transactions needed","OK")) -> OK
A6: FN-02 | B6: Payment run | C6: BP-P2P-03 | D6: F110 | F6: Execute the automatic payment program | G6: =IF(A6="","",IF(OR(B6="",D6=""),"Name and transactions needed","OK")) -> OK
G7: =IF(A7="","",IF(OR(B7="",D7=""),"Name and transactions needed","OK"))
G8: =IF(A8="","",IF(OR(B8="",D8=""),"Name and transactions needed","OK"))
G9: =IF(A9="","",IF(OR(B9="",D9=""),"Name and transactions needed","OK"))
G10: =IF(A10="","",IF(OR(B10="",D10=""),"Name and transactions needed","OK"))
G11: =IF(A11="","",IF(OR(B11="",D11=""),"Name and transactions needed","OK"))
G12: =IF(A12="","",IF(OR(B12="",D12=""),"Name and transactions needed","OK"))
G13: =IF(A13="","",IF(OR(B13="",D13=""),"Name and transactions needed","OK"))
G14: =IF(A14="","",IF(OR(B14="",D14=""),"Name and transactions needed","OK"))
G15: =IF(A15="","",IF(OR(B15="",D15=""),"Name and transactions needed","OK"))
G16: =IF(A16="","",IF(OR(B16="",D16=""),"Name and transactions needed","OK"))
G17: =IF(A17="","",IF(OR(B17="",D17=""),"Name and transactions needed","OK"))
G18: =IF(A18="","",IF(OR(B18="",D18=""),"Name and transactions needed","OK"))
... G204: =IF(A204="","",IF(OR(B204="",D204=""),"Name and transactions needed","OK"))

Sheet Function_Auth
A1: W06 — Function Permissions
A2: Authorisation objects, fields and values behind each function (permission level).
A4: Auth ID | B4: Function ID | C4: Function (lookup) | D4: Transaction | E4: Auth object | F4: Field | G4: Values | H4: Row check
A5: AU-01 | B5: FN-01 | C5: =IFERROR(INDEX(Functions!$B$5:$B$204,MATCH(B5,Functions!$A$5:$A$204,0)),"") -> Vendor master maintenance | D5: XK02 | E5: F_LFA1_BUK | F5: ACTVT | G5: 01, 02 | H5: =IF(A5="","",IF(OR(B5="",D5="",E5=""),"Function, transaction, object needed",IF(COUNTIF(Functions!$A$5:$A$204,B5)=0,"Function not defined","OK"))) -> OK
C6: =IFERROR(INDEX(Functions!$B$5:$B$204,MATCH(B6,Functions!$A$5:$A$204,0)),"") | H6: =IF(A6="","",IF(OR(B6="",D6="",E6=""),"Function, transaction, object needed",IF(COUNTIF(Functions!$A$5:$A$204,B6)=0,"Function not defined","OK")))
C7: =IFERROR(INDEX(Functions!$B$5:$B$204,MATCH(B7,Functions!$A$5:$A$204,0)),"") | H7: =IF(A7="","",IF(OR(B7="",D7="",E7=""),"Function, transaction, object needed",IF(COUNTIF(Functions!$A$5:$A$204,B7)=0,"Function not defined","OK")))
C8: =IFERROR(INDEX(Functions!$B$5:$B$204,MATCH(B8,Functions!$A$5:$A$204,0)),"") | H8: =IF(A8="","",IF(OR(B8="",D8="",E8=""),"Function, transaction, object needed",IF(COUNTIF(Functions!$A$5:$A$204,B8)=0,"Function not defined","OK")))
C9: =IFERROR(INDEX(Functions!$B$5:$B$204,MATCH(B9,Functions!$A$5:$A$204,0)),"") | H9: =IF(A9="","",IF(OR(B9="",D9="",E9=""),"Function, transaction, object needed",IF(COUNTIF(Functions!$A$5:$A$204,B9)=0,"Function not defined","OK")))
C10: =IFERROR(INDEX(Functions!$B$5:$B$204,MATCH(B10,Functions!$A$5:$A$204,0)),"") | H10: =IF(A10="","",IF(OR(B10="",D10="",E10=""),"Function, transaction, object needed",IF(COUNTIF(Functions!$A$5:$A$204,B10)=0,"Function not defined","OK")))
C11: =IFERROR(INDEX(Functions!$B$5:$B$204,MATCH(B11,Functions!$A$5:$A$204,0)),"") | H11: =IF(A11="","",IF(OR(B11="",D11="",E11=""),"Function, transaction, object needed",IF(COUNTIF(Functions!$A$5:$A$204,B11)=0,"Function not defined","OK")))
C12: =IFERROR(INDEX(Functions!$B$5:$B$204,MATCH(B12,Functions!$A$5:$A$204,0)),"") | H12: =IF(A12="","",IF(OR(B12="",D12="",E12=""),"Function, transaction, object needed",IF(COUNTIF(Functions!$A$5:$A$204,B12)=0,"Function not defined","OK")))
C13: =IFERROR(INDEX(Functions!$B$5:$B$204,MATCH(B13,Functions!$A$5:$A$204,0)),"") | H13: =IF(A13="","",IF(OR(B13="",D13="",E13=""),"Function, transaction, object needed",IF(COUNTIF(Functions!$A$5:$A$204,B13)=0,"Function not defined","OK")))
C14: =IFERROR(INDEX(Functions!$B$5:$B$204,MATCH(B14,Functions!$A$5:$A$204,0)),"") | H14: =IF(A14="","",IF(OR(B14="",D14="",E14=""),"Function, transaction, object needed",IF(COUNTIF(Functions!$A$5:$A$204,B14)=0,"Function not defined","OK")))
C15: =IFERROR(INDEX(Functions!$B$5:$B$204,MATCH(B15,Functions!$A$5:$A$204,0)),"") | H15: =IF(A15="","",IF(OR(B15="",D15="",E15=""),"Function, transaction, object needed",IF(COUNTIF(Functions!$A$5:$A$204,B15)=0,"Function not defined","OK")))
C16: =IFERROR(INDEX(Functions!$B$5:$B$204,MATCH(B16,Functions!$A$5:$A$204,0)),"") | H16: =IF(A16="","",IF(OR(B16="",D16="",E16=""),"Function, transaction, object needed",IF(COUNTIF(Functions!$A$5:$A$204,B16)=0,"Function not defined","OK")))
C17: =IFERROR(INDEX(Functions!$B$5:$B$204,MATCH(B17,Functions!$A$5:$A$204,0)),"") | H17: =IF(A17="","",IF(OR(B17="",D17="",E17=""),"Function, transaction, object needed",IF(COUNTIF(Functions!$A$5:$A$204,B17)=0,"Function not defined","OK")))
... C204: =IFERROR(INDEX(Functions!$B$5:$B$204,MATCH(B204,Functions!$A$5:$A$204,0)),"") | H204: =IF(A204="","",IF(OR(B204="",D204="",E204=""),"Function, transaction, object needed",IF(COUNTIF(Functions!$A$5:$A$204,B204)=0,"Function not defined","OK")))

Sheet SoD_Rules
A1: W06 — SoD Rules
A2: One row per conflicting function pair, linked to a W04 risk.
A4: SOD-ID | B4: Function A | C4: Function B | D4: Function A (lookup) | E4: Function B (lookup) | F4: Conflict description | G4: RISK-ID | H4: BP-ID | I4: Risk level | J4: Rule level | K4: Org-level scope | L4: Mitigating CTRL-ID | M4: Rule owner | N4: In scope? | O4: Row check
A5: SOD-001 | B5: FN-01 | C5: FN-02 | D5: =IFERROR(INDEX(Functions!$B$5:$B$204,MATCH(B5,Functions!$A$5:$A$204,0)),"") -> Vendor master maintenance | E5: =IFERROR(INDEX(Functions!$B$5:$B$204,MATCH(C5,Functions!$A$5:$A$204,0)),"") -> Payment run | F5: A user can create a vendor and pay it, enabling fictitious vendor payments | G5: R-P2P-001 | H5: BP-P2P-03 | I5: Critical | J5: Permission level | K5: Cross-org | L5: None | M5: Head of AP | N5: Y | O5: =IF(A5="","",IF(OR(B5="",C5="",G5=""),"Functions and RISK-ID needed",IF(B5=C5,"Functions must differ",IF(OR(COUNTIF(Functions!$A$5:$A$204,B5)=0,COUNTIF(Functions!$A$5:$A$204,C5)=0),"Function not defined",IF(COUNTIF(Ref_RISK!$A$2:$A$201,G5)=0,"RISK-ID not in W04",IF(AND(L5<>"",L5<>"None",COUNTIF(Ref_CTRL!$A$2:$A$201,L5)=0),"Mitigation not in W05 RCM","OK")))))) -> OK
D6: =IFERROR(INDEX(Functions!$B$5:$B$204,MATCH(B6,Functions!$A$5:$A$204,0)),"") | E6: =IFERROR(INDEX(Functions!$B$5:$B$204,MATCH(C6,Functions!$A$5:$A$204,0)),"") | O6: =IF(A6="","",IF(OR(B6="",C6="",G6=""),"Functions and RISK-ID needed",IF(B6=C6,"Functions must differ",IF(OR(COUNTIF(Functions!$A$5:$A$204,B6)=0,COUNTIF(Functions!$A$5:$A$204,C6)=0),"Function not defined",IF(COUNTIF(Ref_RISK!$A$2:$A$201,G6)=0,"RISK-ID not in W04",IF(AND(L6<>"",L6<>"None",COUNTIF(Ref_CTRL!$A$2:$A$201,L6)=0),"Mitigation not in W05 RCM","OK"))))))
D7: =IFERROR(INDEX(Functions!$B$5:$B$204,MATCH(B7,Functions!$A$5:$A$204,0)),"") | E7: =IFERROR(INDEX(Functions!$B$5:$B$204,MATCH(C7,Functions!$A$5:$A$204,0)),"") | O7: =IF(A7="","",IF(OR(B7="",C7="",G7=""),"Functions and RISK-ID needed",IF(B7=C7,"Functions must differ",IF(OR(COUNTIF(Functions!$A$5:$A$204,B7)=0,COUNTIF(Functions!$A$5:$A$204,C7)=0),"Function not defined",IF(COUNTIF(Ref_RISK!$A$2:$A$201,G7)=0,"RISK-ID not in W04",IF(AND(L7<>"",L7<>"None",COUNTIF(Ref_CTRL!$A$2:$A$201,L7)=0),"Mitigation not in W05 RCM","OK"))))))
D8: =IFERROR(INDEX(Functions!$B$5:$B$204,MATCH(B8,Functions!$A$5:$A$204,0)),"") | E8: =IFERROR(INDEX(Functions!$B$5:$B$204,MATCH(C8,Functions!$A$5:$A$204,0)),"") | O8: =IF(A8="","",IF(OR(B8="",C8="",G8=""),"Functions and RISK-ID needed",IF(B8=C8,"Functions must differ",IF(OR(COUNTIF(Functions!$A$5:$A$204,B8)=0,COUNTIF(Functions!$A$5:$A$204,C8)=0),"Function not defined",IF(COUNTIF(Ref_RISK!$A$2:$A$201,G8)=0,"RISK-ID not in W04",IF(AND(L8<>"",L8<>"None",COUNTIF(Ref_CTRL!$A$2:$A$201,L8)=0),"Mitigation not in W05 RCM","OK"))))))
D9: =IFERROR(INDEX(Functions!$B$5:$B$204,MATCH(B9,Functions!$A$5:$A$204,0)),"") | E9: =IFERROR(INDEX(Functions!$B$5:$B$204,MATCH(C9,Functions!$A$5:$A$204,0)),"") | O9: =IF(A9="","",IF(OR(B9="",C9="",G9=""),"Functions and RISK-ID needed",IF(B9=C9,"Functions must differ",IF(OR(COUNTIF(Functions!$A$5:$A$204,B9)=0,COUNTIF(Functions!$A$5:$A$204,C9)=0),"Function not defined",IF(COUNTIF(Ref_RISK!$A$2:$A$201,G9)=0,"RISK-ID not in W04",IF(AND(L9<>"",L9<>"None",COUNTIF(Ref_CTRL!$A$2:$A$201,L9)=0),"Mitigation not in W05 RCM","OK"))))))
D10: =IFERROR(INDEX(Functions!$B$5:$B$204,MATCH(B10,Functions!$A$5:$A$204,0)),"") | E10: =IFERROR(INDEX(Functions!$B$5:$B$204,MATCH(C10,Functions!$A$5:$A$204,0)),"") | O10: =IF(A10="","",IF(OR(B10="",C10="",G10=""),"Functions and RISK-ID needed",IF(B10=C10,"Functions must differ",IF(OR(COUNTIF(Functions!$A$5:$A$204,B10)=0,COUNTIF(Functions!$A$5:$A$204,C10)=0),"Function not defined",IF(COUNTIF(Ref_RISK!$A$2:$A$201,G10)=0,"RISK-ID not in W04",IF(AND(L10<>"",L10<>"None",COUNTIF(Ref_CTRL!$A$2:$A$201,L10)=0),"Mitigation not in W05 RCM","OK"))))))
D11: =IFERROR(INDEX(Functions!$B$5:$B$204,MATCH(B11,Functions!$A$5:$A$204,0)),"") | E11: =IFERROR(INDEX(Functions!$B$5:$B$204,MATCH(C11,Functions!$A$5:$A$204,0)),"") | O11: =IF(A11="","",IF(OR(B11="",C11="",G11=""),"Functions and RISK-ID needed",IF(B11=C11,"Functions must differ",IF(OR(COUNTIF(Functions!$A$5:$A$204,B11)=0,COUNTIF(Functions!$A$5:$A$204,C11)=0),"Function not defined",IF(COUNTIF(Ref_RISK!$A$2:$A$201,G11)=0,"RISK-ID not in W04",IF(AND(L11<>"",L11<>"None",COUNTIF(Ref_CTRL!$A$2:$A$201,L11)=0),"Mitigation not in W05 RCM","OK"))))))
D12: =IFERROR(INDEX(Functions!$B$5:$B$204,MATCH(B12,Functions!$A$5:$A$204,0)),"") | E12: =IFERROR(INDEX(Functions!$B$5:$B$204,MATCH(C12,Functions!$A$5:$A$204,0)),"") | O12: =IF(A12="","",IF(OR(B12="",C12="",G12=""),"Functions and RISK-ID needed",IF(B12=C12,"Functions must differ",IF(OR(COUNTIF(Functions!$A$5:$A$204,B12)=0,COUNTIF(Functions!$A$5:$A$204,C12)=0),"Function not defined",IF(COUNTIF(Ref_RISK!$A$2:$A$201,G12)=0,"RISK-ID not in W04",IF(AND(L12<>"",L12<>"None",COUNTIF(Ref_CTRL!$A$2:$A$201,L12)=0),"Mitigation not in W05 RCM","OK"))))))
D13: =IFERROR(INDEX(Functions!$B$5:$B$204,MATCH(B13,Functions!$A$5:$A$204,0)),"") | E13: =IFERROR(INDEX(Functions!$B$5:$B$204,MATCH(C13,Functions!$A$5:$A$204,0)),"") | O13: =IF(A13="","",IF(OR(B13="",C13="",G13=""),"Functions and RISK-ID needed",IF(B13=C13,"Functions must differ",IF(OR(COUNTIF(Functions!$A$5:$A$204,B13)=0,COUNTIF(Functions!$A$5:$A$204,C13)=0),"Function not defined",IF(COUNTIF(Ref_RISK!$A$2:$A$201,G13)=0,"RISK-ID not in W04",IF(AND(L13<>"",L13<>"None",COUNTIF(Ref_CTRL!$A$2:$A$201,L13)=0),"Mitigation not in W05 RCM","OK"))))))
D14: =IFERROR(INDEX(Functions!$B$5:$B$204,MATCH(B14,Functions!$A$5:$A$204,0)),"") | E14: =IFERROR(INDEX(Functions!$B$5:$B$204,MATCH(C14,Functions!$A$5:$A$204,0)),"") | O14: =IF(A14="","",IF(OR(B14="",C14="",G14=""),"Functions and RISK-ID needed",IF(B14=C14,"Functions must differ",IF(OR(COUNTIF(Functions!$A$5:$A$204,B14)=0,COUNTIF(Functions!$A$5:$A$204,C14)=0),"Function not defined",IF(COUNTIF(Ref_RISK!$A$2:$A$201,G14)=0,"RISK-ID not in W04",IF(AND(L14<>"",L14<>"None",COUNTIF(Ref_CTRL!$A$2:$A$201,L14)=0),"Mitigation not in W05 RCM","OK"))))))
D15: =IFERROR(INDEX(Functions!$B$5:$B$204,MATCH(B15,Functions!$A$5:$A$204,0)),"") | E15: =IFERROR(INDEX(Functions!$B$5:$B$204,MATCH(C15,Functions!$A$5:$A$204,0)),"") | O15: =IF(A15="","",IF(OR(B15="",C15="",G15=""),"Functions and RISK-ID needed",IF(B15=C15,"Functions must differ",IF(OR(COUNTIF(Functions!$A$5:$A$204,B15)=0,COUNTIF(Functions!$A$5:$A$204,C15)=0),"Function not defined",IF(COUNTIF(Ref_RISK!$A$2:$A$201,G15)=0,"RISK-ID not in W04",IF(AND(L15<>"",L15<>"None",COUNTIF(Ref_CTRL!$A$2:$A$201,L15)=0),"Mitigation not in W05 RCM","OK"))))))
D16: =IFERROR(INDEX(Functions!$B$5:$B$204,MATCH(B16,Functions!$A$5:$A$204,0)),"") | E16: =IFERROR(INDEX(Functions!$B$5:$B$204,MATCH(C16,Functions!$A$5:$A$204,0)),"") | O16: =IF(A16="","",IF(OR(B16="",C16="",G16=""),"Functions and RISK-ID needed",IF(B16=C16,"Functions must differ",IF(OR(COUNTIF(Functions!$A$5:$A$204,B16)=0,COUNTIF(Functions!$A$5:$A$204,C16)=0),"Function not defined",IF(COUNTIF(Ref_RISK!$A$2:$A$201,G16)=0,"RISK-ID not in W04",IF(AND(L16<>"",L16<>"None",COUNTIF(Ref_CTRL!$A$2:$A$201,L16)=0),"Mitigation not in W05 RCM","OK"))))))
D17: =IFERROR(INDEX(Functions!$B$5:$B$204,MATCH(B17,Functions!$A$5:$A$204,0)),"") | E17: =IFERROR(INDEX(Functions!$B$5:$B$204,MATCH(C17,Functions!$A$5:$A$204,0)),"") | O17: =IF(A17="","",IF(OR(B17="",C17="",G17=""),"Functions and RISK-ID needed",IF(B17=C17,"Functions must differ",IF(OR(COUNTIF(Functions!$A$5:$A$204,B17)=0,COUNTIF(Functions!$A$5:$A$204,C17)=0),"Function not defined",IF(COUNTIF(Ref_RISK!$A$2:$A$201,G17)=0,"RISK-ID not in W04",IF(AND(L17<>"",L17<>"None",COUNTIF(Ref_CTRL!$A$2:$A$201,L17)=0),"Mitigation not in W05 RCM","OK"))))))
... D204: =IFERROR(INDEX(Functions!$B$5:$B$204,MATCH(B204,Functions!$A$5:$A$204,0)),"") | E204: =IFERROR(INDEX(Functions!$B$5:$B$204,MATCH(C204,Functions!$A$5:$A$204,0)),"") | O204: =IF(A204="","",IF(OR(B204="",C204="",G204=""),"Functions and RISK-ID needed",IF(B204=C204,"Functions must differ",IF(OR(COUNTIF(Functions!$A$5:$A$204,B204)=0,COUNTIF(Functions!$A$5:$A$204,C204)=0),"Function not defined",IF(COUNTIF(Ref_RISK!$A$2:$A$201,G204)=0,"RISK-ID not in W04",IF(AND(L204<>"",L204<>"None",COUNTIF(Ref_CTRL!$A$2:$A$201,L204)=0),"Mitigation not in W05 RCM","OK"))))))

Sheet Sensitive_Access
A1: W06 — Sensitive Access
A2: Access that is risky on its own.
A4: SENS-ID | B4: Access item | C4: Why sensitive | D4: RISK-ID | E4: Allowed holders | F4: Related CTRL-ID | G4: Row check
A5: SENS-004 | B5: S_TABU_DIS ACTVT 02 with SE16N | C5: Direct table changes bypass application controls | D5: R-TECH-003 | E5: Firefighter IDs only | F5: C-ITGC-AC-004 | G5: =IF(A5="","",IF(OR(B5="",D5=""),"Access item and RISK-ID needed","OK")) -> OK
G6: =IF(A6="","",IF(OR(B6="",D6=""),"Access item and RISK-ID needed","OK"))
G7: =IF(A7="","",IF(OR(B7="",D7=""),"Access item and RISK-ID needed","OK"))
G8: =IF(A8="","",IF(OR(B8="",D8=""),"Access item and RISK-ID needed","OK"))
G9: =IF(A9="","",IF(OR(B9="",D9=""),"Access item and RISK-ID needed","OK"))
G10: =IF(A10="","",IF(OR(B10="",D10=""),"Access item and RISK-ID needed","OK"))
G11: =IF(A11="","",IF(OR(B11="",D11=""),"Access item and RISK-ID needed","OK"))
G12: =IF(A12="","",IF(OR(B12="",D12=""),"Access item and RISK-ID needed","OK"))
G13: =IF(A13="","",IF(OR(B13="",D13=""),"Access item and RISK-ID needed","OK"))
G14: =IF(A14="","",IF(OR(B14="",D14=""),"Access item and RISK-ID needed","OK"))
G15: =IF(A15="","",IF(OR(B15="",D15=""),"Access item and RISK-ID needed","OK"))
G16: =IF(A16="","",IF(OR(B16="",D16=""),"Access item and RISK-ID needed","OK"))
G17: =IF(A17="","",IF(OR(B17="",D17=""),"Access item and RISK-ID needed","OK"))
... G204: =IF(A204="","",IF(OR(B204="",D204=""),"Access item and RISK-ID needed","OK"))

Sheet Mitigations
A1: W06 — Mitigations
A2: Approved mitigating controls for accepted conflicts.
A4: Mit ID | B4: Mitigating CTRL-ID | C4: SOD-ID covered | D4: Mitigated users | E4: Valid from | F4: Valid to | G4: Approver | H4: Control tested effective? | I4: Row check
A5: MIT-01 | B5: C-BPC-P2P-004 | C5: SOD-001 | D5: 11 | E5: 46023 | F5: 46387 | G5: Head of AP | H5: Pending | I5: =IF(A5="","",IF(COUNTIF(Ref_CTRL!$A$2:$A$201,B5)=0,"CTRL not in W05",IF(COUNTIF(SoD_Rules!$A$5:$A$204,C5)=0,"SOD-ID not defined",IF(AND(F5<>"",F5<TODAY()),"Expired mitigation",IF(H5="N","Mitigating control failed testing",IF(H5="Pending","OK (test pending)","OK")))))) -> OK (test pending)
I6: =IF(A6="","",IF(COUNTIF(Ref_CTRL!$A$2:$A$201,B6)=0,"CTRL not in W05",IF(COUNTIF(SoD_Rules!$A$5:$A$204,C6)=0,"SOD-ID not defined",IF(AND(F6<>"",F6<TODAY()),"Expired mitigation",IF(H6="N","Mitigating control failed testing",IF(H6="Pending","OK (test pending)","OK"))))))
I7: =IF(A7="","",IF(COUNTIF(Ref_CTRL!$A$2:$A$201,B7)=0,"CTRL not in W05",IF(COUNTIF(SoD_Rules!$A$5:$A$204,C7)=0,"SOD-ID not defined",IF(AND(F7<>"",F7<TODAY()),"Expired mitigation",IF(H7="N","Mitigating control failed testing",IF(H7="Pending","OK (test pending)","OK"))))))
I8: =IF(A8="","",IF(COUNTIF(Ref_CTRL!$A$2:$A$201,B8)=0,"CTRL not in W05",IF(COUNTIF(SoD_Rules!$A$5:$A$204,C8)=0,"SOD-ID not defined",IF(AND(F8<>"",F8<TODAY()),"Expired mitigation",IF(H8="N","Mitigating control failed testing",IF(H8="Pending","OK (test pending)","OK"))))))
I9: =IF(A9="","",IF(COUNTIF(Ref_CTRL!$A$2:$A$201,B9)=0,"CTRL not in W05",IF(COUNTIF(SoD_Rules!$A$5:$A$204,C9)=0,"SOD-ID not defined",IF(AND(F9<>"",F9<TODAY()),"Expired mitigation",IF(H9="N","Mitigating control failed testing",IF(H9="Pending","OK (test pending)","OK"))))))
I10: =IF(A10="","",IF(COUNTIF(Ref_CTRL!$A$2:$A$201,B10)=0,"CTRL not in W05",IF(COUNTIF(SoD_Rules!$A$5:$A$204,C10)=0,"SOD-ID not defined",IF(AND(F10<>"",F10<TODAY()),"Expired mitigation",IF(H10="N","Mitigating control failed testing",IF(H10="Pending","OK (test pending)","OK"))))))
I11: =IF(A11="","",IF(COUNTIF(Ref_CTRL!$A$2:$A$201,B11)=0,"CTRL not in W05",IF(COUNTIF(SoD_Rules!$A$5:$A$204,C11)=0,"SOD-ID not defined",IF(AND(F11<>"",F11<TODAY()),"Expired mitigation",IF(H11="N","Mitigating control failed testing",IF(H11="Pending","OK (test pending)","OK"))))))
I12: =IF(A12="","",IF(COUNTIF(Ref_CTRL!$A$2:$A$201,B12)=0,"CTRL not in W05",IF(COUNTIF(SoD_Rules!$A$5:$A$204,C12)=0,"SOD-ID not defined",IF(AND(F12<>"",F12<TODAY()),"Expired mitigation",IF(H12="N","Mitigating control failed testing",IF(H12="Pending","OK (test pending)","OK"))))))
I13: =IF(A13="","",IF(COUNTIF(Ref_CTRL!$A$2:$A$201,B13)=0,"CTRL not in W05",IF(COUNTIF(SoD_Rules!$A$5:$A$204,C13)=0,"SOD-ID not defined",IF(AND(F13<>"",F13<TODAY()),"Expired mitigation",IF(H13="N","Mitigating control failed testing",IF(H13="Pending","OK (test pending)","OK"))))))
I14: =IF(A14="","",IF(COUNTIF(Ref_CTRL!$A$2:$A$201,B14)=0,"CTRL not in W05",IF(COUNTIF(SoD_Rules!$A$5:$A$204,C14)=0,"SOD-ID not defined",IF(AND(F14<>"",F14<TODAY()),"Expired mitigation",IF(H14="N","Mitigating control failed testing",IF(H14="Pending","OK (test pending)","OK"))))))
I15: =IF(A15="","",IF(COUNTIF(Ref_CTRL!$A$2:$A$201,B15)=0,"CTRL not in W05",IF(COUNTIF(SoD_Rules!$A$5:$A$204,C15)=0,"SOD-ID not defined",IF(AND(F15<>"",F15<TODAY()),"Expired mitigation",IF(H15="N","Mitigating control failed testing",IF(H15="Pending","OK (test pending)","OK"))))))
I16: =IF(A16="","",IF(COUNTIF(Ref_CTRL!$A$2:$A$201,B16)=0,"CTRL not in W05",IF(COUNTIF(SoD_Rules!$A$5:$A$204,C16)=0,"SOD-ID not defined",IF(AND(F16<>"",F16<TODAY()),"Expired mitigation",IF(H16="N","Mitigating control failed testing",IF(H16="Pending","OK (test pending)","OK"))))))
I17: =IF(A17="","",IF(COUNTIF(Ref_CTRL!$A$2:$A$201,B17)=0,"CTRL not in W05",IF(COUNTIF(SoD_Rules!$A$5:$A$204,C17)=0,"SOD-ID not defined",IF(AND(F17<>"",F17<TODAY()),"Expired mitigation",IF(H17="N","Mitigating control failed testing",IF(H17="Pending","OK (test pending)","OK"))))))
... I204: =IF(A204="","",IF(COUNTIF(Ref_CTRL!$A$2:$A$201,B204)=0,"CTRL not in W05",IF(COUNTIF(SoD_Rules!$A$5:$A$204,C204)=0,"SOD-ID not defined",IF(AND(F204<>"",F204<TODAY()),"Expired mitigation",IF(H204="N","Mitigating control failed testing",IF(H204="Pending","OK (test pending)","OK"))))))

Sheet Ruleset_Version
A1: W06 — Ruleset Version
A2: Version control for the ruleset.
A4: Version | B4: Source | C4: Approved by | D4: Approval date | E4: Custom Z-transactions included? | F4: Notes
A5: 1.0 | B5: TIB baseline ruleset | C5: Head of AP | D5: 46296 | E5: Y | F5: Baseline plus ABC custom Z-transactions

Sheet Ref_RISK
A1: RISK-ID (paste from W04) | B1: Risk category (from W04)
A2: R-P2P-001 | B2: SoD
A3: R-P2P-002 | B3: ITAC
A4: R-R2R-001 | B4: ITAC
A5: R-O2C-002 | B5: SoD
A6: R-TECH-003 | B6: ITGC-PC
A7: R-TECH-005 | B7: ITGC-APD

Sheet Ref_CTRL
A1: CTRL-IDs (paste from W05 Control_Register)
A2: C-ITGC-SOD-001
A3: C-ITGC-AC-004
A4: C-BPC-P2P-004
A5: C-BPC-R2R-002

Sheet Lists
A1: YN | B1: YNP | C1: RLev | D1: RuleLev | E1: Org | F1: RSrc
A2: Y | B2: Y | C2: Critical | D2: Transaction level | E2: Cross-org | F2: GRC ARA export
A3: N | B3: N | C3: High | D3: Permission level | E3: Same org | F3: Manual (client matrix)
B4: Pending | C4: Medium | F4: TIB baseline ruleset

Sheet Checks
A1: W06 — Completion checks
A2: All checks are formulas. A workbook passes its gate when every status reads PASS (INFO rows are counts for your information).
A3: Overall | B3: =IF(COUNTIF(C6:C18,"REVIEW")=0,"ALL CHECKS PASS","REVIEW ITEMS: "&COUNTIF(C6:C18,"REVIEW")) -> REVIEW ITEMS: 1
A5: Check | B5: Count | C5: Status | D5: What to do if REVIEW
A6: Functions defined | B6: =COUNTA(Functions!A5:A204) -> 2 | C6: =IF(B6>0,"PASS","REVIEW") -> PASS | D6: Define the business functions first.
A7: Duplicate SOD-IDs | B7: =SUMPRODUCT((SoD_Rules!A5:A204<>"")*(COUNTIF(SoD_Rules!A5:A204,SoD_Rules!A5:A204)>1)) -> 0 | C7: =IF(B7=0,"PASS","REVIEW") -> PASS | D7: Keys must be unique.
A8: Duplicate Function IDs | B8: =SUMPRODUCT((Functions!A5:A204<>"")*(COUNTIF(Functions!A5:A204,Functions!A5:A204)>1)) -> 0 | C8: =IF(B8=0,"PASS","REVIEW") -> PASS | D8: Keys must be unique.
A9: Function rows needing attention | B9: =SUMPRODUCT((Functions!G5:G204<>"")*(Functions!G5:G204<>"OK")*(LEFT(Functions!G5:G204,2)<>"OK")) -> 0 | C9: =IF(B9=0,"PASS","REVIEW") -> PASS | D9: Read the Row check column.
A10: Permission rows needing attention | B10: =SUMPRODUCT((Function_Auth!H5:H204<>"")*(Function_Auth!H5:H204<>"OK")*(LEFT(Function_Auth!H5:H204,2)<>"OK")) -> 0 | C10: =IF(B10=0,"PASS","REVIEW") -> PASS | D10: Read the Row check column.
A11: SoD rule rows needing attention | B11: =SUMPRODUCT((SoD_Rules!P5:P204<>"")*(SoD_Rules!P5:P204<>"OK")*(LEFT(SoD_Rules!P5:P204,2)<>"OK")) -> 0 | C11: =IF(B11=0,"PASS","REVIEW") -> PASS | D11: Read the Row check column.
A12: Sensitive-access rows needing attention | B12: =SUMPRODUCT((Sensitive_Access!G5:G204<>"")*(Sensitive_Access!G5:G204<>"OK")*(LEFT(Sensitive_Access!G5:G204,2)<>"OK")) -> 0 | C12: =IF(B12=0,"PASS","REVIEW") -> PASS | D12: Read the Row check column.
A13: Mitigation rows needing attention | B13: =SUMPRODUCT((Mitigations!I5:I204<>"")*(Mitigations!I5:I204<>"OK")*(LEFT(Mitigations!I5:I204,2)<>"OK")) -> 0 | C13: =IF(B13=0,"PASS","REVIEW") -> PASS | D13: Read the Row check column.
A14: W04 SoD risks with NO rule | B14: =SUMPRODUCT((Ref_RISK!B2:B201="SoD")*(COUNTIF(SoD_Rules!G5:G204,Ref_RISK!A2:A201)=0)) -> 1 | C14: =IF(B14=0,"PASS","REVIEW") -> REVIEW | D14: Every SoD risk needs at least one rule to be testable.
A15: Critical rules with no mitigation recorded (must be removed, not mitigated) | B15: =COUNTIFS(SoD_Rules!I5:I204,"Critical",SoD_Rules!L5:L204,"None") -> 1 | C15: INFO | D15: Critical conflicts with None must have zero holders at test time.
A16: Rules at permission level | B16: =COUNTIF(SoD_Rules!J5:J204,"Permission level") -> 1 | C16: INFO | D16: Prefer permission level to avoid false positives.
A17: Ruleset versions approved | B17: =COUNTIF(Ruleset_Version!D5:D204,">0") -> 1 | C17: =IF(B17>0,"PASS","REVIEW") -> PASS | D17: Have the rule owner approve a version.
A18: Ruleset includes custom Z-transactions | B18: =COUNTIF(Ruleset_Version!E5:E204,"Y") -> 1 | C18: =IF(B18>0,"PASS","REVIEW") -> PASS | D18: Custom transactions are the most common ruleset gap.
