Workbook

Sheet Instructions
A1: TIB SYSTEMS LLC | SAP Controls Project Foundation Workbook Set
A2: W07 — Control & Evidence Owner Matrix
A4: Purpose
A5: Records, for every control in the RCM, who is accountable for it, who performs it, who can provide the evidence and who the backup is. These are often different people. Keyed by CTRL-ID so it lines up one-to-one with W05.
A7: How to use this workbook
A8: 1. Paste CTRL-ID, title, evidence expectation, key flag and risk owner from W05/W04 into Ref_CTRL.
A9: 2. Add one Owner_Matrix row per CTRL-ID. Pre-fill the control owner from W05.
A10: 3. Meet each owner. Ask two questions: who makes sure this happens, and who can give us the evidence?
A11: 4. Record walkthrough contacts for key controls.
A12: 5. Mark unresolved items Outstanding with a follow-up, never as a control failure.
A14: Colour legend
A15: Yellow cells with blue text = you enter data here. Grey cells = formulas (do not overwrite). Row 5 of each register is a worked ABC Manufacturing example: overwrite it with your first record.
... A26: Column dictionary
A27: Tab | B27: Field | C27: Definition | D27: Allowed values / rule | E27: Type
A28: Owner_Matrix | B28: CTRL-ID | C28: Control from the RCM | D28: Must exist in W05 (Ref_CTRL) | E28: Input
A29: Owner_Matrix | B29: Control title | C29: Lookup from W05 | D29: Formula | E29: Formula
A30: Owner_Matrix | B30: Key control? | C30: Lookup from W05 | D30: Formula | E30: Formula
A31: Owner_Matrix | B31: Risk owner | C31: Lookup from W04 via Ref_CTRL | D31: Formula | E31: Formula
A32: Owner_Matrix | B32: Control owner | C32: Accountable for the control operating | D32: Required, or mark Outstanding | E32: Input
A33: Owner_Matrix | B33: Control performer | C33: Person who executes it day to day | D33: May equal owner | E33: Input
A34: Owner_Matrix | B34: Evidence owner | C34: Person or team who can produce the evidence | D34: Required, or mark Outstanding | E34: Input
A35: Owner_Matrix | B35: Backup contact | C35: Alternate for leave or turnover | D35: Recommended | E35: Input
A36: Owner_Matrix | B36: Primary SYS-ID | C36: Where evidence resides | D36: From W01 | E36: Input
A37: Owner_Matrix | B37: Expected evidence | C37: Lookup from W05 | D37: Formula | E37: Formula
A38: Owner_Matrix | B38: Walkthrough contact | C38: Person who will demonstrate the control in TOD | D38: Usually the performer | E38: Input
... A50: Open_Items | B50: Resolution | C50: How it was resolved | D50: Free text | E50: Input
A52: Version history
A53: 0.1 — October 2026 — initial template (TIB Systems LLC)
A54: Cross-workbook links: keys from other workbooks are pasted as values into the Ref_ tabs, so this file works on its own and never breaks when files are moved.

Sheet Owner_Matrix
A1: W07 — Owner Matrix
A2: One row per control. Row 5 is a worked example. Overwrite it.
A4: CTRL-ID | B4: Control title | C4: Key control? | D4: Risk owner | E4: Control owner | F4: Control performer | G4: Evidence owner | H4: Backup contact | I4: Primary SYS-ID | J4: Expected evidence | K4: Walkthrough contact | L4: Owner status | M4: Date confirmed | N4: Follow-up | O4: Row check
A5: C-ITAC-004 | B5: =IFERROR(INDEX(Ref_CTRL!$B$2:$B$201,MATCH(A5,Ref_CTRL!$A$2:$A$201,0)),"") -> Three-way match blocks out-of-tolerance invoices | C5: =IFERROR(INDEX(Ref_CTRL!$E$2:$E$201,MATCH(A5,Ref_CTRL!$A$2:$A$201,0)),"") -> Y | D5: =IFERROR(INDEX(Ref_CTRL!$F$2:$F$201,MATCH(A5,Ref_CTRL!$A$2:$A$201,0)),"") -> Head of AP | E5: Head of AP | F5: System (automated) | G5: SAP functional support | H5: SAP functional lead | I5: SYS-03 | J5: =IFERROR(INDEX(Ref_CTRL!$D$2:$D$201,MATCH(A5,Ref_CTRL!$A$2:$A$201,0)),"") -> OMR6 screenshot, table change log, blocked invoice sample | K5: SAP functional lead | L5: Confirmed | M5: 46296 | O5: =IF(A5="","",IF(COUNTIF(Ref_CTRL!$A$2:$A$201,A5)=0,"CTRL-ID not in W05",IF(L5="","Owner status needed",IF(AND(L5="Confirmed",OR(E5="",G5="")),"Confirmed needs control and evidence owner",IF(AND(L5="Confirmed",M5=""),"Date confirmed needed",IF(AND(L5="Outstanding",N5=""),"Follow-up needed",IF(AND(C5="Y",K5=""),"Walkthrough contact needed (key control)","OK"))))))) -> OK
B6: =IFERROR(INDEX(Ref_CTRL!$B$2:$B$201,MATCH(A6,Ref_CTRL!$A$2:$A$201,0)),"") | C6: =IFERROR(INDEX(Ref_CTRL!$E$2:$E$201,MATCH(A6,Ref_CTRL!$A$2:$A$201,0)),"") | D6: =IFERROR(INDEX(Ref_CTRL!$F$2:$F$201,MATCH(A6,Ref_CTRL!$A$2:$A$201,0)),"") | J6: =IFERROR(INDEX(Ref_CTRL!$D$2:$D$201,MATCH(A6,Ref_CTRL!$A$2:$A$201,0)),"") | O6: =IF(A6="","",IF(COUNTIF(Ref_CTRL!$A$2:$A$201,A6)=0,"CTRL-ID not in W05",IF(L6="","Owner status needed",IF(AND(L6="Confirmed",OR(E6="",G6="")),"Confirmed needs control and evidence owner",IF(AND(L6="Confirmed",M6=""),"Date confirmed needed",IF(AND(L6="Outstanding",N6=""),"Follow-up needed",IF(AND(C6="Y",K6=""),"Walkthrough contact needed (key control)","OK")))))))
B7: =IFERROR(INDEX(Ref_CTRL!$B$2:$B$201,MATCH(A7,Ref_CTRL!$A$2:$A$201,0)),"") | C7: =IFERROR(INDEX(Ref_CTRL!$E$2:$E$201,MATCH(A7,Ref_CTRL!$A$2:$A$201,0)),"") | D7: =IFERROR(INDEX(Ref_CTRL!$F$2:$F$201,MATCH(A7,Ref_CTRL!$A$2:$A$201,0)),"") | J7: =IFERROR(INDEX(Ref_CTRL!$D$2:$D$201,MATCH(A7,Ref_CTRL!$A$2:$A$201,0)),"") | O7: =IF(A7="","",IF(COUNTIF(Ref_CTRL!$A$2:$A$201,A7)=0,"CTRL-ID not in W05",IF(L7="","Owner status needed",IF(AND(L7="Confirmed",OR(E7="",G7="")),"Confirmed needs control and evidence owner",IF(AND(L7="Confirmed",M7=""),"Date confirmed needed",IF(AND(L7="Outstanding",N7=""),"Follow-up needed",IF(AND(C7="Y",K7=""),"Walkthrough contact needed (key control)","OK")))))))
B8: =IFERROR(INDEX(Ref_CTRL!$B$2:$B$201,MATCH(A8,Ref_CTRL!$A$2:$A$201,0)),"") | C8: =IFERROR(INDEX(Ref_CTRL!$E$2:$E$201,MATCH(A8,Ref_CTRL!$A$2:$A$201,0)),"") | D8: =IFERROR(INDEX(Ref_CTRL!$F$2:$F$201,MATCH(A8,Ref_CTRL!$A$2:$A$201,0)),"") | J8: =IFERROR(INDEX(Ref_CTRL!$D$2:$D$201,MATCH(A8,Ref_CTRL!$A$2:$A$201,0)),"") | O8: =IF(A8="","",IF(COUNTIF(Ref_CTRL!$A$2:$A$201,A8)=0,"CTRL-ID not in W05",IF(L8="","Owner status needed",IF(AND(L8="Confirmed",OR(E8="",G8="")),"Confirmed needs control and evidence owner",IF(AND(L8="Confirmed",M8=""),"Date confirmed needed",IF(AND(L8="Outstanding",N8=""),"Follow-up needed",IF(AND(C8="Y",K8=""),"Walkthrough contact needed (key control)","OK")))))))
B9: =IFERROR(INDEX(Ref_CTRL!$B$2:$B$201,MATCH(A9,Ref_CTRL!$A$2:$A$201,0)),"") | C9: =IFERROR(INDEX(Ref_CTRL!$E$2:$E$201,MATCH(A9,Ref_CTRL!$A$2:$A$201,0)),"") | D9: =IFERROR(INDEX(Ref_CTRL!$F$2:$F$201,MATCH(A9,Ref_CTRL!$A$2:$A$201,0)),"") | J9: =IFERROR(INDEX(Ref_CTRL!$D$2:$D$201,MATCH(A9,Ref_CTRL!$A$2:$A$201,0)),"") | O9: =IF(A9="","",IF(COUNTIF(Ref_CTRL!$A$2:$A$201,A9)=0,"CTRL-ID not in W05",IF(L9="","Owner status needed",IF(AND(L9="Confirmed",OR(E9="",G9="")),"Confirmed needs control and evidence owner",IF(AND(L9="Confirmed",M9=""),"Date confirmed needed",IF(AND(L9="Outstanding",N9=""),"Follow-up needed",IF(AND(C9="Y",K9=""),"Walkthrough contact needed (key control)","OK")))))))
B10: =IFERROR(INDEX(Ref_CTRL!$B$2:$B$201,MATCH(A10,Ref_CTRL!$A$2:$A$201,0)),"") | C10: =IFERROR(INDEX(Ref_CTRL!$E$2:$E$201,MATCH(A10,Ref_CTRL!$A$2:$A$201,0)),"") | D10: =IFERROR(INDEX(Ref_CTRL!$F$2:$F$201,MATCH(A10,Ref_CTRL!$A$2:$A$201,0)),"") | J10: =IFERROR(INDEX(Ref_CTRL!$D$2:$D$201,MATCH(A10,Ref_CTRL!$A$2:$A$201,0)),"") | O10: =IF(A10="","",IF(COUNTIF(Ref_CTRL!$A$2:$A$201,A10)=0,"CTRL-ID not in W05",IF(L10="","Owner status needed",IF(AND(L10="Confirmed",OR(E10="",G10="")),"Confirmed needs control and evidence owner",IF(AND(L10="Confirmed",M10=""),"Date confirmed needed",IF(AND(L10="Outstanding",N10=""),"Follow-up needed",IF(AND(C10="Y",K10=""),"Walkthrough contact needed (key control)","OK")))))))
B11: =IFERROR(INDEX(Ref_CTRL!$B$2:$B$201,MATCH(A11,Ref_CTRL!$A$2:$A$201,0)),"") | C11: =IFERROR(INDEX(Ref_CTRL!$E$2:$E$201,MATCH(A11,Ref_CTRL!$A$2:$A$201,0)),"") | D11: =IFERROR(INDEX(Ref_CTRL!$F$2:$F$201,MATCH(A11,Ref_CTRL!$A$2:$A$201,0)),"") | J11: =IFERROR(INDEX(Ref_CTRL!$D$2:$D$201,MATCH(A11,Ref_CTRL!$A$2:$A$201,0)),"") | O11: =IF(A11="","",IF(COUNTIF(Ref_CTRL!$A$2:$A$201,A11)=0,"CTRL-ID not in W05",IF(L11="","Owner status needed",IF(AND(L11="Confirmed",OR(E11="",G11="")),"Confirmed needs control and evidence owner",IF(AND(L11="Confirmed",M11=""),"Date confirmed needed",IF(AND(L11="Outstanding",N11=""),"Follow-up needed",IF(AND(C11="Y",K11=""),"Walkthrough contact needed (key control)","OK")))))))
B12: =IFERROR(INDEX(Ref_CTRL!$B$2:$B$201,MATCH(A12,Ref_CTRL!$A$2:$A$201,0)),"") | C12: =IFERROR(INDEX(Ref_CTRL!$E$2:$E$201,MATCH(A12,Ref_CTRL!$A$2:$A$201,0)),"") | D12: =IFERROR(INDEX(Ref_CTRL!$F$2:$F$201,MATCH(A12,Ref_CTRL!$A$2:$A$201,0)),"") | J12: =IFERROR(INDEX(Ref_CTRL!$D$2:$D$201,MATCH(A12,Ref_CTRL!$A$2:$A$201,0)),"") | O12: =IF(A12="","",IF(COUNTIF(Ref_CTRL!$A$2:$A$201,A12)=0,"CTRL-ID not in W05",IF(L12="","Owner status needed",IF(AND(L12="Confirmed",OR(E12="",G12="")),"Confirmed needs control and evidence owner",IF(AND(L12="Confirmed",M12=""),"Date confirmed needed",IF(AND(L12="Outstanding",N12=""),"Follow-up needed",IF(AND(C12="Y",K12=""),"Walkthrough contact needed (key control)","OK")))))))
B13: =IFERROR(INDEX(Ref_CTRL!$B$2:$B$201,MATCH(A13,Ref_CTRL!$A$2:$A$201,0)),"") | C13: =IFERROR(INDEX(Ref_CTRL!$E$2:$E$201,MATCH(A13,Ref_CTRL!$A$2:$A$201,0)),"") | D13: =IFERROR(INDEX(Ref_CTRL!$F$2:$F$201,MATCH(A13,Ref_CTRL!$A$2:$A$201,0)),"") | J13: =IFERROR(INDEX(Ref_CTRL!$D$2:$D$201,MATCH(A13,Ref_CTRL!$A$2:$A$201,0)),"") | O13: =IF(A13="","",IF(COUNTIF(Ref_CTRL!$A$2:$A$201,A13)=0,"CTRL-ID not in W05",IF(L13="","Owner status needed",IF(AND(L13="Confirmed",OR(E13="",G13="")),"Confirmed needs control and evidence owner",IF(AND(L13="Confirmed",M13=""),"Date confirmed needed",IF(AND(L13="Outstanding",N13=""),"Follow-up needed",IF(AND(C13="Y",K13=""),"Walkthrough contact needed (key control)","OK")))))))
B14: =IFERROR(INDEX(Ref_CTRL!$B$2:$B$201,MATCH(A14,Ref_CTRL!$A$2:$A$201,0)),"") | C14: =IFERROR(INDEX(Ref_CTRL!$E$2:$E$201,MATCH(A14,Ref_CTRL!$A$2:$A$201,0)),"") | D14: =IFERROR(INDEX(Ref_CTRL!$F$2:$F$201,MATCH(A14,Ref_CTRL!$A$2:$A$201,0)),"") | J14: =IFERROR(INDEX(Ref_CTRL!$D$2:$D$201,MATCH(A14,Ref_CTRL!$A$2:$A$201,0)),"") | O14: =IF(A14="","",IF(COUNTIF(Ref_CTRL!$A$2:$A$201,A14)=0,"CTRL-ID not in W05",IF(L14="","Owner status needed",IF(AND(L14="Confirmed",OR(E14="",G14="")),"Confirmed needs control and evidence owner",IF(AND(L14="Confirmed",M14=""),"Date confirmed needed",IF(AND(L14="Outstanding",N14=""),"Follow-up needed",IF(AND(C14="Y",K14=""),"Walkthrough contact needed (key control)","OK")))))))
B15: =IFERROR(INDEX(Ref_CTRL!$B$2:$B$201,MATCH(A15,Ref_CTRL!$A$2:$A$201,0)),"") | C15: =IFERROR(INDEX(Ref_CTRL!$E$2:$E$201,MATCH(A15,Ref_CTRL!$A$2:$A$201,0)),"") | D15: =IFERROR(INDEX(Ref_CTRL!$F$2:$F$201,MATCH(A15,Ref_CTRL!$A$2:$A$201,0)),"") | J15: =IFERROR(INDEX(Ref_CTRL!$D$2:$D$201,MATCH(A15,Ref_CTRL!$A$2:$A$201,0)),"") | O15: =IF(A15="","",IF(COUNTIF(Ref_CTRL!$A$2:$A$201,A15)=0,"CTRL-ID not in W05",IF(L15="","Owner status needed",IF(AND(L15="Confirmed",OR(E15="",G15="")),"Confirmed needs control and evidence owner",IF(AND(L15="Confirmed",M15=""),"Date confirmed needed",IF(AND(L15="Outstanding",N15=""),"Follow-up needed",IF(AND(C15="Y",K15=""),"Walkthrough contact needed (key control)","OK")))))))
B16: =IFERROR(INDEX(Ref_CTRL!$B$2:$B$201,MATCH(A16,Ref_CTRL!$A$2:$A$201,0)),"") | C16: =IFERROR(INDEX(Ref_CTRL!$E$2:$E$201,MATCH(A16,Ref_CTRL!$A$2:$A$201,0)),"") | D16: =IFERROR(INDEX(Ref_CTRL!$F$2:$F$201,MATCH(A16,Ref_CTRL!$A$2:$A$201,0)),"") | J16: =IFERROR(INDEX(Ref_CTRL!$D$2:$D$201,MATCH(A16,Ref_CTRL!$A$2:$A$201,0)),"") | O16: =IF(A16="","",IF(COUNTIF(Ref_CTRL!$A$2:$A$201,A16)=0,"CTRL-ID not in W05",IF(L16="","Owner status needed",IF(AND(L16="Confirmed",OR(E16="",G16="")),"Confirmed needs control and evidence owner",IF(AND(L16="Confirmed",M16=""),"Date confirmed needed",IF(AND(L16="Outstanding",N16=""),"Follow-up needed",IF(AND(C16="Y",K16=""),"Walkthrough contact needed (key control)","OK")))))))
B17: =IFERROR(INDEX(Ref_CTRL!$B$2:$B$201,MATCH(A17,Ref_CTRL!$A$2:$A$201,0)),"") | C17: =IFERROR(INDEX(Ref_CTRL!$E$2:$E$201,MATCH(A17,Ref_CTRL!$A$2:$A$201,0)),"") | D17: =IFERROR(INDEX(Ref_CTRL!$F$2:$F$201,MATCH(A17,Ref_CTRL!$A$2:$A$201,0)),"") | J17: =IFERROR(INDEX(Ref_CTRL!$D$2:$D$201,MATCH(A17,Ref_CTRL!$A$2:$A$201,0)),"") | O17: =IF(A17="","",IF(COUNTIF(Ref_CTRL!$A$2:$A$201,A17)=0,"CTRL-ID not in W05",IF(L17="","Owner status needed",IF(AND(L17="Confirmed",OR(E17="",G17="")),"Confirmed needs control and evidence owner",IF(AND(L17="Confirmed",M17=""),"Date confirmed needed",IF(AND(L17="Outstanding",N17=""),"Follow-up needed",IF(AND(C17="Y",K17=""),"Walkthrough contact needed (key control)","OK")))))))
... B204: =IFERROR(INDEX(Ref_CTRL!$B$2:$B$201,MATCH(A204,Ref_CTRL!$A$2:$A$201,0)),"") | C204: =IFERROR(INDEX(Ref_CTRL!$E$2:$E$201,MATCH(A204,Ref_CTRL!$A$2:$A$201,0)),"") | D204: =IFERROR(INDEX(Ref_CTRL!$F$2:$F$201,MATCH(A204,Ref_CTRL!$A$2:$A$201,0)),"") | J204: =IFERROR(INDEX(Ref_CTRL!$D$2:$D$201,MATCH(A204,Ref_CTRL!$A$2:$A$201,0)),"") | O204: =IF(A204="","",IF(COUNTIF(Ref_CTRL!$A$2:$A$201,A204)=0,"CTRL-ID not in W05",IF(L204="","Owner status needed",IF(AND(L204="Confirmed",OR(E204="",G204="")),"Confirmed needs control and evidence owner",IF(AND(L204="Confirmed",M204=""),"Date confirmed needed",IF(AND(L204="Outstanding",N204=""),"Follow-up needed",IF(AND(C204="Y",K204=""),"Walkthrough contact needed (key control)","OK")))))))

Sheet Open_Items
A1: W07 — Open Items
A2: Ownership or evidence questions still to resolve.
A4: Item ID | B4: Source | C4: Question / dependency | D4: Owner | E4: Raised | F4: Target date | G4: Status | H4: Resolution
A5: OI-01 | B5: C-ITGC-AC-004 | C5: Controller list for Firefighter IDs not yet provided | D5: IT Security Manager | G5: Open

Sheet Ref_CTRL
A1: CTRL-ID (from W05) | B1: Control title (from W05) | C1: Control owner (from W05) | D1: Expected evidence (from W05) | E1: Key control? Y/N (from W05) | F1: Risk owner (from W04)
A2: C-ITAC-004 | B2: Three-way match blocks out-of-tolerance invoices | C2: Head of AP | D2: OMR6 screenshot, table change log, blocked invoice sample | E2: Y | F2: Head of AP
A3: C-ITGC-AC-002 | B3: Timely removal of leavers | C3: IT Security Manager | D3: HR leavers report; SU01 change documents | E3: Y | F3: IT Security Manager
A4: C-ITGC-AC-003 | B4: Quarterly user access review | C4: IT Security Manager | D4: UAR campaign export, sign-offs, removal evidence | E4: Y | F4: IT Security Manager
A5: C-ITGC-AC-004 | B5: Firefighter use approved and reviewed | C5: IT Security Manager | D5: EAM session logs, approvals, controller review | E5: Y | F5: IT Security Manager
A6: C-ITGC-PC-001 | B6: Transports approved, tested, imported by Basis | C6: Basis Lead | D6: STMS import history; change tickets | E6: Y | F6: Basis Lead
A7: C-BPC-P2P-003 | B7: Payment file reconciliation | C7: Treasury Manager | D7: Bank confirmations, F110 logs | E7: Y | F7: Treasury Manager

Sheet Lists
A1: OStat | B1: OpenStatus
A2: Confirmed | B2: Open
A3: Outstanding | B3: In progress
B4: Closed

Sheet Checks
A1: W07 — Completion checks
A2: All checks are formulas. A workbook passes its gate when every status reads PASS (INFO rows are counts for your information).
A3: Overall | B3: =IF(COUNTIF(C6:C13,"REVIEW")=0,"ALL CHECKS PASS","REVIEW ITEMS: "&COUNTIF(C6:C13,"REVIEW")) -> REVIEW ITEMS: 1
A5: Check | B5: Count | C5: Status | D5: What to do if REVIEW
A6: Controls with an owner row | B6: =COUNTA(Owner_Matrix!A5:A204) -> 1 | C6: INFO | D6: —
A7: Duplicate CTRL-IDs | B7: =SUMPRODUCT((Owner_Matrix!A5:A204<>"")*(COUNTIF(Owner_Matrix!A5:A204,Owner_Matrix!A5:A204)>1)) -> 0 | C7: =IF(B7=0,"PASS","REVIEW") -> PASS | D7: One row per control.
A8: Rows needing attention | B8: =SUMPRODUCT((Owner_Matrix!O5:O204<>"")*(Owner_Matrix!O5:O204<>"OK")*(LEFT(Owner_Matrix!O5:O204,2)<>"OK")) -> 0 | C8: =IF(B8=0,"PASS","REVIEW") -> PASS | D8: Read the Row check column.
A9: W05 controls with no owner-matrix row | B9: =SUMPRODUCT((Ref_CTRL!A2:A201<>"")*(COUNTIF(Owner_Matrix!A5:A204,Ref_CTRL!A2:A201)=0)) -> 5 | C9: =IF(B9=0,"PASS","REVIEW") -> REVIEW | D9: Every in-scope CTRL-ID needs a row.
A10: Owners still Outstanding | B10: =COUNTIF(Owner_Matrix!L5:L204,"Outstanding") -> 0 | C10: INFO | D10: Escalate in the W14 dependency list. Not a control failure.
A11: Key controls with owner not yet confirmed | B11: =SUMPRODUCT((Owner_Matrix!C5:C204="Y")*(Owner_Matrix!L5:L204<>"Confirmed")) -> 0 | C11: INFO | D11: Prioritise before gate G5.
A12: Rows with no backup contact | B12: =SUMPRODUCT((Owner_Matrix!A5:A204<>"")*(Owner_Matrix!H5:H204="")) -> 0 | C12: INFO | D12: Recommended: identify an alternate.
A13: Open items still open | B13: =COUNTIF(Open_Items!G5:G204,"Open")+COUNTIF(Open_Items!G5:G204,"In progress") -> 1 | C13: INFO | D13: Track to closure.
