Workbook

Sheet Instructions
A1: TIB SYSTEMS LLC | SAP Controls Project Foundation Workbook Set
A2: W08 — PBC / Evidence Request Register
A4: Purpose
A5: Lists every piece of evidence requested, from whom, for which period and for which control and test. Every request must answer a future testing question. If it cannot be traced to a CTRL-ID and a planned test, do not make it.
A7: How to use this workbook
A8: 1. Paste CTRL-ID, title, evidence owner (W07), key flag (W05) into Ref_CTRL.
A9: 2. For each in-scope key control, read Expected evidence and Test approach in W05 and write the wave 1 and 2 requests (configuration and populations).
A10: 3. Make each request precise: system, client, period, fields, format. Consolidate requests that serve several controls.
A11: 4. Issue, then track daily. Update Status and add EV-IDs as items are indexed in W09.
A12: 5. Raise wave 3 sample requests only after W12 sampling is complete.
A14: Colour legend
A15: Yellow cells with blue text = you enter data here. Grey cells = formulas (do not overwrite). Row 5 of each register is a worked ABC Manufacturing example: overwrite it with your first record.
... A26: Column dictionary
A27: Tab | B27: Field | C27: Definition | D27: Allowed values / rule | E27: Type
A28: PBC_Register | B28: PBC-ID | C28: Unique key | D28: PBC-nnn | E28: Input
A29: PBC_Register | B29: Request wave | C29: Timing of the request | D29: 1 Scoping / 2 Population / 3 Sample / 4 Follow-up | E29: Input
A30: PBC_Register | B30: Primary CTRL-ID | C30: Main control the evidence supports | D30: Must exist in W05 | E30: Input
A31: PBC_Register | B31: Other CTRL-ID(s) | C31: Other controls served by the same request | D31: CTRL-ID list | E31: Input
A32: PBC_Register | B32: TEST-ID(s) | C32: Tests that will use it | D32: Back-filled when W10 is built; required for wave 3 | E32: Input
A33: PBC_Register | B33: BP-ID / SYS-ID | C33: Where the evidence applies | D33: Keys from W03 / W01 | E33: Input
A34: PBC_Register | B34: Requested evidence | C34: Exactly what is needed: system, client, period, fields, format | D34: Specific enough to be unambiguous | E34: Input
A35: PBC_Register | B35: Period from | C35: Start of period or as-of date | D35: Date | E35: Input
A36: PBC_Register | B36: Period to | C36: End of period | D36: Date | E36: Input
A37: PBC_Register | B37: Evidence type | C37: Request type; Population triggers an IPE check | D37: Population / Sample / Configuration / Policy | E37: Input
A38: PBC_Register | B38: Evidence owner | C38: From W07 (lookup via Ref_CTRL) | D38: Formula | E38: Formula
... A47: PBC_Register | B47: Row check | C47: Automatic completeness test | D47: Formula | E47: Formula
A49: Version history
A50: 0.1 — October 2026 — initial template (TIB Systems LLC)
A51: Cross-workbook links: keys from other workbooks are pasted as values into the Ref_ tabs, so this file works on its own and never breaks when files are moved.

Sheet PBC_Register
A1: W08 — PBC Register
A2: One row per request. Row 5 is a worked example. Overwrite it.
A4: PBC-ID | B4: Request wave | C4: Primary CTRL-ID | D4: Other CTRL-ID(s) | E4: TEST-ID(s) | F4: BP-ID / SYS-ID | G4: Requested evidence | H4: Period from | I4: Period to | J4: Evidence type | K4: Evidence owner | L4: Date requested | M4: Due date | N4: Priority | O4: Status | P4: EV-ID(s) | Q4: IPE needed? | R4: Days overdue | S4: Notes | T4: Row check
A5: PBC-018 | B5: 2 Population | C5: C-ITGC-PC-001 | F5: SYS-03 | G5: STMS import history to ECP/300: all transports imported 01-Jan to 30-Sep (TPALOG). CSV with request number, import date/time, importing user, return code. | H5: 46023 | I5: 46295 | J5: Population | K5: =IFERROR(INDEX(Ref_CTRL!$C$2:$C$201,MATCH(C5,Ref_CTRL!$A$2:$A$201,0)),"") -> Basis; ITSM admin | L5: 46296 | M5: 46304 | N5: High | O5: Requested | Q5: =IF(J5="Population","Y","") -> Y | R5: =IF(OR(A5="",M5="",O5="Received",O5="Closed"),"",IF(TODAY()>M5,TODAY()-M5,0)) -> 0 | S5: Confirm no filters applied to extract | T5: =IF(A5="","",IF(OR(B5="",C5="",G5="",J5=""),"Wave, control, evidence description, type needed",IF(COUNTIF(Ref_CTRL!$A$2:$A$201,C5)=0,"CTRL-ID not in W05",IF(OR(H5="",I5=""),"Period / as-of dates needed",IF(AND(OR(O5="Received",O5="Closed"),P5=""),"EV-ID needed once received",IF(AND(B5="3 Sample",E5=""),"Sample request needs a TEST-ID","OK")))))) -> OK
K6: =IFERROR(INDEX(Ref_CTRL!$C$2:$C$201,MATCH(C6,Ref_CTRL!$A$2:$A$201,0)),"") | Q6: =IF(J6="Population","Y","") | R6: =IF(OR(A6="",M6="",O6="Received",O6="Closed"),"",IF(TODAY()>M6,TODAY()-M6,0)) | T6: =IF(A6="","",IF(OR(B6="",C6="",G6="",J6=""),"Wave, control, evidence description, type needed",IF(COUNTIF(Ref_CTRL!$A$2:$A$201,C6)=0,"CTRL-ID not in W05",IF(OR(H6="",I6=""),"Period / as-of dates needed",IF(AND(OR(O6="Received",O6="Closed"),P6=""),"EV-ID needed once received",IF(AND(B6="3 Sample",E6=""),"Sample request needs a TEST-ID","OK"))))))
K7: =IFERROR(INDEX(Ref_CTRL!$C$2:$C$201,MATCH(C7,Ref_CTRL!$A$2:$A$201,0)),"") | Q7: =IF(J7="Population","Y","") | R7: =IF(OR(A7="",M7="",O7="Received",O7="Closed"),"",IF(TODAY()>M7,TODAY()-M7,0)) | T7: =IF(A7="","",IF(OR(B7="",C7="",G7="",J7=""),"Wave, control, evidence description, type needed",IF(COUNTIF(Ref_CTRL!$A$2:$A$201,C7)=0,"CTRL-ID not in W05",IF(OR(H7="",I7=""),"Period / as-of dates needed",IF(AND(OR(O7="Received",O7="Closed"),P7=""),"EV-ID needed once received",IF(AND(B7="3 Sample",E7=""),"Sample request needs a TEST-ID","OK"))))))
K8: =IFERROR(INDEX(Ref_CTRL!$C$2:$C$201,MATCH(C8,Ref_CTRL!$A$2:$A$201,0)),"") | Q8: =IF(J8="Population","Y","") | R8: =IF(OR(A8="",M8="",O8="Received",O8="Closed"),"",IF(TODAY()>M8,TODAY()-M8,0)) | T8: =IF(A8="","",IF(OR(B8="",C8="",G8="",J8=""),"Wave, control, evidence description, type needed",IF(COUNTIF(Ref_CTRL!$A$2:$A$201,C8)=0,"CTRL-ID not in W05",IF(OR(H8="",I8=""),"Period / as-of dates needed",IF(AND(OR(O8="Received",O8="Closed"),P8=""),"EV-ID needed once received",IF(AND(B8="3 Sample",E8=""),"Sample request needs a TEST-ID","OK"))))))
K9: =IFERROR(INDEX(Ref_CTRL!$C$2:$C$201,MATCH(C9,Ref_CTRL!$A$2:$A$201,0)),"") | Q9: =IF(J9="Population","Y","") | R9: =IF(OR(A9="",M9="",O9="Received",O9="Closed"),"",IF(TODAY()>M9,TODAY()-M9,0)) | T9: =IF(A9="","",IF(OR(B9="",C9="",G9="",J9=""),"Wave, control, evidence description, type needed",IF(COUNTIF(Ref_CTRL!$A$2:$A$201,C9)=0,"CTRL-ID not in W05",IF(OR(H9="",I9=""),"Period / as-of dates needed",IF(AND(OR(O9="Received",O9="Closed"),P9=""),"EV-ID needed once received",IF(AND(B9="3 Sample",E9=""),"Sample request needs a TEST-ID","OK"))))))
K10: =IFERROR(INDEX(Ref_CTRL!$C$2:$C$201,MATCH(C10,Ref_CTRL!$A$2:$A$201,0)),"") | Q10: =IF(J10="Population","Y","") | R10: =IF(OR(A10="",M10="",O10="Received",O10="Closed"),"",IF(TODAY()>M10,TODAY()-M10,0)) | T10: =IF(A10="","",IF(OR(B10="",C10="",G10="",J10=""),"Wave, control, evidence description, type needed",IF(COUNTIF(Ref_CTRL!$A$2:$A$201,C10)=0,"CTRL-ID not in W05",IF(OR(H10="",I10=""),"Period / as-of dates needed",IF(AND(OR(O10="Received",O10="Closed"),P10=""),"EV-ID needed once received",IF(AND(B10="3 Sample",E10=""),"Sample request needs a TEST-ID","OK"))))))
K11: =IFERROR(INDEX(Ref_CTRL!$C$2:$C$201,MATCH(C11,Ref_CTRL!$A$2:$A$201,0)),"") | Q11: =IF(J11="Population","Y","") | R11: =IF(OR(A11="",M11="",O11="Received",O11="Closed"),"",IF(TODAY()>M11,TODAY()-M11,0)) | T11: =IF(A11="","",IF(OR(B11="",C11="",G11="",J11=""),"Wave, control, evidence description, type needed",IF(COUNTIF(Ref_CTRL!$A$2:$A$201,C11)=0,"CTRL-ID not in W05",IF(OR(H11="",I11=""),"Period / as-of dates needed",IF(AND(OR(O11="Received",O11="Closed"),P11=""),"EV-ID needed once received",IF(AND(B11="3 Sample",E11=""),"Sample request needs a TEST-ID","OK"))))))
K12: =IFERROR(INDEX(Ref_CTRL!$C$2:$C$201,MATCH(C12,Ref_CTRL!$A$2:$A$201,0)),"") | Q12: =IF(J12="Population","Y","") | R12: =IF(OR(A12="",M12="",O12="Received",O12="Closed"),"",IF(TODAY()>M12,TODAY()-M12,0)) | T12: =IF(A12="","",IF(OR(B12="",C12="",G12="",J12=""),"Wave, control, evidence description, type needed",IF(COUNTIF(Ref_CTRL!$A$2:$A$201,C12)=0,"CTRL-ID not in W05",IF(OR(H12="",I12=""),"Period / as-of dates needed",IF(AND(OR(O12="Received",O12="Closed"),P12=""),"EV-ID needed once received",IF(AND(B12="3 Sample",E12=""),"Sample request needs a TEST-ID","OK"))))))
K13: =IFERROR(INDEX(Ref_CTRL!$C$2:$C$201,MATCH(C13,Ref_CTRL!$A$2:$A$201,0)),"") | Q13: =IF(J13="Population","Y","") | R13: =IF(OR(A13="",M13="",O13="Received",O13="Closed"),"",IF(TODAY()>M13,TODAY()-M13,0)) | T13: =IF(A13="","",IF(OR(B13="",C13="",G13="",J13=""),"Wave, control, evidence description, type needed",IF(COUNTIF(Ref_CTRL!$A$2:$A$201,C13)=0,"CTRL-ID not in W05",IF(OR(H13="",I13=""),"Period / as-of dates needed",IF(AND(OR(O13="Received",O13="Closed"),P13=""),"EV-ID needed once received",IF(AND(B13="3 Sample",E13=""),"Sample request needs a TEST-ID","OK"))))))
K14: =IFERROR(INDEX(Ref_CTRL!$C$2:$C$201,MATCH(C14,Ref_CTRL!$A$2:$A$201,0)),"") | Q14: =IF(J14="Population","Y","") | R14: =IF(OR(A14="",M14="",O14="Received",O14="Closed"),"",IF(TODAY()>M14,TODAY()-M14,0)) | T14: =IF(A14="","",IF(OR(B14="",C14="",G14="",J14=""),"Wave, control, evidence description, type needed",IF(COUNTIF(Ref_CTRL!$A$2:$A$201,C14)=0,"CTRL-ID not in W05",IF(OR(H14="",I14=""),"Period / as-of dates needed",IF(AND(OR(O14="Received",O14="Closed"),P14=""),"EV-ID needed once received",IF(AND(B14="3 Sample",E14=""),"Sample request needs a TEST-ID","OK"))))))
K15: =IFERROR(INDEX(Ref_CTRL!$C$2:$C$201,MATCH(C15,Ref_CTRL!$A$2:$A$201,0)),"") | Q15: =IF(J15="Population","Y","") | R15: =IF(OR(A15="",M15="",O15="Received",O15="Closed"),"",IF(TODAY()>M15,TODAY()-M15,0)) | T15: =IF(A15="","",IF(OR(B15="",C15="",G15="",J15=""),"Wave, control, evidence description, type needed",IF(COUNTIF(Ref_CTRL!$A$2:$A$201,C15)=0,"CTRL-ID not in W05",IF(OR(H15="",I15=""),"Period / as-of dates needed",IF(AND(OR(O15="Received",O15="Closed"),P15=""),"EV-ID needed once received",IF(AND(B15="3 Sample",E15=""),"Sample request needs a TEST-ID","OK"))))))
K16: =IFERROR(INDEX(Ref_CTRL!$C$2:$C$201,MATCH(C16,Ref_CTRL!$A$2:$A$201,0)),"") | Q16: =IF(J16="Population","Y","") | R16: =IF(OR(A16="",M16="",O16="Received",O16="Closed"),"",IF(TODAY()>M16,TODAY()-M16,0)) | T16: =IF(A16="","",IF(OR(B16="",C16="",G16="",J16=""),"Wave, control, evidence description, type needed",IF(COUNTIF(Ref_CTRL!$A$2:$A$201,C16)=0,"CTRL-ID not in W05",IF(OR(H16="",I16=""),"Period / as-of dates needed",IF(AND(OR(O16="Received",O16="Closed"),P16=""),"EV-ID needed once received",IF(AND(B16="3 Sample",E16=""),"Sample request needs a TEST-ID","OK"))))))
K17: =IFERROR(INDEX(Ref_CTRL!$C$2:$C$201,MATCH(C17,Ref_CTRL!$A$2:$A$201,0)),"") | Q17: =IF(J17="Population","Y","") | R17: =IF(OR(A17="",M17="",O17="Received",O17="Closed"),"",IF(TODAY()>M17,TODAY()-M17,0)) | T17: =IF(A17="","",IF(OR(B17="",C17="",G17="",J17=""),"Wave, control, evidence description, type needed",IF(COUNTIF(Ref_CTRL!$A$2:$A$201,C17)=0,"CTRL-ID not in W05",IF(OR(H17="",I17=""),"Period / as-of dates needed",IF(AND(OR(O17="Received",O17="Closed"),P17=""),"EV-ID needed once received",IF(AND(B17="3 Sample",E17=""),"Sample request needs a TEST-ID","OK"))))))
... K204: =IFERROR(INDEX(Ref_CTRL!$C$2:$C$201,MATCH(C204,Ref_CTRL!$A$2:$A$201,0)),"") | Q204: =IF(J204="Population","Y","") | R204: =IF(OR(A204="",M204="",O204="Received",O204="Closed"),"",IF(TODAY()>M204,TODAY()-M204,0)) | T204: =IF(A204="","",IF(OR(B204="",C204="",G204="",J204=""),"Wave, control, evidence description, type needed",IF(COUNTIF(Ref_CTRL!$A$2:$A$201,C204)=0,"CTRL-ID not in W05",IF(OR(H204="",I204=""),"Period / as-of dates needed",IF(AND(OR(O204="Received",O204="Closed"),P204=""),"EV-ID needed once received",IF(AND(B204="3 Sample",E204=""),"Sample request needs a TEST-ID","OK"))))))

Sheet Ref_CTRL
A1: CTRL-ID (from W05) | B1: Control title (from W05) | C1: Evidence owner (from W07) | D1: Expected evidence (from W05) | E1: Key control? Y/N (from W05)
A2: C-ITAC-004 | B2: Three-way match blocks out-of-tolerance invoices | C2: SAP functional support | D2: OMR6 screenshot, table change log | E2: Y
A3: C-ITGC-AC-002 | B3: Timely removal of leavers | C3: HR Operations; Basis | D3: HR leavers report; SU01 change documents | E3: Y
A4: C-ITGC-AC-003 | B4: Quarterly user access review | C4: GRC Administrator | D4: UAR campaign export | E4: Y
A5: C-ITGC-PC-001 | B5: Transports approved, tested, imported by Basis | C5: Basis; ITSM admin | D5: STMS import history; change tickets | E5: Y

Sheet Lists
A1: Wave | B1: EType | C1: Pri | D1: PStat
A2: 1 Scoping | B2: Population | C2: High | D2: Requested
A3: 2 Population | B3: Sample | C3: Medium | D3: Partially received
A4: 3 Sample | B4: Configuration | C4: Low | D4: Received
A5: 4 Follow-up | B5: Policy | D5: Rejected - incomplete
D6: Closed

Sheet Checks
A1: W08 — Completion checks
A2: All checks are formulas. A workbook passes its gate when every status reads PASS (INFO rows are counts for your information).
A3: Overall | B3: =IF(COUNTIF(C6:C14,"REVIEW")=0,"ALL CHECKS PASS","REVIEW ITEMS: "&COUNTIF(C6:C14,"REVIEW")) -> REVIEW ITEMS: 1
A5: Check | B5: Count | C5: Status | D5: What to do if REVIEW
A6: PBC requests raised | B6: =COUNTA(PBC_Register!A5:A204) -> 1 | C6: INFO | D6: —
A7: Duplicate PBC-IDs | B7: =SUMPRODUCT((PBC_Register!A5:A204<>"")*(COUNTIF(PBC_Register!A5:A204,PBC_Register!A5:A204)>1)) -> 0 | C7: =IF(B7=0,"PASS","REVIEW") -> PASS | D7: Keys must be unique.
A8: Request rows needing attention | B8: =SUMPRODUCT((PBC_Register!T5:T204<>"")*(PBC_Register!T5:T204<>"OK")*(LEFT(PBC_Register!T5:T204,2)<>"OK")) -> 0 | C8: =IF(B8=0,"PASS","REVIEW") -> PASS | D8: Read the Row check column.
A9: Key controls with NO PBC request (primary control) | B9: =SUMPRODUCT((Ref_CTRL!E2:E201="Y")*(COUNTIF(PBC_Register!C5:C204,Ref_CTRL!A2:A201)=0)) -> 3 | C9: =IF(B9=0,"PASS","REVIEW") -> REVIEW | D9: Every key control needs evidence requested; read Expected evidence in W05.
A10: Population requests (need IPE check in W09) | B10: =COUNTIF(PBC_Register!J5:J204,"Population") -> 1 | C10: INFO | D10: Complete completeness and accuracy checks before sampling.
A11: Requests overdue | B11: =COUNTIF(PBC_Register!R5:R204,">0") -> 0 | C11: INFO | D11: Chase evidence owners daily during fieldwork.
A12: Requests Requested / Partially received | B12: =COUNTIF(PBC_Register!O5:O204,"Requested")+COUNTIF(PBC_Register!O5:O204,"Partially received") -> 1 | C12: INFO | D12: Outstanding items go to the W14 dependency list.
A13: Requests rejected as incomplete | B13: =COUNTIF(PBC_Register!O5:O204,"Rejected - incomplete") -> 0 | C13: INFO | D13: Return to the evidence owner with the gap stated.
A14: Requests Received or Closed | B14: =COUNTIF(PBC_Register!O5:O204,"Received")+COUNTIF(PBC_Register!O5:O204,"Closed") -> 0 | C14: INFO | D14: Each must carry an EV-ID.
