Workbook

Sheet Instructions
A1: TIB SYSTEMS LLC | SAP Controls Project Foundation Workbook Set
A2: W09 — Evidence Index & IPE Log
A4: Purpose
A5: The filing system. Every item received gets an EV-ID, its source and extraction details are recorded, the original is preserved, and population evidence is checked for completeness and accuracy before any sample is drawn.
A7: How to use this workbook
A8: 1. Paste PBC-ID, period from, period to and evidence type from W08 into Ref_PBC.
A9: 2. Log every item received in Evidence_Index using the filename convention EV-ID_SYS_description_date.ext. Keep the raw original untouched.
A10: 3. For each population, record the completeness and accuracy work in IPE_Log.
A11: 4. Set the IPE result. No sample may be drawn until the result is Pass.
A12: 5. Back-fill TEST-IDs once W10 exists. Update W08 status with EV-IDs.
A14: Colour legend
A15: Yellow cells with blue text = you enter data here. Grey cells = formulas (do not overwrite). Row 5 of each register is a worked ABC Manufacturing example: overwrite it with your first record.
... A26: Column dictionary
A27: Tab | B27: Field | C27: Definition | D27: Allowed values / rule | E27: Type
A28: Evidence_Index | B28: EV-ID | C28: Unique key | D28: EV-nnn | E28: Input
A29: Evidence_Index | B29: PBC-ID | C29: Request it answers | D29: Must exist in W08 (Ref_PBC) | E29: Input
A30: Evidence_Index | B30: PBC period from | C30: Requested period start (lookup) | D30: Formula | E30: Formula
A31: Evidence_Index | B31: PBC period to | C31: Requested period end (lookup) | D31: Formula | E31: Formula
A32: Evidence_Index | B32: Filename | C32: Stored file name | D32: <EV-ID>_<SYS>_<description>_<date>.ext | E32: Input
A33: Evidence_Index | B33: Description | C33: What the file contains | D33: Free text | E33: Input
A34: Evidence_Index | B34: Source SYS-ID | C34: System it was extracted from | D34: From W01 | E34: Input
A35: Evidence_Index | B35: Extraction method | C35: How it was produced | D35: t-code / report / table / GRC report / ITSM export / document | E35: Input
A36: Evidence_Index | B36: Extracted by | C36: Who ran it | D36: Name | E36: Input
A37: Evidence_Index | B37: Extraction date | C37: When it was run | D37: Date | E37: Input
A38: Evidence_Index | B38: Period covered from | C38: Start date in the file | D38: Date; must cover PBC period | E38: Input
... A61: IPE_Log | B61: Check | C61: Automatic test | D61: Formula | E61: Formula
A63: Version history
A64: 0.1 — October 2026 — initial template (TIB Systems LLC)
A65: Cross-workbook links: keys from other workbooks are pasted as values into the Ref_ tabs, so this file works on its own and never breaks when files are moved.

Sheet Evidence_Index
A1: W09 — Evidence Index
A2: One row per item received. Rows 5–6 are worked examples. Overwrite them.
A4: EV-ID | B4: PBC-ID | C4: PBC period from | D4: PBC period to | E4: Filename | F4: Description | G4: Source SYS-ID | H4: Extraction method | I4: Extracted by | J4: Extraction date | K4: Period covered from | L4: Period covered to | M4: Record count | N4: Received date | O4: Original preserved? | P4: IPE required? | Q4: IPE result | R4: Used by TEST-ID(s) | S4: Row check
A5: EV-012 | B5: PBC-010 | C5: =IFERROR(INDEX(Ref_PBC!$B$2:$B$201,MATCH(B5,Ref_PBC!$A$2:$A$201,0)),"") -> 46023 | D5: =IFERROR(INDEX(Ref_PBC!$C$2:$C$201,MATCH(B5,Ref_PBC!$A$2:$A$201,0)),"") -> 46295 | E5: EV-012_ECP_USR02_users_2026-10-01.csv | F5: All SAP users in ECP/300 (USR02 extract) | G5: SYS-03 | H5: SE16N / RSUSR002 | I5: Basis Lead | J5: 46296 | K5: 46023 | L5: 46295 | M5: 1284 | N5: 46296 | O5: Y | P5: =IF(A5="","",IF(IFERROR(INDEX(Ref_PBC!$D$2:$D$201,MATCH(B5,Ref_PBC!$A$2:$A$201,0)),"")="Population","Y","N")) -> Y | Q5: Pass | R5: C-ITGC-AC-001-TOE; C-ITGC-AC-003-TOE | S5: =IF(A5="","",IF(OR(B5="",E5="",G5="",M5=""),"PBC-ID, filename, source system, record count needed",IF(COUNTIF(Ref_PBC!$A$2:$A$201,B5)=0,"PBC-ID not in W08",IF(LEFT(E5,LEN(A5)+1)<>A5&"_","Filename must start with EV-ID_",IF(O5<>"Y","Original must be preserved (Y)",IF(OR(K5="",L5=""),"Period covered needed",IF(OR(K5>C5,L5<D5),"Period does not cover the PBC period",IF(AND(P5="Y",Q5=""),"IPE result needed",IF(AND(P5="Y",Q5<>"Pass"),"HOLD: IPE not Pass - do not sample","OK"))))))))) -> OK
A6: EV-019 | B6: PBC-018 | C6: =IFERROR(INDEX(Ref_PBC!$B$2:$B$201,MATCH(B6,Ref_PBC!$A$2:$A$201,0)),"") -> 46023 | D6: =IFERROR(INDEX(Ref_PBC!$C$2:$C$201,MATCH(B6,Ref_PBC!$A$2:$A$201,0)),"") -> 46295 | E6: EV-019_ECP_STMS_import_history_2026-10-01.csv | F6: PRD transport imports | G6: SYS-03 | H6: STMS import history / TPALOG | I6: Basis Lead | J6: 46296 | K6: 46023 | L6: 46295 | M6: 312 | N6: 46296 | O6: Y | P6: =IF(A6="","",IF(IFERROR(INDEX(Ref_PBC!$D$2:$D$201,MATCH(B6,Ref_PBC!$A$2:$A$201,0)),"")="Population","Y","N")) -> Y | Q6: Pass | R6: C-ITGC-PC-001-TOE | S6: =IF(A6="","",IF(OR(B6="",E6="",G6="",M6=""),"PBC-ID, filename, source system, record count needed",IF(COUNTIF(Ref_PBC!$A$2:$A$201,B6)=0,"PBC-ID not in W08",IF(LEFT(E6,LEN(A6)+1)<>A6&"_","Filename must start with EV-ID_",IF(O6<>"Y","Original must be preserved (Y)",IF(OR(K6="",L6=""),"Period covered needed",IF(OR(K6>C6,L6<D6),"Period does not cover the PBC period",IF(AND(P6="Y",Q6=""),"IPE result needed",IF(AND(P6="Y",Q6<>"Pass"),"HOLD: IPE not Pass - do not sample","OK"))))))))) -> OK
C7: =IFERROR(INDEX(Ref_PBC!$B$2:$B$201,MATCH(B7,Ref_PBC!$A$2:$A$201,0)),"") | D7: =IFERROR(INDEX(Ref_PBC!$C$2:$C$201,MATCH(B7,Ref_PBC!$A$2:$A$201,0)),"") | P7: =IF(A7="","",IF(IFERROR(INDEX(Ref_PBC!$D$2:$D$201,MATCH(B7,Ref_PBC!$A$2:$A$201,0)),"")="Population","Y","N")) | S7: =IF(A7="","",IF(OR(B7="",E7="",G7="",M7=""),"PBC-ID, filename, source system, record count needed",IF(COUNTIF(Ref_PBC!$A$2:$A$201,B7)=0,"PBC-ID not in W08",IF(LEFT(E7,LEN(A7)+1)<>A7&"_","Filename must start with EV-ID_",IF(O7<>"Y","Original must be preserved (Y)",IF(OR(K7="",L7=""),"Period covered needed",IF(OR(K7>C7,L7<D7),"Period does not cover the PBC period",IF(AND(P7="Y",Q7=""),"IPE result needed",IF(AND(P7="Y",Q7<>"Pass"),"HOLD: IPE not Pass - do not sample","OK")))))))))
C8: =IFERROR(INDEX(Ref_PBC!$B$2:$B$201,MATCH(B8,Ref_PBC!$A$2:$A$201,0)),"") | D8: =IFERROR(INDEX(Ref_PBC!$C$2:$C$201,MATCH(B8,Ref_PBC!$A$2:$A$201,0)),"") | P8: =IF(A8="","",IF(IFERROR(INDEX(Ref_PBC!$D$2:$D$201,MATCH(B8,Ref_PBC!$A$2:$A$201,0)),"")="Population","Y","N")) | S8: =IF(A8="","",IF(OR(B8="",E8="",G8="",M8=""),"PBC-ID, filename, source system, record count needed",IF(COUNTIF(Ref_PBC!$A$2:$A$201,B8)=0,"PBC-ID not in W08",IF(LEFT(E8,LEN(A8)+1)<>A8&"_","Filename must start with EV-ID_",IF(O8<>"Y","Original must be preserved (Y)",IF(OR(K8="",L8=""),"Period covered needed",IF(OR(K8>C8,L8<D8),"Period does not cover the PBC period",IF(AND(P8="Y",Q8=""),"IPE result needed",IF(AND(P8="Y",Q8<>"Pass"),"HOLD: IPE not Pass - do not sample","OK")))))))))
C9: =IFERROR(INDEX(Ref_PBC!$B$2:$B$201,MATCH(B9,Ref_PBC!$A$2:$A$201,0)),"") | D9: =IFERROR(INDEX(Ref_PBC!$C$2:$C$201,MATCH(B9,Ref_PBC!$A$2:$A$201,0)),"") | P9: =IF(A9="","",IF(IFERROR(INDEX(Ref_PBC!$D$2:$D$201,MATCH(B9,Ref_PBC!$A$2:$A$201,0)),"")="Population","Y","N")) | S9: =IF(A9="","",IF(OR(B9="",E9="",G9="",M9=""),"PBC-ID, filename, source system, record count needed",IF(COUNTIF(Ref_PBC!$A$2:$A$201,B9)=0,"PBC-ID not in W08",IF(LEFT(E9,LEN(A9)+1)<>A9&"_","Filename must start with EV-ID_",IF(O9<>"Y","Original must be preserved (Y)",IF(OR(K9="",L9=""),"Period covered needed",IF(OR(K9>C9,L9<D9),"Period does not cover the PBC period",IF(AND(P9="Y",Q9=""),"IPE result needed",IF(AND(P9="Y",Q9<>"Pass"),"HOLD: IPE not Pass - do not sample","OK")))))))))
C10: =IFERROR(INDEX(Ref_PBC!$B$2:$B$201,MATCH(B10,Ref_PBC!$A$2:$A$201,0)),"") | D10: =IFERROR(INDEX(Ref_PBC!$C$2:$C$201,MATCH(B10,Ref_PBC!$A$2:$A$201,0)),"") | P10: =IF(A10="","",IF(IFERROR(INDEX(Ref_PBC!$D$2:$D$201,MATCH(B10,Ref_PBC!$A$2:$A$201,0)),"")="Population","Y","N")) | S10: =IF(A10="","",IF(OR(B10="",E10="",G10="",M10=""),"PBC-ID, filename, source system, record count needed",IF(COUNTIF(Ref_PBC!$A$2:$A$201,B10)=0,"PBC-ID not in W08",IF(LEFT(E10,LEN(A10)+1)<>A10&"_","Filename must start with EV-ID_",IF(O10<>"Y","Original must be preserved (Y)",IF(OR(K10="",L10=""),"Period covered needed",IF(OR(K10>C10,L10<D10),"Period does not cover the PBC period",IF(AND(P10="Y",Q10=""),"IPE result needed",IF(AND(P10="Y",Q10<>"Pass"),"HOLD: IPE not Pass - do not sample","OK")))))))))
C11: =IFERROR(INDEX(Ref_PBC!$B$2:$B$201,MATCH(B11,Ref_PBC!$A$2:$A$201,0)),"") | D11: =IFERROR(INDEX(Ref_PBC!$C$2:$C$201,MATCH(B11,Ref_PBC!$A$2:$A$201,0)),"") | P11: =IF(A11="","",IF(IFERROR(INDEX(Ref_PBC!$D$2:$D$201,MATCH(B11,Ref_PBC!$A$2:$A$201,0)),"")="Population","Y","N")) | S11: =IF(A11="","",IF(OR(B11="",E11="",G11="",M11=""),"PBC-ID, filename, source system, record count needed",IF(COUNTIF(Ref_PBC!$A$2:$A$201,B11)=0,"PBC-ID not in W08",IF(LEFT(E11,LEN(A11)+1)<>A11&"_","Filename must start with EV-ID_",IF(O11<>"Y","Original must be preserved (Y)",IF(OR(K11="",L11=""),"Period covered needed",IF(OR(K11>C11,L11<D11),"Period does not cover the PBC period",IF(AND(P11="Y",Q11=""),"IPE result needed",IF(AND(P11="Y",Q11<>"Pass"),"HOLD: IPE not Pass - do not sample","OK")))))))))
C12: =IFERROR(INDEX(Ref_PBC!$B$2:$B$201,MATCH(B12,Ref_PBC!$A$2:$A$201,0)),"") | D12: =IFERROR(INDEX(Ref_PBC!$C$2:$C$201,MATCH(B12,Ref_PBC!$A$2:$A$201,0)),"") | P12: =IF(A12="","",IF(IFERROR(INDEX(Ref_PBC!$D$2:$D$201,MATCH(B12,Ref_PBC!$A$2:$A$201,0)),"")="Population","Y","N")) | S12: =IF(A12="","",IF(OR(B12="",E12="",G12="",M12=""),"PBC-ID, filename, source system, record count needed",IF(COUNTIF(Ref_PBC!$A$2:$A$201,B12)=0,"PBC-ID not in W08",IF(LEFT(E12,LEN(A12)+1)<>A12&"_","Filename must start with EV-ID_",IF(O12<>"Y","Original must be preserved (Y)",IF(OR(K12="",L12=""),"Period covered needed",IF(OR(K12>C12,L12<D12),"Period does not cover the PBC period",IF(AND(P12="Y",Q12=""),"IPE result needed",IF(AND(P12="Y",Q12<>"Pass"),"HOLD: IPE not Pass - do not sample","OK")))))))))
C13: =IFERROR(INDEX(Ref_PBC!$B$2:$B$201,MATCH(B13,Ref_PBC!$A$2:$A$201,0)),"") | D13: =IFERROR(INDEX(Ref_PBC!$C$2:$C$201,MATCH(B13,Ref_PBC!$A$2:$A$201,0)),"") | P13: =IF(A13="","",IF(IFERROR(INDEX(Ref_PBC!$D$2:$D$201,MATCH(B13,Ref_PBC!$A$2:$A$201,0)),"")="Population","Y","N")) | S13: =IF(A13="","",IF(OR(B13="",E13="",G13="",M13=""),"PBC-ID, filename, source system, record count needed",IF(COUNTIF(Ref_PBC!$A$2:$A$201,B13)=0,"PBC-ID not in W08",IF(LEFT(E13,LEN(A13)+1)<>A13&"_","Filename must start with EV-ID_",IF(O13<>"Y","Original must be preserved (Y)",IF(OR(K13="",L13=""),"Period covered needed",IF(OR(K13>C13,L13<D13),"Period does not cover the PBC period",IF(AND(P13="Y",Q13=""),"IPE result needed",IF(AND(P13="Y",Q13<>"Pass"),"HOLD: IPE not Pass - do not sample","OK")))))))))
C14: =IFERROR(INDEX(Ref_PBC!$B$2:$B$201,MATCH(B14,Ref_PBC!$A$2:$A$201,0)),"") | D14: =IFERROR(INDEX(Ref_PBC!$C$2:$C$201,MATCH(B14,Ref_PBC!$A$2:$A$201,0)),"") | P14: =IF(A14="","",IF(IFERROR(INDEX(Ref_PBC!$D$2:$D$201,MATCH(B14,Ref_PBC!$A$2:$A$201,0)),"")="Population","Y","N")) | S14: =IF(A14="","",IF(OR(B14="",E14="",G14="",M14=""),"PBC-ID, filename, source system, record count needed",IF(COUNTIF(Ref_PBC!$A$2:$A$201,B14)=0,"PBC-ID not in W08",IF(LEFT(E14,LEN(A14)+1)<>A14&"_","Filename must start with EV-ID_",IF(O14<>"Y","Original must be preserved (Y)",IF(OR(K14="",L14=""),"Period covered needed",IF(OR(K14>C14,L14<D14),"Period does not cover the PBC period",IF(AND(P14="Y",Q14=""),"IPE result needed",IF(AND(P14="Y",Q14<>"Pass"),"HOLD: IPE not Pass - do not sample","OK")))))))))
C15: =IFERROR(INDEX(Ref_PBC!$B$2:$B$201,MATCH(B15,Ref_PBC!$A$2:$A$201,0)),"") | D15: =IFERROR(INDEX(Ref_PBC!$C$2:$C$201,MATCH(B15,Ref_PBC!$A$2:$A$201,0)),"") | P15: =IF(A15="","",IF(IFERROR(INDEX(Ref_PBC!$D$2:$D$201,MATCH(B15,Ref_PBC!$A$2:$A$201,0)),"")="Population","Y","N")) | S15: =IF(A15="","",IF(OR(B15="",E15="",G15="",M15=""),"PBC-ID, filename, source system, record count needed",IF(COUNTIF(Ref_PBC!$A$2:$A$201,B15)=0,"PBC-ID not in W08",IF(LEFT(E15,LEN(A15)+1)<>A15&"_","Filename must start with EV-ID_",IF(O15<>"Y","Original must be preserved (Y)",IF(OR(K15="",L15=""),"Period covered needed",IF(OR(K15>C15,L15<D15),"Period does not cover the PBC period",IF(AND(P15="Y",Q15=""),"IPE result needed",IF(AND(P15="Y",Q15<>"Pass"),"HOLD: IPE not Pass - do not sample","OK")))))))))
C16: =IFERROR(INDEX(Ref_PBC!$B$2:$B$201,MATCH(B16,Ref_PBC!$A$2:$A$201,0)),"") | D16: =IFERROR(INDEX(Ref_PBC!$C$2:$C$201,MATCH(B16,Ref_PBC!$A$2:$A$201,0)),"") | P16: =IF(A16="","",IF(IFERROR(INDEX(Ref_PBC!$D$2:$D$201,MATCH(B16,Ref_PBC!$A$2:$A$201,0)),"")="Population","Y","N")) | S16: =IF(A16="","",IF(OR(B16="",E16="",G16="",M16=""),"PBC-ID, filename, source system, record count needed",IF(COUNTIF(Ref_PBC!$A$2:$A$201,B16)=0,"PBC-ID not in W08",IF(LEFT(E16,LEN(A16)+1)<>A16&"_","Filename must start with EV-ID_",IF(O16<>"Y","Original must be preserved (Y)",IF(OR(K16="",L16=""),"Period covered needed",IF(OR(K16>C16,L16<D16),"Period does not cover the PBC period",IF(AND(P16="Y",Q16=""),"IPE result needed",IF(AND(P16="Y",Q16<>"Pass"),"HOLD: IPE not Pass - do not sample","OK")))))))))
C17: =IFERROR(INDEX(Ref_PBC!$B$2:$B$201,MATCH(B17,Ref_PBC!$A$2:$A$201,0)),"") | D17: =IFERROR(INDEX(Ref_PBC!$C$2:$C$201,MATCH(B17,Ref_PBC!$A$2:$A$201,0)),"") | P17: =IF(A17="","",IF(IFERROR(INDEX(Ref_PBC!$D$2:$D$201,MATCH(B17,Ref_PBC!$A$2:$A$201,0)),"")="Population","Y","N")) | S17: =IF(A17="","",IF(OR(B17="",E17="",G17="",M17=""),"PBC-ID, filename, source system, record count needed",IF(COUNTIF(Ref_PBC!$A$2:$A$201,B17)=0,"PBC-ID not in W08",IF(LEFT(E17,LEN(A17)+1)<>A17&"_","Filename must start with EV-ID_",IF(O17<>"Y","Original must be preserved (Y)",IF(OR(K17="",L17=""),"Period covered needed",IF(OR(K17>C17,L17<D17),"Period does not cover the PBC period",IF(AND(P17="Y",Q17=""),"IPE result needed",IF(AND(P17="Y",Q17<>"Pass"),"HOLD: IPE not Pass - do not sample","OK")))))))))
C18: =IFERROR(INDEX(Ref_PBC!$B$2:$B$201,MATCH(B18,Ref_PBC!$A$2:$A$201,0)),"") | D18: =IFERROR(INDEX(Ref_PBC!$C$2:$C$201,MATCH(B18,Ref_PBC!$A$2:$A$201,0)),"") | P18: =IF(A18="","",IF(IFERROR(INDEX(Ref_PBC!$D$2:$D$201,MATCH(B18,Ref_PBC!$A$2:$A$201,0)),"")="Population","Y","N")) | S18: =IF(A18="","",IF(OR(B18="",E18="",G18="",M18=""),"PBC-ID, filename, source system, record count needed",IF(COUNTIF(Ref_PBC!$A$2:$A$201,B18)=0,"PBC-ID not in W08",IF(LEFT(E18,LEN(A18)+1)<>A18&"_","Filename must start with EV-ID_",IF(O18<>"Y","Original must be preserved (Y)",IF(OR(K18="",L18=""),"Period covered needed",IF(OR(K18>C18,L18<D18),"Period does not cover the PBC period",IF(AND(P18="Y",Q18=""),"IPE result needed",IF(AND(P18="Y",Q18<>"Pass"),"HOLD: IPE not Pass - do not sample","OK")))))))))
... C204: =IFERROR(INDEX(Ref_PBC!$B$2:$B$201,MATCH(B204,Ref_PBC!$A$2:$A$201,0)),"") | D204: =IFERROR(INDEX(Ref_PBC!$C$2:$C$201,MATCH(B204,Ref_PBC!$A$2:$A$201,0)),"") | P204: =IF(A204="","",IF(IFERROR(INDEX(Ref_PBC!$D$2:$D$201,MATCH(B204,Ref_PBC!$A$2:$A$201,0)),"")="Population","Y","N")) | S204: =IF(A204="","",IF(OR(B204="",E204="",G204="",M204=""),"PBC-ID, filename, source system, record count needed",IF(COUNTIF(Ref_PBC!$A$2:$A$201,B204)=0,"PBC-ID not in W08",IF(LEFT(E204,LEN(A204)+1)<>A204&"_","Filename must start with EV-ID_",IF(O204<>"Y","Original must be preserved (Y)",IF(OR(K204="",L204=""),"Period covered needed",IF(OR(K204>C204,L204<D204),"Period does not cover the PBC period",IF(AND(P204="Y",Q204=""),"IPE result needed",IF(AND(P204="Y",Q204<>"Pass"),"HOLD: IPE not Pass - do not sample","OK")))))))))

Sheet IPE_Log
A1: W09 — IPE Log
A2: Completeness and accuracy work for each population.
A4: IPE-ID | B4: EV-ID | C4: Population (lookup) | D4: Record count (lookup) | E4: Completeness procedure | F4: Reconciled to | G4: Source count | H4: Count difference | I4: Accuracy procedure | J4: Records traced | K4: Parameters evidenced? | L4: Tester | M4: Test date | N4: Result | O4: Check
A5: IPE-001 | B5: EV-012 | C5: =IFERROR(INDEX(Evidence_Index!$F$5:$F$204,MATCH(B5,Evidence_Index!$A$5:$A$204,0)),"") -> All SAP users in ECP/300 (USR02 extract) | D5: =IFERROR(INDEX(Evidence_Index!$M$5:$M$204,MATCH(B5,Evidence_Index!$A$5:$A$204,0)),"") -> 1284 | E5: Parameters screenshot shows client 300, full date range, no user filter | F5: SUIM RSUSR002 total | G5: 1284 | H5: =IF(OR(D5="",G5=""),"",D5-G5) -> 0 | I5: 5 users traced file to SU01 and back | J5: 5 | K5: Y | L5: Tester 1 | M5: 46297 | N5: Pass | O5: =IF(A5="","",IF(COUNTIF(Evidence_Index!$A$5:$A$204,B5)=0,"EV-ID not in index",IF(OR(E5="",I5=""),"Completeness and accuracy procedures needed",IF(AND(N5="Pass",H5<>0),"Pass requires counts to agree (or explain)",IF(AND(N5="Pass",OR(K5<>"Y",J5="")),"Pass requires parameter evidence and traced records","OK"))))) -> OK
A6: IPE-002 | B6: EV-019 | C6: =IFERROR(INDEX(Evidence_Index!$F$5:$F$204,MATCH(B6,Evidence_Index!$A$5:$A$204,0)),"") -> PRD transport imports | D6: =IFERROR(INDEX(Evidence_Index!$M$5:$M$204,MATCH(B6,Evidence_Index!$A$5:$A$204,0)),"") -> 312 | E6: Count agreed to STMS import queue history; date range verified | F6: STMS import history | G6: 312 | H6: =IF(OR(D6="",G6=""),"",D6-G6) -> 0 | I6: 5 requests traced to SE01 | J6: 5 | K6: Y | L6: Tester 1 | M6: 46297 | N6: Pass | O6: =IF(A6="","",IF(COUNTIF(Evidence_Index!$A$5:$A$204,B6)=0,"EV-ID not in index",IF(OR(E6="",I6=""),"Completeness and accuracy procedures needed",IF(AND(N6="Pass",H6<>0),"Pass requires counts to agree (or explain)",IF(AND(N6="Pass",OR(K6<>"Y",J6="")),"Pass requires parameter evidence and traced records","OK"))))) -> OK
C7: =IFERROR(INDEX(Evidence_Index!$F$5:$F$204,MATCH(B7,Evidence_Index!$A$5:$A$204,0)),"") | D7: =IFERROR(INDEX(Evidence_Index!$M$5:$M$204,MATCH(B7,Evidence_Index!$A$5:$A$204,0)),"") | H7: =IF(OR(D7="",G7=""),"",D7-G7) | O7: =IF(A7="","",IF(COUNTIF(Evidence_Index!$A$5:$A$204,B7)=0,"EV-ID not in index",IF(OR(E7="",I7=""),"Completeness and accuracy procedures needed",IF(AND(N7="Pass",H7<>0),"Pass requires counts to agree (or explain)",IF(AND(N7="Pass",OR(K7<>"Y",J7="")),"Pass requires parameter evidence and traced records","OK")))))
C8: =IFERROR(INDEX(Evidence_Index!$F$5:$F$204,MATCH(B8,Evidence_Index!$A$5:$A$204,0)),"") | D8: =IFERROR(INDEX(Evidence_Index!$M$5:$M$204,MATCH(B8,Evidence_Index!$A$5:$A$204,0)),"") | H8: =IF(OR(D8="",G8=""),"",D8-G8) | O8: =IF(A8="","",IF(COUNTIF(Evidence_Index!$A$5:$A$204,B8)=0,"EV-ID not in index",IF(OR(E8="",I8=""),"Completeness and accuracy procedures needed",IF(AND(N8="Pass",H8<>0),"Pass requires counts to agree (or explain)",IF(AND(N8="Pass",OR(K8<>"Y",J8="")),"Pass requires parameter evidence and traced records","OK")))))
C9: =IFERROR(INDEX(Evidence_Index!$F$5:$F$204,MATCH(B9,Evidence_Index!$A$5:$A$204,0)),"") | D9: =IFERROR(INDEX(Evidence_Index!$M$5:$M$204,MATCH(B9,Evidence_Index!$A$5:$A$204,0)),"") | H9: =IF(OR(D9="",G9=""),"",D9-G9) | O9: =IF(A9="","",IF(COUNTIF(Evidence_Index!$A$5:$A$204,B9)=0,"EV-ID not in index",IF(OR(E9="",I9=""),"Completeness and accuracy procedures needed",IF(AND(N9="Pass",H9<>0),"Pass requires counts to agree (or explain)",IF(AND(N9="Pass",OR(K9<>"Y",J9="")),"Pass requires parameter evidence and traced records","OK")))))
C10: =IFERROR(INDEX(Evidence_Index!$F$5:$F$204,MATCH(B10,Evidence_Index!$A$5:$A$204,0)),"") | D10: =IFERROR(INDEX(Evidence_Index!$M$5:$M$204,MATCH(B10,Evidence_Index!$A$5:$A$204,0)),"") | H10: =IF(OR(D10="",G10=""),"",D10-G10) | O10: =IF(A10="","",IF(COUNTIF(Evidence_Index!$A$5:$A$204,B10)=0,"EV-ID not in index",IF(OR(E10="",I10=""),"Completeness and accuracy procedures needed",IF(AND(N10="Pass",H10<>0),"Pass requires counts to agree (or explain)",IF(AND(N10="Pass",OR(K10<>"Y",J10="")),"Pass requires parameter evidence and traced records","OK")))))
C11: =IFERROR(INDEX(Evidence_Index!$F$5:$F$204,MATCH(B11,Evidence_Index!$A$5:$A$204,0)),"") | D11: =IFERROR(INDEX(Evidence_Index!$M$5:$M$204,MATCH(B11,Evidence_Index!$A$5:$A$204,0)),"") | H11: =IF(OR(D11="",G11=""),"",D11-G11) | O11: =IF(A11="","",IF(COUNTIF(Evidence_Index!$A$5:$A$204,B11)=0,"EV-ID not in index",IF(OR(E11="",I11=""),"Completeness and accuracy procedures needed",IF(AND(N11="Pass",H11<>0),"Pass requires counts to agree (or explain)",IF(AND(N11="Pass",OR(K11<>"Y",J11="")),"Pass requires parameter evidence and traced records","OK")))))
C12: =IFERROR(INDEX(Evidence_Index!$F$5:$F$204,MATCH(B12,Evidence_Index!$A$5:$A$204,0)),"") | D12: =IFERROR(INDEX(Evidence_Index!$M$5:$M$204,MATCH(B12,Evidence_Index!$A$5:$A$204,0)),"") | H12: =IF(OR(D12="",G12=""),"",D12-G12) | O12: =IF(A12="","",IF(COUNTIF(Evidence_Index!$A$5:$A$204,B12)=0,"EV-ID not in index",IF(OR(E12="",I12=""),"Completeness and accuracy procedures needed",IF(AND(N12="Pass",H12<>0),"Pass requires counts to agree (or explain)",IF(AND(N12="Pass",OR(K12<>"Y",J12="")),"Pass requires parameter evidence and traced records","OK")))))
C13: =IFERROR(INDEX(Evidence_Index!$F$5:$F$204,MATCH(B13,Evidence_Index!$A$5:$A$204,0)),"") | D13: =IFERROR(INDEX(Evidence_Index!$M$5:$M$204,MATCH(B13,Evidence_Index!$A$5:$A$204,0)),"") | H13: =IF(OR(D13="",G13=""),"",D13-G13) | O13: =IF(A13="","",IF(COUNTIF(Evidence_Index!$A$5:$A$204,B13)=0,"EV-ID not in index",IF(OR(E13="",I13=""),"Completeness and accuracy procedures needed",IF(AND(N13="Pass",H13<>0),"Pass requires counts to agree (or explain)",IF(AND(N13="Pass",OR(K13<>"Y",J13="")),"Pass requires parameter evidence and traced records","OK")))))
C14: =IFERROR(INDEX(Evidence_Index!$F$5:$F$204,MATCH(B14,Evidence_Index!$A$5:$A$204,0)),"") | D14: =IFERROR(INDEX(Evidence_Index!$M$5:$M$204,MATCH(B14,Evidence_Index!$A$5:$A$204,0)),"") | H14: =IF(OR(D14="",G14=""),"",D14-G14) | O14: =IF(A14="","",IF(COUNTIF(Evidence_Index!$A$5:$A$204,B14)=0,"EV-ID not in index",IF(OR(E14="",I14=""),"Completeness and accuracy procedures needed",IF(AND(N14="Pass",H14<>0),"Pass requires counts to agree (or explain)",IF(AND(N14="Pass",OR(K14<>"Y",J14="")),"Pass requires parameter evidence and traced records","OK")))))
C15: =IFERROR(INDEX(Evidence_Index!$F$5:$F$204,MATCH(B15,Evidence_Index!$A$5:$A$204,0)),"") | D15: =IFERROR(INDEX(Evidence_Index!$M$5:$M$204,MATCH(B15,Evidence_Index!$A$5:$A$204,0)),"") | H15: =IF(OR(D15="",G15=""),"",D15-G15) | O15: =IF(A15="","",IF(COUNTIF(Evidence_Index!$A$5:$A$204,B15)=0,"EV-ID not in index",IF(OR(E15="",I15=""),"Completeness and accuracy procedures needed",IF(AND(N15="Pass",H15<>0),"Pass requires counts to agree (or explain)",IF(AND(N15="Pass",OR(K15<>"Y",J15="")),"Pass requires parameter evidence and traced records","OK")))))
C16: =IFERROR(INDEX(Evidence_Index!$F$5:$F$204,MATCH(B16,Evidence_Index!$A$5:$A$204,0)),"") | D16: =IFERROR(INDEX(Evidence_Index!$M$5:$M$204,MATCH(B16,Evidence_Index!$A$5:$A$204,0)),"") | H16: =IF(OR(D16="",G16=""),"",D16-G16) | O16: =IF(A16="","",IF(COUNTIF(Evidence_Index!$A$5:$A$204,B16)=0,"EV-ID not in index",IF(OR(E16="",I16=""),"Completeness and accuracy procedures needed",IF(AND(N16="Pass",H16<>0),"Pass requires counts to agree (or explain)",IF(AND(N16="Pass",OR(K16<>"Y",J16="")),"Pass requires parameter evidence and traced records","OK")))))
C17: =IFERROR(INDEX(Evidence_Index!$F$5:$F$204,MATCH(B17,Evidence_Index!$A$5:$A$204,0)),"") | D17: =IFERROR(INDEX(Evidence_Index!$M$5:$M$204,MATCH(B17,Evidence_Index!$A$5:$A$204,0)),"") | H17: =IF(OR(D17="",G17=""),"",D17-G17) | O17: =IF(A17="","",IF(COUNTIF(Evidence_Index!$A$5:$A$204,B17)=0,"EV-ID not in index",IF(OR(E17="",I17=""),"Completeness and accuracy procedures needed",IF(AND(N17="Pass",H17<>0),"Pass requires counts to agree (or explain)",IF(AND(N17="Pass",OR(K17<>"Y",J17="")),"Pass requires parameter evidence and traced records","OK")))))
C18: =IFERROR(INDEX(Evidence_Index!$F$5:$F$204,MATCH(B18,Evidence_Index!$A$5:$A$204,0)),"") | D18: =IFERROR(INDEX(Evidence_Index!$M$5:$M$204,MATCH(B18,Evidence_Index!$A$5:$A$204,0)),"") | H18: =IF(OR(D18="",G18=""),"",D18-G18) | O18: =IF(A18="","",IF(COUNTIF(Evidence_Index!$A$5:$A$204,B18)=0,"EV-ID not in index",IF(OR(E18="",I18=""),"Completeness and accuracy procedures needed",IF(AND(N18="Pass",H18<>0),"Pass requires counts to agree (or explain)",IF(AND(N18="Pass",OR(K18<>"Y",J18="")),"Pass requires parameter evidence and traced records","OK")))))
... C204: =IFERROR(INDEX(Evidence_Index!$F$5:$F$204,MATCH(B204,Evidence_Index!$A$5:$A$204,0)),"") | D204: =IFERROR(INDEX(Evidence_Index!$M$5:$M$204,MATCH(B204,Evidence_Index!$A$5:$A$204,0)),"") | H204: =IF(OR(D204="",G204=""),"",D204-G204) | O204: =IF(A204="","",IF(COUNTIF(Evidence_Index!$A$5:$A$204,B204)=0,"EV-ID not in index",IF(OR(E204="",I204=""),"Completeness and accuracy procedures needed",IF(AND(N204="Pass",H204<>0),"Pass requires counts to agree (or explain)",IF(AND(N204="Pass",OR(K204<>"Y",J204="")),"Pass requires parameter evidence and traced records","OK")))))

Sheet Ref_PBC
A1: PBC-ID (from W08) | B1: Period from (W08) | C1: Period to (W08) | D1: Evidence type (W08)
A2: PBC-010 | B2: 46023 | C2: 46295 | D2: Population
A3: PBC-018 | B3: 46023 | C3: 46295 | D3: Population
A4: PBC-024 | B4: 46023 | C4: 46295 | D4: Configuration

Sheet Lists
A1: YN | B1: IPEres
A2: Y | B2: Pass
A3: N | B3: Fail
B4: Pending

Sheet Checks
A1: W09 — Completion checks
A2: All checks are formulas. A workbook passes its gate when every status reads PASS (INFO rows are counts for your information).
A3: Overall | B3: =IF(COUNTIF(C6:C13,"REVIEW")=0,"ALL CHECKS PASS","REVIEW ITEMS: "&COUNTIF(C6:C13,"REVIEW")) -> ALL CHECKS PASS
A5: Check | B5: Count | C5: Status | D5: What to do if REVIEW
A6: Evidence items indexed | B6: =COUNTA(Evidence_Index!A5:A204) -> 2 | C6: INFO | D6: —
A7: Duplicate EV-IDs | B7: =SUMPRODUCT((Evidence_Index!A5:A204<>"")*(COUNTIF(Evidence_Index!A5:A204,Evidence_Index!A5:A204)>1)) -> 0 | C7: =IF(B7=0,"PASS","REVIEW") -> PASS | D7: Keys must be unique.
A8: Evidence rows needing attention (incl. IPE HOLD) | B8: =SUMPRODUCT((Evidence_Index!S5:S204<>"")*(Evidence_Index!S5:S204<>"OK")*(LEFT(Evidence_Index!S5:S204,2)<>"OK")) -> 0 | C8: =IF(B8=0,"PASS","REVIEW") -> PASS | D8: Read the Row check column. HOLD means do not sample yet.
A9: Populations whose IPE result is not Pass | B9: =SUMPRODUCT((Evidence_Index!P5:P204="Y")*(Evidence_Index!Q5:Q204<>"Pass")) -> 0 | C9: =IF(B9=0,"PASS","REVIEW") -> PASS | D9: No sample may be drawn until Pass.
A10: Populations with no IPE_Log row | B10: =SUMPRODUCT((Evidence_Index!P5:P204="Y")*(COUNTIF(IPE_Log!B5:B204,Evidence_Index!A5:A204)=0)) -> 0 | C10: =IF(B10=0,"PASS","REVIEW") -> PASS | D10: Record the completeness and accuracy work.
A11: IPE log rows needing attention | B11: =SUMPRODUCT((IPE_Log!O5:O204<>"")*(IPE_Log!O5:O204<>"OK")*(LEFT(IPE_Log!O5:O204,2)<>"OK")) -> 0 | C11: =IF(B11=0,"PASS","REVIEW") -> PASS | D11: Read the Check column.
A12: Originals not preserved | B12: =SUMPRODUCT((Evidence_Index!A5:A204<>"")*(Evidence_Index!O5:O204<>"Y")) -> 0 | C12: =IF(B12=0,"PASS","REVIEW") -> PASS | D12: Store the raw file read-only; work on copies.
A13: W08 requests with no evidence yet | B13: =SUMPRODUCT((Ref_PBC!A2:A201<>"")*(COUNTIF(Evidence_Index!B5:B204,Ref_PBC!A2:A201)=0)) -> 1 | C13: INFO | D13: Chase the evidence owner (W08).
