Workbook

Sheet Instructions
A1: TIB SYSTEMS LLC | SAP Controls Project Foundation Workbook Set
A2: W10 — Test Plan / Testing Program
A4: Purpose
A5: Converts the RCM into a schedule of tests. Every in-scope key control gets a test of design (TOD) and a test of operating effectiveness (TOE) with attributes, procedure, population, sample size, period, tester, reviewer and dates.
A7: How to use this workbook
A8: 1. Paste controls from W05 into Ref_CTRL, and evidence IDs with IPE result and record count from W09 into Ref_EV.
A9: 2. Filter W05 for SOX in scope = Y. Create a TOD and a TOE row for each key control; derive attributes from the control description.
A10: 3. Set sample size from the Sample_Guide (edit the guide to match engagement methodology). Mark ITGC reliance.
A11: 4. Assign testers and reviewers (different people). Schedule ITGC tests before dependent ITAC/IPE tests.
A12: 5. Update Status and Result only after review. Read the Checks tab.
A14: Colour legend
A15: Yellow cells with blue text = you enter data here. Grey cells = formulas (do not overwrite). Row 5 of each register is a worked ABC Manufacturing example: overwrite it with your first record.
... A26: Column dictionary
A27: Tab | B27: Field | C27: Definition | D27: Allowed values / rule | E27: Type
A28: Test_Plan | B28: TEST-ID | C28: Unique key | D28: <CTRL-ID>-TOD or -TOE | E28: Input
A29: Test_Plan | B29: CTRL-ID | C29: Control being tested | D29: From W05 (Ref_CTRL) | E29: Input
A30: Test_Plan | B30: Control title | C30: Lookup | D30: Formula | E30: Formula
A31: Test_Plan | B31: Control category | C31: Lookup; drives workpaper template | D31: Formula | E31: Formula
A32: Test_Plan | B32: Frequency | C32: Lookup; drives sample size | D32: Formula | E32: Formula
A33: Test_Plan | B33: Test type | C33: TOD or TOE | D33: One TOD and one TOE per key control | E33: Input
A34: Test_Plan | B34: Test attributes | C34: Conditions each sample item must meet | D34: Lettered A, B, C…; derived from the control description | E34: Input
A35: Test_Plan | B35: Test procedure | C35: What the tester does | D35: Inquiry / Observation / Inspection / Reperformance; inquiry alone is never enough | E35: Input
A36: Test_Plan | B36: Population EV-ID | C36: Population sampled from (TOE) | D36: IPE must be Pass | E36: Input
A37: Test_Plan | B37: IPE result | C37: Lookup from W09 | D37: Formula | E37: Formula
A38: Test_Plan | B38: Population size | C38: Lookup from W09 | D38: Formula | E38: Formula
... A51: Test_Plan | B51: Row check | C51: Automatic completeness test | D51: Formula | E51: Formula
A53: Version history
A54: 0.1 — October 2026 — initial template (TIB Systems LLC)
A55: Cross-workbook links: keys from other workbooks are pasted as values into the Ref_ tabs, so this file works on its own and never breaks when files are moved.

Sheet Test_Plan
A1: W10 — Test Plan
A2: One row per test. Rows 5–6 are worked examples. Overwrite them.
A4: TEST-ID | B4: CTRL-ID | C4: Control title | D4: Control category | E4: Frequency | F4: Test type | G4: Test attributes | H4: Test procedure | I4: Population EV-ID | J4: IPE result | K4: Population size | L4: Guide sample | M4: Sample size | N4: Test period from | O4: Test period to | P4: ITGC reliance needed? | Q4: Tester | R4: Reviewer | S4: Planned start | T4: Planned end | U4: Workpaper ref | V4: Status | W4: Result | X4: Row check
A5: C-ITGC-PC-001-TOE | B5: C-ITGC-PC-001 | C5: =IFERROR(INDEX(Ref_CTRL!$B$2:$B$201,MATCH(B5,Ref_CTRL!$A$2:$A$201,0)),"") -> Transports approved, tested, imported by Basis | D5: =IFERROR(INDEX(Ref_CTRL!$C$2:$C$201,MATCH(B5,Ref_CTRL!$A$2:$A$201,0)),"") -> ITGC-PC | E5: =IFERROR(INDEX(Ref_CTRL!$D$2:$D$201,MATCH(B5,Ref_CTRL!$A$2:$A$201,0)),"") -> Event-driven | F5: TOE | G5: A Change ticket approved before import | B QAS test and business sign-off | C Imported by user other than the developer | D Content agrees to approved change | E Emergency changes approved within 2 business days | H5: Inspection of ticket, QAS import and TPALOG record for each sampled transport | I5: EV-019 | J5: =IFERROR(INDEX(Ref_EV!$B$2:$B$201,MATCH(I5,Ref_EV!$A$2:$A$201,0)),"") -> Pass | K5: =IFERROR(INDEX(Ref_EV!$C$2:$C$201,MATCH(I5,Ref_EV!$A$2:$A$201,0)),"") -> 312 | L5: =IF(F5="TOD","1",IFERROR(INDEX(Sample_Guide!$C$5:$C$20,MATCH(E5,Sample_Guide!$A$5:$A$20,0))&"–"&INDEX(Sample_Guide!$D$5:$D$20,MATCH(E5,Sample_Guide!$A$5:$A$20,0)),"")) -> 25–60 | M5: 25 | N5: 46023 | O5: 46295 | P5: =IF(A5="","",IF(OR(D5="ITAC",D5="IPE",D5="ITDM"),"Y","N")) -> N | Q5: Tester 1 | R5: Manager 1 | S5: 46307 | T5: 46311 | U5: WP-PC-01_C-ITGC-PC-001-TOE | V5: Not started | W5: Not started | X5: =IF(A5="","",IF(OR(B5="",F5="",G5="",H5=""),"Control, test type, attributes, procedure needed",IF(COUNTIF(Ref_CTRL!$A$2:$A$201,B5)=0,"CTRL-ID not in W05",IF(LEFT(A5,LEN(B5)+1)<>B5&"-","TEST-ID must start with CTRL-ID-",IF(AND(F5="TOE",I5=""),"Population EV-ID needed (TOE)",IF(AND(I5<>"",J5<>"Pass"),"HOLD: population IPE not Pass",IF(AND(F5="TOE",M5=""),"Sample size needed",IF(AND(F5="TOE",OR(M5<IFERROR(INDEX(Sample_Guide!$C$5:$C$20,MATCH(E5,Sample_Guide!$A$5:$A$20,0)),0),M5>IFERROR(INDEX(Sample_Guide!$D$5:$D$20,MATCH(E5,Sample_Guide!$A$5:$A$20,0)),9999))),"Sample outside guide: justify",IF(OR(Q5="",R5=""),"Tester and reviewer needed",IF(Q5=R5,"Tester and reviewer must differ",IF(AND(W5<>"",W5<>"Not started",V5<>"Reviewed",V5<>"Closed"),"Result only after review","OK"))))))))))) -> OK
A6: C-ITGC-PC-001-TOD | B6: C-ITGC-PC-001 | C6: =IFERROR(INDEX(Ref_CTRL!$B$2:$B$201,MATCH(B6,Ref_CTRL!$A$2:$A$201,0)),"") -> Transports approved, tested, imported by Basis | D6: =IFERROR(INDEX(Ref_CTRL!$C$2:$C$201,MATCH(B6,Ref_CTRL!$A$2:$A$201,0)),"") -> ITGC-PC | E6: =IFERROR(INDEX(Ref_CTRL!$D$2:$D$201,MATCH(B6,Ref_CTRL!$A$2:$A$201,0)),"") -> Event-driven | F6: TOD | G6: Walkthrough of one normal and one emergency change from ticket to import | H6: Inquiry with Change Manager plus inspection of one change end to end | J6: =IFERROR(INDEX(Ref_EV!$B$2:$B$201,MATCH(I6,Ref_EV!$A$2:$A$201,0)),"") | K6: =IFERROR(INDEX(Ref_EV!$C$2:$C$201,MATCH(I6,Ref_EV!$A$2:$A$201,0)),"") | L6: =IF(F6="TOD","1",IFERROR(INDEX(Sample_Guide!$C$5:$C$20,MATCH(E6,Sample_Guide!$A$5:$A$20,0))&"–"&INDEX(Sample_Guide!$D$5:$D$20,MATCH(E6,Sample_Guide!$A$5:$A$20,0)),"")) -> 1 | N6: 46023 | O6: 46295 | P6: =IF(A6="","",IF(OR(D6="ITAC",D6="IPE",D6="ITDM"),"Y","N")) -> N | Q6: Tester 1 | R6: Manager 1 | S6: 46300 | T6: 46301 | U6: WP-PC-01_C-ITGC-PC-001-TOD | V6: Not started | W6: Not started | X6: =IF(A6="","",IF(OR(B6="",F6="",G6="",H6=""),"Control, test type, attributes, procedure needed",IF(COUNTIF(Ref_CTRL!$A$2:$A$201,B6)=0,"CTRL-ID not in W05",IF(LEFT(A6,LEN(B6)+1)<>B6&"-","TEST-ID must start with CTRL-ID-",IF(AND(F6="TOE",I6=""),"Population EV-ID needed (TOE)",IF(AND(I6<>"",J6<>"Pass"),"HOLD: population IPE not Pass",IF(AND(F6="TOE",M6=""),"Sample size needed",IF(AND(F6="TOE",OR(M6<IFERROR(INDEX(Sample_Guide!$C$5:$C$20,MATCH(E6,Sample_Guide!$A$5:$A$20,0)),0),M6>IFERROR(INDEX(Sample_Guide!$D$5:$D$20,MATCH(E6,Sample_Guide!$A$5:$A$20,0)),9999))),"Sample outside guide: justify",IF(OR(Q6="",R6=""),"Tester and reviewer needed",IF(Q6=R6,"Tester and reviewer must differ",IF(AND(W6<>"",W6<>"Not started",V6<>"Reviewed",V6<>"Closed"),"Result only after review","OK"))))))))))) -> OK
C7: =IFERROR(INDEX(Ref_CTRL!$B$2:$B$201,MATCH(B7,Ref_CTRL!$A$2:$A$201,0)),"") | D7: =IFERROR(INDEX(Ref_CTRL!$C$2:$C$201,MATCH(B7,Ref_CTRL!$A$2:$A$201,0)),"") | E7: =IFERROR(INDEX(Ref_CTRL!$D$2:$D$201,MATCH(B7,Ref_CTRL!$A$2:$A$201,0)),"") | J7: =IFERROR(INDEX(Ref_EV!$B$2:$B$201,MATCH(I7,Ref_EV!$A$2:$A$201,0)),"") | K7: =IFERROR(INDEX(Ref_EV!$C$2:$C$201,MATCH(I7,Ref_EV!$A$2:$A$201,0)),"") | L7: =IF(F7="TOD","1",IFERROR(INDEX(Sample_Guide!$C$5:$C$20,MATCH(E7,Sample_Guide!$A$5:$A$20,0))&"–"&INDEX(Sample_Guide!$D$5:$D$20,MATCH(E7,Sample_Guide!$A$5:$A$20,0)),"")) | P7: =IF(A7="","",IF(OR(D7="ITAC",D7="IPE",D7="ITDM"),"Y","N")) | X7: =IF(A7="","",IF(OR(B7="",F7="",G7="",H7=""),"Control, test type, attributes, procedure needed",IF(COUNTIF(Ref_CTRL!$A$2:$A$201,B7)=0,"CTRL-ID not in W05",IF(LEFT(A7,LEN(B7)+1)<>B7&"-","TEST-ID must start with CTRL-ID-",IF(AND(F7="TOE",I7=""),"Population EV-ID needed (TOE)",IF(AND(I7<>"",J7<>"Pass"),"HOLD: population IPE not Pass",IF(AND(F7="TOE",M7=""),"Sample size needed",IF(AND(F7="TOE",OR(M7<IFERROR(INDEX(Sample_Guide!$C$5:$C$20,MATCH(E7,Sample_Guide!$A$5:$A$20,0)),0),M7>IFERROR(INDEX(Sample_Guide!$D$5:$D$20,MATCH(E7,Sample_Guide!$A$5:$A$20,0)),9999))),"Sample outside guide: justify",IF(OR(Q7="",R7=""),"Tester and reviewer needed",IF(Q7=R7,"Tester and reviewer must differ",IF(AND(W7<>"",W7<>"Not started",V7<>"Reviewed",V7<>"Closed"),"Result only after review","OK")))))))))))
C8: =IFERROR(INDEX(Ref_CTRL!$B$2:$B$201,MATCH(B8,Ref_CTRL!$A$2:$A$201,0)),"") | D8: =IFERROR(INDEX(Ref_CTRL!$C$2:$C$201,MATCH(B8,Ref_CTRL!$A$2:$A$201,0)),"") | E8: =IFERROR(INDEX(Ref_CTRL!$D$2:$D$201,MATCH(B8,Ref_CTRL!$A$2:$A$201,0)),"") | J8: =IFERROR(INDEX(Ref_EV!$B$2:$B$201,MATCH(I8,Ref_EV!$A$2:$A$201,0)),"") | K8: =IFERROR(INDEX(Ref_EV!$C$2:$C$201,MATCH(I8,Ref_EV!$A$2:$A$201,0)),"") | L8: =IF(F8="TOD","1",IFERROR(INDEX(Sample_Guide!$C$5:$C$20,MATCH(E8,Sample_Guide!$A$5:$A$20,0))&"–"&INDEX(Sample_Guide!$D$5:$D$20,MATCH(E8,Sample_Guide!$A$5:$A$20,0)),"")) | P8: =IF(A8="","",IF(OR(D8="ITAC",D8="IPE",D8="ITDM"),"Y","N")) | X8: =IF(A8="","",IF(OR(B8="",F8="",G8="",H8=""),"Control, test type, attributes, procedure needed",IF(COUNTIF(Ref_CTRL!$A$2:$A$201,B8)=0,"CTRL-ID not in W05",IF(LEFT(A8,LEN(B8)+1)<>B8&"-","TEST-ID must start with CTRL-ID-",IF(AND(F8="TOE",I8=""),"Population EV-ID needed (TOE)",IF(AND(I8<>"",J8<>"Pass"),"HOLD: population IPE not Pass",IF(AND(F8="TOE",M8=""),"Sample size needed",IF(AND(F8="TOE",OR(M8<IFERROR(INDEX(Sample_Guide!$C$5:$C$20,MATCH(E8,Sample_Guide!$A$5:$A$20,0)),0),M8>IFERROR(INDEX(Sample_Guide!$D$5:$D$20,MATCH(E8,Sample_Guide!$A$5:$A$20,0)),9999))),"Sample outside guide: justify",IF(OR(Q8="",R8=""),"Tester and reviewer needed",IF(Q8=R8,"Tester and reviewer must differ",IF(AND(W8<>"",W8<>"Not started",V8<>"Reviewed",V8<>"Closed"),"Result only after review","OK")))))))))))
C9: =IFERROR(INDEX(Ref_CTRL!$B$2:$B$201,MATCH(B9,Ref_CTRL!$A$2:$A$201,0)),"") | D9: =IFERROR(INDEX(Ref_CTRL!$C$2:$C$201,MATCH(B9,Ref_CTRL!$A$2:$A$201,0)),"") | E9: =IFERROR(INDEX(Ref_CTRL!$D$2:$D$201,MATCH(B9,Ref_CTRL!$A$2:$A$201,0)),"") | J9: =IFERROR(INDEX(Ref_EV!$B$2:$B$201,MATCH(I9,Ref_EV!$A$2:$A$201,0)),"") | K9: =IFERROR(INDEX(Ref_EV!$C$2:$C$201,MATCH(I9,Ref_EV!$A$2:$A$201,0)),"") | L9: =IF(F9="TOD","1",IFERROR(INDEX(Sample_Guide!$C$5:$C$20,MATCH(E9,Sample_Guide!$A$5:$A$20,0))&"–"&INDEX(Sample_Guide!$D$5:$D$20,MATCH(E9,Sample_Guide!$A$5:$A$20,0)),"")) | P9: =IF(A9="","",IF(OR(D9="ITAC",D9="IPE",D9="ITDM"),"Y","N")) | X9: =IF(A9="","",IF(OR(B9="",F9="",G9="",H9=""),"Control, test type, attributes, procedure needed",IF(COUNTIF(Ref_CTRL!$A$2:$A$201,B9)=0,"CTRL-ID not in W05",IF(LEFT(A9,LEN(B9)+1)<>B9&"-","TEST-ID must start with CTRL-ID-",IF(AND(F9="TOE",I9=""),"Population EV-ID needed (TOE)",IF(AND(I9<>"",J9<>"Pass"),"HOLD: population IPE not Pass",IF(AND(F9="TOE",M9=""),"Sample size needed",IF(AND(F9="TOE",OR(M9<IFERROR(INDEX(Sample_Guide!$C$5:$C$20,MATCH(E9,Sample_Guide!$A$5:$A$20,0)),0),M9>IFERROR(INDEX(Sample_Guide!$D$5:$D$20,MATCH(E9,Sample_Guide!$A$5:$A$20,0)),9999))),"Sample outside guide: justify",IF(OR(Q9="",R9=""),"Tester and reviewer needed",IF(Q9=R9,"Tester and reviewer must differ",IF(AND(W9<>"",W9<>"Not started",V9<>"Reviewed",V9<>"Closed"),"Result only after review","OK")))))))))))
C10: =IFERROR(INDEX(Ref_CTRL!$B$2:$B$201,MATCH(B10,Ref_CTRL!$A$2:$A$201,0)),"") | D10: =IFERROR(INDEX(Ref_CTRL!$C$2:$C$201,MATCH(B10,Ref_CTRL!$A$2:$A$201,0)),"") | E10: =IFERROR(INDEX(Ref_CTRL!$D$2:$D$201,MATCH(B10,Ref_CTRL!$A$2:$A$201,0)),"") | J10: =IFERROR(INDEX(Ref_EV!$B$2:$B$201,MATCH(I10,Ref_EV!$A$2:$A$201,0)),"") | K10: =IFERROR(INDEX(Ref_EV!$C$2:$C$201,MATCH(I10,Ref_EV!$A$2:$A$201,0)),"") | L10: =IF(F10="TOD","1",IFERROR(INDEX(Sample_Guide!$C$5:$C$20,MATCH(E10,Sample_Guide!$A$5:$A$20,0))&"–"&INDEX(Sample_Guide!$D$5:$D$20,MATCH(E10,Sample_Guide!$A$5:$A$20,0)),"")) | P10: =IF(A10="","",IF(OR(D10="ITAC",D10="IPE",D10="ITDM"),"Y","N")) | X10: =IF(A10="","",IF(OR(B10="",F10="",G10="",H10=""),"Control, test type, attributes, procedure needed",IF(COUNTIF(Ref_CTRL!$A$2:$A$201,B10)=0,"CTRL-ID not in W05",IF(LEFT(A10,LEN(B10)+1)<>B10&"-","TEST-ID must start with CTRL-ID-",IF(AND(F10="TOE",I10=""),"Population EV-ID needed (TOE)",IF(AND(I10<>"",J10<>"Pass"),"HOLD: population IPE not Pass",IF(AND(F10="TOE",M10=""),"Sample size needed",IF(AND(F10="TOE",OR(M10<IFERROR(INDEX(Sample_Guide!$C$5:$C$20,MATCH(E10,Sample_Guide!$A$5:$A$20,0)),0),M10>IFERROR(INDEX(Sample_Guide!$D$5:$D$20,MATCH(E10,Sample_Guide!$A$5:$A$20,0)),9999))),"Sample outside guide: justify",IF(OR(Q10="",R10=""),"Tester and reviewer needed",IF(Q10=R10,"Tester and reviewer must differ",IF(AND(W10<>"",W10<>"Not started",V10<>"Reviewed",V10<>"Closed"),"Result only after review","OK")))))))))))
C11: =IFERROR(INDEX(Ref_CTRL!$B$2:$B$201,MATCH(B11,Ref_CTRL!$A$2:$A$201,0)),"") | D11: =IFERROR(INDEX(Ref_CTRL!$C$2:$C$201,MATCH(B11,Ref_CTRL!$A$2:$A$201,0)),"") | E11: =IFERROR(INDEX(Ref_CTRL!$D$2:$D$201,MATCH(B11,Ref_CTRL!$A$2:$A$201,0)),"") | J11: =IFERROR(INDEX(Ref_EV!$B$2:$B$201,MATCH(I11,Ref_EV!$A$2:$A$201,0)),"") | K11: =IFERROR(INDEX(Ref_EV!$C$2:$C$201,MATCH(I11,Ref_EV!$A$2:$A$201,0)),"") | L11: =IF(F11="TOD","1",IFERROR(INDEX(Sample_Guide!$C$5:$C$20,MATCH(E11,Sample_Guide!$A$5:$A$20,0))&"–"&INDEX(Sample_Guide!$D$5:$D$20,MATCH(E11,Sample_Guide!$A$5:$A$20,0)),"")) | P11: =IF(A11="","",IF(OR(D11="ITAC",D11="IPE",D11="ITDM"),"Y","N")) | X11: =IF(A11="","",IF(OR(B11="",F11="",G11="",H11=""),"Control, test type, attributes, procedure needed",IF(COUNTIF(Ref_CTRL!$A$2:$A$201,B11)=0,"CTRL-ID not in W05",IF(LEFT(A11,LEN(B11)+1)<>B11&"-","TEST-ID must start with CTRL-ID-",IF(AND(F11="TOE",I11=""),"Population EV-ID needed (TOE)",IF(AND(I11<>"",J11<>"Pass"),"HOLD: population IPE not Pass",IF(AND(F11="TOE",M11=""),"Sample size needed",IF(AND(F11="TOE",OR(M11<IFERROR(INDEX(Sample_Guide!$C$5:$C$20,MATCH(E11,Sample_Guide!$A$5:$A$20,0)),0),M11>IFERROR(INDEX(Sample_Guide!$D$5:$D$20,MATCH(E11,Sample_Guide!$A$5:$A$20,0)),9999))),"Sample outside guide: justify",IF(OR(Q11="",R11=""),"Tester and reviewer needed",IF(Q11=R11,"Tester and reviewer must differ",IF(AND(W11<>"",W11<>"Not started",V11<>"Reviewed",V11<>"Closed"),"Result only after review","OK")))))))))))
C12: =IFERROR(INDEX(Ref_CTRL!$B$2:$B$201,MATCH(B12,Ref_CTRL!$A$2:$A$201,0)),"") | D12: =IFERROR(INDEX(Ref_CTRL!$C$2:$C$201,MATCH(B12,Ref_CTRL!$A$2:$A$201,0)),"") | E12: =IFERROR(INDEX(Ref_CTRL!$D$2:$D$201,MATCH(B12,Ref_CTRL!$A$2:$A$201,0)),"") | J12: =IFERROR(INDEX(Ref_EV!$B$2:$B$201,MATCH(I12,Ref_EV!$A$2:$A$201,0)),"") | K12: =IFERROR(INDEX(Ref_EV!$C$2:$C$201,MATCH(I12,Ref_EV!$A$2:$A$201,0)),"") | L12: =IF(F12="TOD","1",IFERROR(INDEX(Sample_Guide!$C$5:$C$20,MATCH(E12,Sample_Guide!$A$5:$A$20,0))&"–"&INDEX(Sample_Guide!$D$5:$D$20,MATCH(E12,Sample_Guide!$A$5:$A$20,0)),"")) | P12: =IF(A12="","",IF(OR(D12="ITAC",D12="IPE",D12="ITDM"),"Y","N")) | X12: =IF(A12="","",IF(OR(B12="",F12="",G12="",H12=""),"Control, test type, attributes, procedure needed",IF(COUNTIF(Ref_CTRL!$A$2:$A$201,B12)=0,"CTRL-ID not in W05",IF(LEFT(A12,LEN(B12)+1)<>B12&"-","TEST-ID must start with CTRL-ID-",IF(AND(F12="TOE",I12=""),"Population EV-ID needed (TOE)",IF(AND(I12<>"",J12<>"Pass"),"HOLD: population IPE not Pass",IF(AND(F12="TOE",M12=""),"Sample size needed",IF(AND(F12="TOE",OR(M12<IFERROR(INDEX(Sample_Guide!$C$5:$C$20,MATCH(E12,Sample_Guide!$A$5:$A$20,0)),0),M12>IFERROR(INDEX(Sample_Guide!$D$5:$D$20,MATCH(E12,Sample_Guide!$A$5:$A$20,0)),9999))),"Sample outside guide: justify",IF(OR(Q12="",R12=""),"Tester and reviewer needed",IF(Q12=R12,"Tester and reviewer must differ",IF(AND(W12<>"",W12<>"Not started",V12<>"Reviewed",V12<>"Closed"),"Result only after review","OK")))))))))))
C13: =IFERROR(INDEX(Ref_CTRL!$B$2:$B$201,MATCH(B13,Ref_CTRL!$A$2:$A$201,0)),"") | D13: =IFERROR(INDEX(Ref_CTRL!$C$2:$C$201,MATCH(B13,Ref_CTRL!$A$2:$A$201,0)),"") | E13: =IFERROR(INDEX(Ref_CTRL!$D$2:$D$201,MATCH(B13,Ref_CTRL!$A$2:$A$201,0)),"") | J13: =IFERROR(INDEX(Ref_EV!$B$2:$B$201,MATCH(I13,Ref_EV!$A$2:$A$201,0)),"") | K13: =IFERROR(INDEX(Ref_EV!$C$2:$C$201,MATCH(I13,Ref_EV!$A$2:$A$201,0)),"") | L13: =IF(F13="TOD","1",IFERROR(INDEX(Sample_Guide!$C$5:$C$20,MATCH(E13,Sample_Guide!$A$5:$A$20,0))&"–"&INDEX(Sample_Guide!$D$5:$D$20,MATCH(E13,Sample_Guide!$A$5:$A$20,0)),"")) | P13: =IF(A13="","",IF(OR(D13="ITAC",D13="IPE",D13="ITDM"),"Y","N")) | X13: =IF(A13="","",IF(OR(B13="",F13="",G13="",H13=""),"Control, test type, attributes, procedure needed",IF(COUNTIF(Ref_CTRL!$A$2:$A$201,B13)=0,"CTRL-ID not in W05",IF(LEFT(A13,LEN(B13)+1)<>B13&"-","TEST-ID must start with CTRL-ID-",IF(AND(F13="TOE",I13=""),"Population EV-ID needed (TOE)",IF(AND(I13<>"",J13<>"Pass"),"HOLD: population IPE not Pass",IF(AND(F13="TOE",M13=""),"Sample size needed",IF(AND(F13="TOE",OR(M13<IFERROR(INDEX(Sample_Guide!$C$5:$C$20,MATCH(E13,Sample_Guide!$A$5:$A$20,0)),0),M13>IFERROR(INDEX(Sample_Guide!$D$5:$D$20,MATCH(E13,Sample_Guide!$A$5:$A$20,0)),9999))),"Sample outside guide: justify",IF(OR(Q13="",R13=""),"Tester and reviewer needed",IF(Q13=R13,"Tester and reviewer must differ",IF(AND(W13<>"",W13<>"Not started",V13<>"Reviewed",V13<>"Closed"),"Result only after review","OK")))))))))))
C14: =IFERROR(INDEX(Ref_CTRL!$B$2:$B$201,MATCH(B14,Ref_CTRL!$A$2:$A$201,0)),"") | D14: =IFERROR(INDEX(Ref_CTRL!$C$2:$C$201,MATCH(B14,Ref_CTRL!$A$2:$A$201,0)),"") | E14: =IFERROR(INDEX(Ref_CTRL!$D$2:$D$201,MATCH(B14,Ref_CTRL!$A$2:$A$201,0)),"") | J14: =IFERROR(INDEX(Ref_EV!$B$2:$B$201,MATCH(I14,Ref_EV!$A$2:$A$201,0)),"") | K14: =IFERROR(INDEX(Ref_EV!$C$2:$C$201,MATCH(I14,Ref_EV!$A$2:$A$201,0)),"") | L14: =IF(F14="TOD","1",IFERROR(INDEX(Sample_Guide!$C$5:$C$20,MATCH(E14,Sample_Guide!$A$5:$A$20,0))&"–"&INDEX(Sample_Guide!$D$5:$D$20,MATCH(E14,Sample_Guide!$A$5:$A$20,0)),"")) | P14: =IF(A14="","",IF(OR(D14="ITAC",D14="IPE",D14="ITDM"),"Y","N")) | X14: =IF(A14="","",IF(OR(B14="",F14="",G14="",H14=""),"Control, test type, attributes, procedure needed",IF(COUNTIF(Ref_CTRL!$A$2:$A$201,B14)=0,"CTRL-ID not in W05",IF(LEFT(A14,LEN(B14)+1)<>B14&"-","TEST-ID must start with CTRL-ID-",IF(AND(F14="TOE",I14=""),"Population EV-ID needed (TOE)",IF(AND(I14<>"",J14<>"Pass"),"HOLD: population IPE not Pass",IF(AND(F14="TOE",M14=""),"Sample size needed",IF(AND(F14="TOE",OR(M14<IFERROR(INDEX(Sample_Guide!$C$5:$C$20,MATCH(E14,Sample_Guide!$A$5:$A$20,0)),0),M14>IFERROR(INDEX(Sample_Guide!$D$5:$D$20,MATCH(E14,Sample_Guide!$A$5:$A$20,0)),9999))),"Sample outside guide: justify",IF(OR(Q14="",R14=""),"Tester and reviewer needed",IF(Q14=R14,"Tester and reviewer must differ",IF(AND(W14<>"",W14<>"Not started",V14<>"Reviewed",V14<>"Closed"),"Result only after review","OK")))))))))))
C15: =IFERROR(INDEX(Ref_CTRL!$B$2:$B$201,MATCH(B15,Ref_CTRL!$A$2:$A$201,0)),"") | D15: =IFERROR(INDEX(Ref_CTRL!$C$2:$C$201,MATCH(B15,Ref_CTRL!$A$2:$A$201,0)),"") | E15: =IFERROR(INDEX(Ref_CTRL!$D$2:$D$201,MATCH(B15,Ref_CTRL!$A$2:$A$201,0)),"") | J15: =IFERROR(INDEX(Ref_EV!$B$2:$B$201,MATCH(I15,Ref_EV!$A$2:$A$201,0)),"") | K15: =IFERROR(INDEX(Ref_EV!$C$2:$C$201,MATCH(I15,Ref_EV!$A$2:$A$201,0)),"") | L15: =IF(F15="TOD","1",IFERROR(INDEX(Sample_Guide!$C$5:$C$20,MATCH(E15,Sample_Guide!$A$5:$A$20,0))&"–"&INDEX(Sample_Guide!$D$5:$D$20,MATCH(E15,Sample_Guide!$A$5:$A$20,0)),"")) | P15: =IF(A15="","",IF(OR(D15="ITAC",D15="IPE",D15="ITDM"),"Y","N")) | X15: =IF(A15="","",IF(OR(B15="",F15="",G15="",H15=""),"Control, test type, attributes, procedure needed",IF(COUNTIF(Ref_CTRL!$A$2:$A$201,B15)=0,"CTRL-ID not in W05",IF(LEFT(A15,LEN(B15)+1)<>B15&"-","TEST-ID must start with CTRL-ID-",IF(AND(F15="TOE",I15=""),"Population EV-ID needed (TOE)",IF(AND(I15<>"",J15<>"Pass"),"HOLD: population IPE not Pass",IF(AND(F15="TOE",M15=""),"Sample size needed",IF(AND(F15="TOE",OR(M15<IFERROR(INDEX(Sample_Guide!$C$5:$C$20,MATCH(E15,Sample_Guide!$A$5:$A$20,0)),0),M15>IFERROR(INDEX(Sample_Guide!$D$5:$D$20,MATCH(E15,Sample_Guide!$A$5:$A$20,0)),9999))),"Sample outside guide: justify",IF(OR(Q15="",R15=""),"Tester and reviewer needed",IF(Q15=R15,"Tester and reviewer must differ",IF(AND(W15<>"",W15<>"Not started",V15<>"Reviewed",V15<>"Closed"),"Result only after review","OK")))))))))))
C16: =IFERROR(INDEX(Ref_CTRL!$B$2:$B$201,MATCH(B16,Ref_CTRL!$A$2:$A$201,0)),"") | D16: =IFERROR(INDEX(Ref_CTRL!$C$2:$C$201,MATCH(B16,Ref_CTRL!$A$2:$A$201,0)),"") | E16: =IFERROR(INDEX(Ref_CTRL!$D$2:$D$201,MATCH(B16,Ref_CTRL!$A$2:$A$201,0)),"") | J16: =IFERROR(INDEX(Ref_EV!$B$2:$B$201,MATCH(I16,Ref_EV!$A$2:$A$201,0)),"") | K16: =IFERROR(INDEX(Ref_EV!$C$2:$C$201,MATCH(I16,Ref_EV!$A$2:$A$201,0)),"") | L16: =IF(F16="TOD","1",IFERROR(INDEX(Sample_Guide!$C$5:$C$20,MATCH(E16,Sample_Guide!$A$5:$A$20,0))&"–"&INDEX(Sample_Guide!$D$5:$D$20,MATCH(E16,Sample_Guide!$A$5:$A$20,0)),"")) | P16: =IF(A16="","",IF(OR(D16="ITAC",D16="IPE",D16="ITDM"),"Y","N")) | X16: =IF(A16="","",IF(OR(B16="",F16="",G16="",H16=""),"Control, test type, attributes, procedure needed",IF(COUNTIF(Ref_CTRL!$A$2:$A$201,B16)=0,"CTRL-ID not in W05",IF(LEFT(A16,LEN(B16)+1)<>B16&"-","TEST-ID must start with CTRL-ID-",IF(AND(F16="TOE",I16=""),"Population EV-ID needed (TOE)",IF(AND(I16<>"",J16<>"Pass"),"HOLD: population IPE not Pass",IF(AND(F16="TOE",M16=""),"Sample size needed",IF(AND(F16="TOE",OR(M16<IFERROR(INDEX(Sample_Guide!$C$5:$C$20,MATCH(E16,Sample_Guide!$A$5:$A$20,0)),0),M16>IFERROR(INDEX(Sample_Guide!$D$5:$D$20,MATCH(E16,Sample_Guide!$A$5:$A$20,0)),9999))),"Sample outside guide: justify",IF(OR(Q16="",R16=""),"Tester and reviewer needed",IF(Q16=R16,"Tester and reviewer must differ",IF(AND(W16<>"",W16<>"Not started",V16<>"Reviewed",V16<>"Closed"),"Result only after review","OK")))))))))))
C17: =IFERROR(INDEX(Ref_CTRL!$B$2:$B$201,MATCH(B17,Ref_CTRL!$A$2:$A$201,0)),"") | D17: =IFERROR(INDEX(Ref_CTRL!$C$2:$C$201,MATCH(B17,Ref_CTRL!$A$2:$A$201,0)),"") | E17: =IFERROR(INDEX(Ref_CTRL!$D$2:$D$201,MATCH(B17,Ref_CTRL!$A$2:$A$201,0)),"") | J17: =IFERROR(INDEX(Ref_EV!$B$2:$B$201,MATCH(I17,Ref_EV!$A$2:$A$201,0)),"") | K17: =IFERROR(INDEX(Ref_EV!$C$2:$C$201,MATCH(I17,Ref_EV!$A$2:$A$201,0)),"") | L17: =IF(F17="TOD","1",IFERROR(INDEX(Sample_Guide!$C$5:$C$20,MATCH(E17,Sample_Guide!$A$5:$A$20,0))&"–"&INDEX(Sample_Guide!$D$5:$D$20,MATCH(E17,Sample_Guide!$A$5:$A$20,0)),"")) | P17: =IF(A17="","",IF(OR(D17="ITAC",D17="IPE",D17="ITDM"),"Y","N")) | X17: =IF(A17="","",IF(OR(B17="",F17="",G17="",H17=""),"Control, test type, attributes, procedure needed",IF(COUNTIF(Ref_CTRL!$A$2:$A$201,B17)=0,"CTRL-ID not in W05",IF(LEFT(A17,LEN(B17)+1)<>B17&"-","TEST-ID must start with CTRL-ID-",IF(AND(F17="TOE",I17=""),"Population EV-ID needed (TOE)",IF(AND(I17<>"",J17<>"Pass"),"HOLD: population IPE not Pass",IF(AND(F17="TOE",M17=""),"Sample size needed",IF(AND(F17="TOE",OR(M17<IFERROR(INDEX(Sample_Guide!$C$5:$C$20,MATCH(E17,Sample_Guide!$A$5:$A$20,0)),0),M17>IFERROR(INDEX(Sample_Guide!$D$5:$D$20,MATCH(E17,Sample_Guide!$A$5:$A$20,0)),9999))),"Sample outside guide: justify",IF(OR(Q17="",R17=""),"Tester and reviewer needed",IF(Q17=R17,"Tester and reviewer must differ",IF(AND(W17<>"",W17<>"Not started",V17<>"Reviewed",V17<>"Closed"),"Result only after review","OK")))))))))))
C18: =IFERROR(INDEX(Ref_CTRL!$B$2:$B$201,MATCH(B18,Ref_CTRL!$A$2:$A$201,0)),"") | D18: =IFERROR(INDEX(Ref_CTRL!$C$2:$C$201,MATCH(B18,Ref_CTRL!$A$2:$A$201,0)),"") | E18: =IFERROR(INDEX(Ref_CTRL!$D$2:$D$201,MATCH(B18,Ref_CTRL!$A$2:$A$201,0)),"") | J18: =IFERROR(INDEX(Ref_EV!$B$2:$B$201,MATCH(I18,Ref_EV!$A$2:$A$201,0)),"") | K18: =IFERROR(INDEX(Ref_EV!$C$2:$C$201,MATCH(I18,Ref_EV!$A$2:$A$201,0)),"") | L18: =IF(F18="TOD","1",IFERROR(INDEX(Sample_Guide!$C$5:$C$20,MATCH(E18,Sample_Guide!$A$5:$A$20,0))&"–"&INDEX(Sample_Guide!$D$5:$D$20,MATCH(E18,Sample_Guide!$A$5:$A$20,0)),"")) | P18: =IF(A18="","",IF(OR(D18="ITAC",D18="IPE",D18="ITDM"),"Y","N")) | X18: =IF(A18="","",IF(OR(B18="",F18="",G18="",H18=""),"Control, test type, attributes, procedure needed",IF(COUNTIF(Ref_CTRL!$A$2:$A$201,B18)=0,"CTRL-ID not in W05",IF(LEFT(A18,LEN(B18)+1)<>B18&"-","TEST-ID must start with CTRL-ID-",IF(AND(F18="TOE",I18=""),"Population EV-ID needed (TOE)",IF(AND(I18<>"",J18<>"Pass"),"HOLD: population IPE not Pass",IF(AND(F18="TOE",M18=""),"Sample size needed",IF(AND(F18="TOE",OR(M18<IFERROR(INDEX(Sample_Guide!$C$5:$C$20,MATCH(E18,Sample_Guide!$A$5:$A$20,0)),0),M18>IFERROR(INDEX(Sample_Guide!$D$5:$D$20,MATCH(E18,Sample_Guide!$A$5:$A$20,0)),9999))),"Sample outside guide: justify",IF(OR(Q18="",R18=""),"Tester and reviewer needed",IF(Q18=R18,"Tester and reviewer must differ",IF(AND(W18<>"",W18<>"Not started",V18<>"Reviewed",V18<>"Closed"),"Result only after review","OK")))))))))))
... C204: =IFERROR(INDEX(Ref_CTRL!$B$2:$B$201,MATCH(B204,Ref_CTRL!$A$2:$A$201,0)),"") | D204: =IFERROR(INDEX(Ref_CTRL!$C$2:$C$201,MATCH(B204,Ref_CTRL!$A$2:$A$201,0)),"") | E204: =IFERROR(INDEX(Ref_CTRL!$D$2:$D$201,MATCH(B204,Ref_CTRL!$A$2:$A$201,0)),"") | J204: =IFERROR(INDEX(Ref_EV!$B$2:$B$201,MATCH(I204,Ref_EV!$A$2:$A$201,0)),"") | K204: =IFERROR(INDEX(Ref_EV!$C$2:$C$201,MATCH(I204,Ref_EV!$A$2:$A$201,0)),"") | L204: =IF(F204="TOD","1",IFERROR(INDEX(Sample_Guide!$C$5:$C$20,MATCH(E204,Sample_Guide!$A$5:$A$20,0))&"–"&INDEX(Sample_Guide!$D$5:$D$20,MATCH(E204,Sample_Guide!$A$5:$A$20,0)),"")) | P204: =IF(A204="","",IF(OR(D204="ITAC",D204="IPE",D204="ITDM"),"Y","N")) | X204: =IF(A204="","",IF(OR(B204="",F204="",G204="",H204=""),"Control, test type, attributes, procedure needed",IF(COUNTIF(Ref_CTRL!$A$2:$A$201,B204)=0,"CTRL-ID not in W05",IF(LEFT(A204,LEN(B204)+1)<>B204&"-","TEST-ID must start with CTRL-ID-",IF(AND(F204="TOE",I204=""),"Population EV-ID needed (TOE)",IF(AND(I204<>"",J204<>"Pass"),"HOLD: population IPE not Pass",IF(AND(F204="TOE",M204=""),"Sample size needed",IF(AND(F204="TOE",OR(M204<IFERROR(INDEX(Sample_Guide!$C$5:$C$20,MATCH(E204,Sample_Guide!$A$5:$A$20,0)),0),M204>IFERROR(INDEX(Sample_Guide!$D$5:$D$20,MATCH(E204,Sample_Guide!$A$5:$A$20,0)),9999))),"Sample outside guide: justify",IF(OR(Q204="",R204=""),"Tester and reviewer needed",IF(Q204=R204,"Tester and reviewer must differ",IF(AND(W204<>"",W204<>"Not started",V204<>"Reviewed",V204<>"Closed"),"Result only after review","OK")))))))))))

Sheet Sample_Guide
A1: Sample Guide (editable)
A2: Typical SOX sample sizes. Always apply the engagement firm or external auditor methodology where one is specified; edit the values to match.
A4: Control frequency | B4: Typical population | C4: Guide low | D4: Guide high | E4: Note
A5: Annual | B5: 1 | C5: 1 | D5: 1
A6: Quarterly | B6: 4 | C6: 2 | D6: 2
A7: Monthly | B7: 12 | C7: 2 | D7: 5
A8: Weekly | B8: 52 | C8: 5 | D8: 15
A9: Daily | B9: 250 | C9: 20 | D9: 40
A10: Event-driven | B10: 300 | C10: 25 | D10: 60 | E10: More than 250 occurrences
A11: Continuous | C11: 1 | D11: 1 | E11: Automated (ITAC): 1 per configuration if dependent ITGCs are effective

Sheet Ref_CTRL
A1: CTRL-ID (from W05) | B1: Control title | C1: Control category | D1: Frequency | E1: Key control? (Y/N) | F1: SOX in scope? (Y/N)
A2: C-ITGC-PC-001 | B2: Transports approved, tested, imported by Basis | C2: ITGC-PC | D2: Event-driven | E2: Y | F2: Y
A3: C-ITGC-AC-002 | B3: Timely removal of leavers | C3: ITGC-APD | D3: Event-driven | E3: Y | F3: Y
A4: C-ITAC-004 | B4: Three-way match blocks out-of-tolerance invoices | C4: ITAC | D4: Continuous | E4: Y | F4: Y

Sheet Ref_EV
A1: EV-ID (from W09) | B1: IPE result (W09) | C1: Record count (W09)
A2: EV-012 | B2: Pass | C2: 1284
A3: EV-019 | B3: Pass | C3: 312
A4: EV-021 | B4: Pending | C4: 48

Sheet Lists
A1: TType | B1: TStat | C1: TRes
A2: TOD | B2: Not started | C2: Not started
A3: TOE | B3: In progress | C3: Effective
B4: Ready for review | C4: Exception noted
B5: Reviewed | C5: Ineffective
B6: Closed

Sheet Checks
A1: W10 — Completion checks
A2: All checks are formulas. A workbook passes its gate when every status reads PASS (INFO rows are counts for your information).
A3: Overall | B3: =IF(COUNTIF(C6:C14,"REVIEW")=0,"ALL CHECKS PASS","REVIEW ITEMS: "&COUNTIF(C6:C14,"REVIEW")) -> REVIEW ITEMS: 2
A5: Check | B5: Count | C5: Status | D5: What to do if REVIEW
A6: Test rows | B6: =COUNTA(Test_Plan!A5:A204) -> 2 | C6: INFO | D6: —
A7: Duplicate TEST-IDs | B7: =SUMPRODUCT((Test_Plan!A5:A204<>"")*(COUNTIF(Test_Plan!A5:A204,Test_Plan!A5:A204)>1)) -> 0 | C7: =IF(B7=0,"PASS","REVIEW") -> PASS | D7: Keys must be unique.
A8: Test rows needing attention (incl. HOLD) | B8: =SUMPRODUCT((Test_Plan!X5:X204<>"")*(Test_Plan!X5:X204<>"OK")*(LEFT(Test_Plan!X5:X204,2)<>"OK")) -> 0 | C8: =IF(B8=0,"PASS","REVIEW") -> PASS | D8: Read the Row check column.
A9: Key controls with NO test of design | B9: =SUMPRODUCT((Ref_CTRL!E2:E201="Y")*(COUNTIF(Test_Plan!A5:A204,Ref_CTRL!A2:A201&"-TOD")=0)) -> 2 | C9: =IF(B9=0,"PASS","REVIEW") -> REVIEW | D9: Every key control needs a TOD row.
A10: Key controls with NO test of operating effectiveness | B10: =SUMPRODUCT((Ref_CTRL!E2:E201="Y")*(COUNTIF(Test_Plan!A5:A204,Ref_CTRL!A2:A201&"-TOE")=0)) -> 2 | C10: =IF(B10=0,"PASS","REVIEW") -> REVIEW | D10: Every key control needs a TOE row.
A11: Dependent (ITAC/IPE/ITDM) TOE tests (excluding retests) planned to start before the last ITGC TOE ends | B11: =SUMPRODUCT((Test_Plan!P5:P204="Y")*(Test_Plan!F5:F204="TOE")*ISERROR(SEARCH("-RT",Test_Plan!A5:A204))*(Test_Plan!S5:S204>0)*(Test_Plan!S5:S204<SUMPRODUCT(MAX((LEFT(Test_Plan!D5:D204,4)="ITGC")*(Test_Plan!F5:F204="TOE")*ISERROR(SEARCH("-RT",Test_Plan!A5:A204))*Test_Plan!T5:T204)))) -> 0 | C11: =IF(B11=0,"PASS","REVIEW") -> PASS | D11: Schedule ITGC operating tests first: their results decide how much reliance ITACs can have.
A12: Tests not started | B12: =COUNTIF(Test_Plan!V5:V204,"Not started") -> 2 | C12: INFO | D12: Track against the plan.
A13: Tests reviewed or closed | B13: =COUNTIF(Test_Plan!V5:V204,"Reviewed")+COUNTIF(Test_Plan!V5:V204,"Closed") -> 0 | C13: INFO | D13: Results flow to W13 and W14.
A14: Tests with an exception or ineffective result | B14: =COUNTIF(Test_Plan!W5:W204,"Exception noted")+COUNTIF(Test_Plan!W5:W204,"Ineffective") -> 0 | C14: INFO | D14: Each needs a DEF-ID or false-positive rationale (W13).
