Workbook

Sheet Instructions
A1: TIB SYSTEMS LLC | SAP Controls Project Foundation Workbook Set
A2: W12 — Sample Selection Log
A4: Purpose
A5: Records exactly which items were chosen from which population, by what method and why. It lets a reviewer confirm the sample was unbiased and spread across the whole period, and it drives the wave 3 PBC requests.
A7: How to use this workbook
A8: 1. Paste TEST-ID, population EV-ID, IPE result, population size and planned sample size from W10/W09 into Ref_TEST.
A9: 2. Create one Sample_Log row per test. Selection is only allowed from a population whose IPE result is Pass.
A10: 3. List every selected item on the Items tab with its date and basis (Random / Systematic / Targeted / All items).
A11: 4. Record the seed or interval so the selection can be reperformed. Explain targeted additions.
A12: 5. Raise the wave 3 PBC request in W08 and enter its ID.
A14: Colour legend
A15: Yellow cells with blue text = you enter data here. Grey cells = formulas (do not overwrite). Row 5 of each register is a worked ABC Manufacturing example: overwrite it with your first record.
... A26: Column dictionary
A27: Tab | B27: Field | C27: Definition | D27: Allowed values / rule | E27: Type
A28: Sample_Log | B28: SMP-ID | C28: Unique key | D28: SMP-nnn | E28: Input
A29: Sample_Log | B29: TEST-ID | C29: Test the sample is for | D29: From W10 (Ref_TEST) | E29: Input
A30: Sample_Log | B30: Population EV-ID | C30: Lookup from W10 | D30: Formula | E30: Formula
A31: Sample_Log | B31: IPE result | C31: Lookup from W09 | D31: Formula | E31: Formula
A32: Sample_Log | B32: Population size | C32: Lookup from W09 | D32: Formula | E32: Formula
A33: Sample_Log | B33: Planned sample size | C33: Lookup from W10 | D33: Formula | E33: Formula
A34: Sample_Log | B34: Items selected | C34: Count of items listed on the Items tab | D34: Formula | E34: Formula
A35: Sample_Log | B35: Selection method | C35: How chosen | D35: Random (seeded) preferred | E35: Input
A36: Sample_Log | B36: Seed / interval | C36: Parameter for reperformance | D36: Required for random / systematic | E36: Input
A37: Sample_Log | B37: Targeted additions | C37: Risk-based items added to the planned sample | D37: Number; explain in rationale | E37: Input
A38: Sample_Log | B38: Q1 items | C38: Items dated in Q1 | D38: Formula | E38: Formula
... A56: Items | B56: Check | C56: Automatic test | D56: Formula | E56: Formula
A58: Version history
A59: 0.1 — October 2026 — initial template (TIB Systems LLC)
A60: Cross-workbook links: keys from other workbooks are pasted as values into the Ref_ tabs, so this file works on its own and never breaks when files are moved.

Sheet Sample_Log
A1: W12 — Sample Log
A2: One row per sample. Row 5 is a worked example (SMP-003, 27 items on the Items tab). Overwrite it.
A4: SMP-ID | B4: TEST-ID | C4: Population EV-ID | D4: IPE result | E4: Population size | F4: Planned sample size | G4: Items selected | H4: Selection method | I4: Seed / interval | J4: Targeted additions | K4: Q1 items | L4: Q2 items | M4: Q3 items | N4: Q4 items | O4: Quarters covered | P4: Period coverage confirmed? | Q4: Wave 3 PBC-ID | R4: Selected by | S4: Selection date | T4: Rationale for targeted items / deviation | U4: Row check
A5: SMP-003 | B5: C-ITGC-PC-001-TOE | C5: =IFERROR(INDEX(Ref_TEST!$B$2:$B$201,MATCH(B5,Ref_TEST!$A$2:$A$201,0)),"") -> EV-019 | D5: =IFERROR(INDEX(Ref_TEST!$C$2:$C$201,MATCH(B5,Ref_TEST!$A$2:$A$201,0)),"") -> Pass | E5: =IFERROR(INDEX(Ref_TEST!$D$2:$D$201,MATCH(B5,Ref_TEST!$A$2:$A$201,0)),"") -> 312 | F5: =IFERROR(INDEX(Ref_TEST!$E$2:$E$201,MATCH(B5,Ref_TEST!$A$2:$A$201,0)),"") -> 25 | G5: =IF(A5="","",COUNTIF(Items!$A$5:$A$1004,A5)) -> 27 | H5: Random (seeded) | I5: 4471 | J5: 2 | K5: =IF(A5="","",COUNTIFS(Items!$A$5:$A$1004,A5,Items!$E$5:$E$1004,"Q1")) -> 9 | L5: =IF(A5="","",COUNTIFS(Items!$A$5:$A$1004,A5,Items!$E$5:$E$1004,"Q2")) -> 9 | M5: =IF(A5="","",COUNTIFS(Items!$A$5:$A$1004,A5,Items!$E$5:$E$1004,"Q3")) -> 9 | N5: =IF(A5="","",COUNTIFS(Items!$A$5:$A$1004,A5,Items!$E$5:$E$1004,"Q4")) -> 0 | O5: =IF(A5="","",COUNTIF(K5:N5,">0")) -> 3 | P5: Y | Q5: PBC-040 | R5: Tester 1 | S5: 46300 | T5: 2 targeted: transports touching ITAC tables T169G and T001B | U5: =IF(A5="","",IF(OR(B5="",H5="",R5="",S5=""),"TEST-ID, method, selector, date needed",IF(COUNTIF(Ref_TEST!$A$2:$A$201,B5)=0,"TEST-ID not in W10",IF(D5<>"Pass","HOLD: population IPE not Pass",IF(AND(OR(H5="Random (seeded)",H5="Systematic"),I5=""),"Seed or interval needed",IF(G5<>F5+N(J5),"Items selected differ from planned + targeted: explain",IF(P5<>"Y","Confirm period coverage",IF(Q5="","Raise wave 3 PBC request","OK")))))))) -> OK
C6: =IFERROR(INDEX(Ref_TEST!$B$2:$B$201,MATCH(B6,Ref_TEST!$A$2:$A$201,0)),"") | D6: =IFERROR(INDEX(Ref_TEST!$C$2:$C$201,MATCH(B6,Ref_TEST!$A$2:$A$201,0)),"") | E6: =IFERROR(INDEX(Ref_TEST!$D$2:$D$201,MATCH(B6,Ref_TEST!$A$2:$A$201,0)),"") | F6: =IFERROR(INDEX(Ref_TEST!$E$2:$E$201,MATCH(B6,Ref_TEST!$A$2:$A$201,0)),"") | G6: =IF(A6="","",COUNTIF(Items!$A$5:$A$1004,A6)) | K6: =IF(A6="","",COUNTIFS(Items!$A$5:$A$1004,A6,Items!$E$5:$E$1004,"Q1")) | L6: =IF(A6="","",COUNTIFS(Items!$A$5:$A$1004,A6,Items!$E$5:$E$1004,"Q2")) | M6: =IF(A6="","",COUNTIFS(Items!$A$5:$A$1004,A6,Items!$E$5:$E$1004,"Q3")) | N6: =IF(A6="","",COUNTIFS(Items!$A$5:$A$1004,A6,Items!$E$5:$E$1004,"Q4")) | O6: =IF(A6="","",COUNTIF(K6:N6,">0")) | U6: =IF(A6="","",IF(OR(B6="",H6="",R6="",S6=""),"TEST-ID, method, selector, date needed",IF(COUNTIF(Ref_TEST!$A$2:$A$201,B6)=0,"TEST-ID not in W10",IF(D6<>"Pass","HOLD: population IPE not Pass",IF(AND(OR(H6="Random (seeded)",H6="Systematic"),I6=""),"Seed or interval needed",IF(G6<>F6+N(J6),"Items selected differ from planned + targeted: explain",IF(P6<>"Y","Confirm period coverage",IF(Q6="","Raise wave 3 PBC request","OK"))))))))
C7: =IFERROR(INDEX(Ref_TEST!$B$2:$B$201,MATCH(B7,Ref_TEST!$A$2:$A$201,0)),"") | D7: =IFERROR(INDEX(Ref_TEST!$C$2:$C$201,MATCH(B7,Ref_TEST!$A$2:$A$201,0)),"") | E7: =IFERROR(INDEX(Ref_TEST!$D$2:$D$201,MATCH(B7,Ref_TEST!$A$2:$A$201,0)),"") | F7: =IFERROR(INDEX(Ref_TEST!$E$2:$E$201,MATCH(B7,Ref_TEST!$A$2:$A$201,0)),"") | G7: =IF(A7="","",COUNTIF(Items!$A$5:$A$1004,A7)) | K7: =IF(A7="","",COUNTIFS(Items!$A$5:$A$1004,A7,Items!$E$5:$E$1004,"Q1")) | L7: =IF(A7="","",COUNTIFS(Items!$A$5:$A$1004,A7,Items!$E$5:$E$1004,"Q2")) | M7: =IF(A7="","",COUNTIFS(Items!$A$5:$A$1004,A7,Items!$E$5:$E$1004,"Q3")) | N7: =IF(A7="","",COUNTIFS(Items!$A$5:$A$1004,A7,Items!$E$5:$E$1004,"Q4")) | O7: =IF(A7="","",COUNTIF(K7:N7,">0")) | U7: =IF(A7="","",IF(OR(B7="",H7="",R7="",S7=""),"TEST-ID, method, selector, date needed",IF(COUNTIF(Ref_TEST!$A$2:$A$201,B7)=0,"TEST-ID not in W10",IF(D7<>"Pass","HOLD: population IPE not Pass",IF(AND(OR(H7="Random (seeded)",H7="Systematic"),I7=""),"Seed or interval needed",IF(G7<>F7+N(J7),"Items selected differ from planned + targeted: explain",IF(P7<>"Y","Confirm period coverage",IF(Q7="","Raise wave 3 PBC request","OK"))))))))
C8: =IFERROR(INDEX(Ref_TEST!$B$2:$B$201,MATCH(B8,Ref_TEST!$A$2:$A$201,0)),"") | D8: =IFERROR(INDEX(Ref_TEST!$C$2:$C$201,MATCH(B8,Ref_TEST!$A$2:$A$201,0)),"") | E8: =IFERROR(INDEX(Ref_TEST!$D$2:$D$201,MATCH(B8,Ref_TEST!$A$2:$A$201,0)),"") | F8: =IFERROR(INDEX(Ref_TEST!$E$2:$E$201,MATCH(B8,Ref_TEST!$A$2:$A$201,0)),"") | G8: =IF(A8="","",COUNTIF(Items!$A$5:$A$1004,A8)) | K8: =IF(A8="","",COUNTIFS(Items!$A$5:$A$1004,A8,Items!$E$5:$E$1004,"Q1")) | L8: =IF(A8="","",COUNTIFS(Items!$A$5:$A$1004,A8,Items!$E$5:$E$1004,"Q2")) | M8: =IF(A8="","",COUNTIFS(Items!$A$5:$A$1004,A8,Items!$E$5:$E$1004,"Q3")) | N8: =IF(A8="","",COUNTIFS(Items!$A$5:$A$1004,A8,Items!$E$5:$E$1004,"Q4")) | O8: =IF(A8="","",COUNTIF(K8:N8,">0")) | U8: =IF(A8="","",IF(OR(B8="",H8="",R8="",S8=""),"TEST-ID, method, selector, date needed",IF(COUNTIF(Ref_TEST!$A$2:$A$201,B8)=0,"TEST-ID not in W10",IF(D8<>"Pass","HOLD: population IPE not Pass",IF(AND(OR(H8="Random (seeded)",H8="Systematic"),I8=""),"Seed or interval needed",IF(G8<>F8+N(J8),"Items selected differ from planned + targeted: explain",IF(P8<>"Y","Confirm period coverage",IF(Q8="","Raise wave 3 PBC request","OK"))))))))
C9: =IFERROR(INDEX(Ref_TEST!$B$2:$B$201,MATCH(B9,Ref_TEST!$A$2:$A$201,0)),"") | D9: =IFERROR(INDEX(Ref_TEST!$C$2:$C$201,MATCH(B9,Ref_TEST!$A$2:$A$201,0)),"") | E9: =IFERROR(INDEX(Ref_TEST!$D$2:$D$201,MATCH(B9,Ref_TEST!$A$2:$A$201,0)),"") | F9: =IFERROR(INDEX(Ref_TEST!$E$2:$E$201,MATCH(B9,Ref_TEST!$A$2:$A$201,0)),"") | G9: =IF(A9="","",COUNTIF(Items!$A$5:$A$1004,A9)) | K9: =IF(A9="","",COUNTIFS(Items!$A$5:$A$1004,A9,Items!$E$5:$E$1004,"Q1")) | L9: =IF(A9="","",COUNTIFS(Items!$A$5:$A$1004,A9,Items!$E$5:$E$1004,"Q2")) | M9: =IF(A9="","",COUNTIFS(Items!$A$5:$A$1004,A9,Items!$E$5:$E$1004,"Q3")) | N9: =IF(A9="","",COUNTIFS(Items!$A$5:$A$1004,A9,Items!$E$5:$E$1004,"Q4")) | O9: =IF(A9="","",COUNTIF(K9:N9,">0")) | U9: =IF(A9="","",IF(OR(B9="",H9="",R9="",S9=""),"TEST-ID, method, selector, date needed",IF(COUNTIF(Ref_TEST!$A$2:$A$201,B9)=0,"TEST-ID not in W10",IF(D9<>"Pass","HOLD: population IPE not Pass",IF(AND(OR(H9="Random (seeded)",H9="Systematic"),I9=""),"Seed or interval needed",IF(G9<>F9+N(J9),"Items selected differ from planned + targeted: explain",IF(P9<>"Y","Confirm period coverage",IF(Q9="","Raise wave 3 PBC request","OK"))))))))
C10: =IFERROR(INDEX(Ref_TEST!$B$2:$B$201,MATCH(B10,Ref_TEST!$A$2:$A$201,0)),"") | D10: =IFERROR(INDEX(Ref_TEST!$C$2:$C$201,MATCH(B10,Ref_TEST!$A$2:$A$201,0)),"") | E10: =IFERROR(INDEX(Ref_TEST!$D$2:$D$201,MATCH(B10,Ref_TEST!$A$2:$A$201,0)),"") | F10: =IFERROR(INDEX(Ref_TEST!$E$2:$E$201,MATCH(B10,Ref_TEST!$A$2:$A$201,0)),"") | G10: =IF(A10="","",COUNTIF(Items!$A$5:$A$1004,A10)) | K10: =IF(A10="","",COUNTIFS(Items!$A$5:$A$1004,A10,Items!$E$5:$E$1004,"Q1")) | L10: =IF(A10="","",COUNTIFS(Items!$A$5:$A$1004,A10,Items!$E$5:$E$1004,"Q2")) | M10: =IF(A10="","",COUNTIFS(Items!$A$5:$A$1004,A10,Items!$E$5:$E$1004,"Q3")) | N10: =IF(A10="","",COUNTIFS(Items!$A$5:$A$1004,A10,Items!$E$5:$E$1004,"Q4")) | O10: =IF(A10="","",COUNTIF(K10:N10,">0")) | U10: =IF(A10="","",IF(OR(B10="",H10="",R10="",S10=""),"TEST-ID, method, selector, date needed",IF(COUNTIF(Ref_TEST!$A$2:$A$201,B10)=0,"TEST-ID not in W10",IF(D10<>"Pass","HOLD: population IPE not Pass",IF(AND(OR(H10="Random (seeded)",H10="Systematic"),I10=""),"Seed or interval needed",IF(G10<>F10+N(J10),"Items selected differ from planned + targeted: explain",IF(P10<>"Y","Confirm period coverage",IF(Q10="","Raise wave 3 PBC request","OK"))))))))
C11: =IFERROR(INDEX(Ref_TEST!$B$2:$B$201,MATCH(B11,Ref_TEST!$A$2:$A$201,0)),"") | D11: =IFERROR(INDEX(Ref_TEST!$C$2:$C$201,MATCH(B11,Ref_TEST!$A$2:$A$201,0)),"") | E11: =IFERROR(INDEX(Ref_TEST!$D$2:$D$201,MATCH(B11,Ref_TEST!$A$2:$A$201,0)),"") | F11: =IFERROR(INDEX(Ref_TEST!$E$2:$E$201,MATCH(B11,Ref_TEST!$A$2:$A$201,0)),"") | G11: =IF(A11="","",COUNTIF(Items!$A$5:$A$1004,A11)) | K11: =IF(A11="","",COUNTIFS(Items!$A$5:$A$1004,A11,Items!$E$5:$E$1004,"Q1")) | L11: =IF(A11="","",COUNTIFS(Items!$A$5:$A$1004,A11,Items!$E$5:$E$1004,"Q2")) | M11: =IF(A11="","",COUNTIFS(Items!$A$5:$A$1004,A11,Items!$E$5:$E$1004,"Q3")) | N11: =IF(A11="","",COUNTIFS(Items!$A$5:$A$1004,A11,Items!$E$5:$E$1004,"Q4")) | O11: =IF(A11="","",COUNTIF(K11:N11,">0")) | U11: =IF(A11="","",IF(OR(B11="",H11="",R11="",S11=""),"TEST-ID, method, selector, date needed",IF(COUNTIF(Ref_TEST!$A$2:$A$201,B11)=0,"TEST-ID not in W10",IF(D11<>"Pass","HOLD: population IPE not Pass",IF(AND(OR(H11="Random (seeded)",H11="Systematic"),I11=""),"Seed or interval needed",IF(G11<>F11+N(J11),"Items selected differ from planned + targeted: explain",IF(P11<>"Y","Confirm period coverage",IF(Q11="","Raise wave 3 PBC request","OK"))))))))
C12: =IFERROR(INDEX(Ref_TEST!$B$2:$B$201,MATCH(B12,Ref_TEST!$A$2:$A$201,0)),"") | D12: =IFERROR(INDEX(Ref_TEST!$C$2:$C$201,MATCH(B12,Ref_TEST!$A$2:$A$201,0)),"") | E12: =IFERROR(INDEX(Ref_TEST!$D$2:$D$201,MATCH(B12,Ref_TEST!$A$2:$A$201,0)),"") | F12: =IFERROR(INDEX(Ref_TEST!$E$2:$E$201,MATCH(B12,Ref_TEST!$A$2:$A$201,0)),"") | G12: =IF(A12="","",COUNTIF(Items!$A$5:$A$1004,A12)) | K12: =IF(A12="","",COUNTIFS(Items!$A$5:$A$1004,A12,Items!$E$5:$E$1004,"Q1")) | L12: =IF(A12="","",COUNTIFS(Items!$A$5:$A$1004,A12,Items!$E$5:$E$1004,"Q2")) | M12: =IF(A12="","",COUNTIFS(Items!$A$5:$A$1004,A12,Items!$E$5:$E$1004,"Q3")) | N12: =IF(A12="","",COUNTIFS(Items!$A$5:$A$1004,A12,Items!$E$5:$E$1004,"Q4")) | O12: =IF(A12="","",COUNTIF(K12:N12,">0")) | U12: =IF(A12="","",IF(OR(B12="",H12="",R12="",S12=""),"TEST-ID, method, selector, date needed",IF(COUNTIF(Ref_TEST!$A$2:$A$201,B12)=0,"TEST-ID not in W10",IF(D12<>"Pass","HOLD: population IPE not Pass",IF(AND(OR(H12="Random (seeded)",H12="Systematic"),I12=""),"Seed or interval needed",IF(G12<>F12+N(J12),"Items selected differ from planned + targeted: explain",IF(P12<>"Y","Confirm period coverage",IF(Q12="","Raise wave 3 PBC request","OK"))))))))
C13: =IFERROR(INDEX(Ref_TEST!$B$2:$B$201,MATCH(B13,Ref_TEST!$A$2:$A$201,0)),"") | D13: =IFERROR(INDEX(Ref_TEST!$C$2:$C$201,MATCH(B13,Ref_TEST!$A$2:$A$201,0)),"") | E13: =IFERROR(INDEX(Ref_TEST!$D$2:$D$201,MATCH(B13,Ref_TEST!$A$2:$A$201,0)),"") | F13: =IFERROR(INDEX(Ref_TEST!$E$2:$E$201,MATCH(B13,Ref_TEST!$A$2:$A$201,0)),"") | G13: =IF(A13="","",COUNTIF(Items!$A$5:$A$1004,A13)) | K13: =IF(A13="","",COUNTIFS(Items!$A$5:$A$1004,A13,Items!$E$5:$E$1004,"Q1")) | L13: =IF(A13="","",COUNTIFS(Items!$A$5:$A$1004,A13,Items!$E$5:$E$1004,"Q2")) | M13: =IF(A13="","",COUNTIFS(Items!$A$5:$A$1004,A13,Items!$E$5:$E$1004,"Q3")) | N13: =IF(A13="","",COUNTIFS(Items!$A$5:$A$1004,A13,Items!$E$5:$E$1004,"Q4")) | O13: =IF(A13="","",COUNTIF(K13:N13,">0")) | U13: =IF(A13="","",IF(OR(B13="",H13="",R13="",S13=""),"TEST-ID, method, selector, date needed",IF(COUNTIF(Ref_TEST!$A$2:$A$201,B13)=0,"TEST-ID not in W10",IF(D13<>"Pass","HOLD: population IPE not Pass",IF(AND(OR(H13="Random (seeded)",H13="Systematic"),I13=""),"Seed or interval needed",IF(G13<>F13+N(J13),"Items selected differ from planned + targeted: explain",IF(P13<>"Y","Confirm period coverage",IF(Q13="","Raise wave 3 PBC request","OK"))))))))
C14: =IFERROR(INDEX(Ref_TEST!$B$2:$B$201,MATCH(B14,Ref_TEST!$A$2:$A$201,0)),"") | D14: =IFERROR(INDEX(Ref_TEST!$C$2:$C$201,MATCH(B14,Ref_TEST!$A$2:$A$201,0)),"") | E14: =IFERROR(INDEX(Ref_TEST!$D$2:$D$201,MATCH(B14,Ref_TEST!$A$2:$A$201,0)),"") | F14: =IFERROR(INDEX(Ref_TEST!$E$2:$E$201,MATCH(B14,Ref_TEST!$A$2:$A$201,0)),"") | G14: =IF(A14="","",COUNTIF(Items!$A$5:$A$1004,A14)) | K14: =IF(A14="","",COUNTIFS(Items!$A$5:$A$1004,A14,Items!$E$5:$E$1004,"Q1")) | L14: =IF(A14="","",COUNTIFS(Items!$A$5:$A$1004,A14,Items!$E$5:$E$1004,"Q2")) | M14: =IF(A14="","",COUNTIFS(Items!$A$5:$A$1004,A14,Items!$E$5:$E$1004,"Q3")) | N14: =IF(A14="","",COUNTIFS(Items!$A$5:$A$1004,A14,Items!$E$5:$E$1004,"Q4")) | O14: =IF(A14="","",COUNTIF(K14:N14,">0")) | U14: =IF(A14="","",IF(OR(B14="",H14="",R14="",S14=""),"TEST-ID, method, selector, date needed",IF(COUNTIF(Ref_TEST!$A$2:$A$201,B14)=0,"TEST-ID not in W10",IF(D14<>"Pass","HOLD: population IPE not Pass",IF(AND(OR(H14="Random (seeded)",H14="Systematic"),I14=""),"Seed or interval needed",IF(G14<>F14+N(J14),"Items selected differ from planned + targeted: explain",IF(P14<>"Y","Confirm period coverage",IF(Q14="","Raise wave 3 PBC request","OK"))))))))
C15: =IFERROR(INDEX(Ref_TEST!$B$2:$B$201,MATCH(B15,Ref_TEST!$A$2:$A$201,0)),"") | D15: =IFERROR(INDEX(Ref_TEST!$C$2:$C$201,MATCH(B15,Ref_TEST!$A$2:$A$201,0)),"") | E15: =IFERROR(INDEX(Ref_TEST!$D$2:$D$201,MATCH(B15,Ref_TEST!$A$2:$A$201,0)),"") | F15: =IFERROR(INDEX(Ref_TEST!$E$2:$E$201,MATCH(B15,Ref_TEST!$A$2:$A$201,0)),"") | G15: =IF(A15="","",COUNTIF(Items!$A$5:$A$1004,A15)) | K15: =IF(A15="","",COUNTIFS(Items!$A$5:$A$1004,A15,Items!$E$5:$E$1004,"Q1")) | L15: =IF(A15="","",COUNTIFS(Items!$A$5:$A$1004,A15,Items!$E$5:$E$1004,"Q2")) | M15: =IF(A15="","",COUNTIFS(Items!$A$5:$A$1004,A15,Items!$E$5:$E$1004,"Q3")) | N15: =IF(A15="","",COUNTIFS(Items!$A$5:$A$1004,A15,Items!$E$5:$E$1004,"Q4")) | O15: =IF(A15="","",COUNTIF(K15:N15,">0")) | U15: =IF(A15="","",IF(OR(B15="",H15="",R15="",S15=""),"TEST-ID, method, selector, date needed",IF(COUNTIF(Ref_TEST!$A$2:$A$201,B15)=0,"TEST-ID not in W10",IF(D15<>"Pass","HOLD: population IPE not Pass",IF(AND(OR(H15="Random (seeded)",H15="Systematic"),I15=""),"Seed or interval needed",IF(G15<>F15+N(J15),"Items selected differ from planned + targeted: explain",IF(P15<>"Y","Confirm period coverage",IF(Q15="","Raise wave 3 PBC request","OK"))))))))
C16: =IFERROR(INDEX(Ref_TEST!$B$2:$B$201,MATCH(B16,Ref_TEST!$A$2:$A$201,0)),"") | D16: =IFERROR(INDEX(Ref_TEST!$C$2:$C$201,MATCH(B16,Ref_TEST!$A$2:$A$201,0)),"") | E16: =IFERROR(INDEX(Ref_TEST!$D$2:$D$201,MATCH(B16,Ref_TEST!$A$2:$A$201,0)),"") | F16: =IFERROR(INDEX(Ref_TEST!$E$2:$E$201,MATCH(B16,Ref_TEST!$A$2:$A$201,0)),"") | G16: =IF(A16="","",COUNTIF(Items!$A$5:$A$1004,A16)) | K16: =IF(A16="","",COUNTIFS(Items!$A$5:$A$1004,A16,Items!$E$5:$E$1004,"Q1")) | L16: =IF(A16="","",COUNTIFS(Items!$A$5:$A$1004,A16,Items!$E$5:$E$1004,"Q2")) | M16: =IF(A16="","",COUNTIFS(Items!$A$5:$A$1004,A16,Items!$E$5:$E$1004,"Q3")) | N16: =IF(A16="","",COUNTIFS(Items!$A$5:$A$1004,A16,Items!$E$5:$E$1004,"Q4")) | O16: =IF(A16="","",COUNTIF(K16:N16,">0")) | U16: =IF(A16="","",IF(OR(B16="",H16="",R16="",S16=""),"TEST-ID, method, selector, date needed",IF(COUNTIF(Ref_TEST!$A$2:$A$201,B16)=0,"TEST-ID not in W10",IF(D16<>"Pass","HOLD: population IPE not Pass",IF(AND(OR(H16="Random (seeded)",H16="Systematic"),I16=""),"Seed or interval needed",IF(G16<>F16+N(J16),"Items selected differ from planned + targeted: explain",IF(P16<>"Y","Confirm period coverage",IF(Q16="","Raise wave 3 PBC request","OK"))))))))
C17: =IFERROR(INDEX(Ref_TEST!$B$2:$B$201,MATCH(B17,Ref_TEST!$A$2:$A$201,0)),"") | D17: =IFERROR(INDEX(Ref_TEST!$C$2:$C$201,MATCH(B17,Ref_TEST!$A$2:$A$201,0)),"") | E17: =IFERROR(INDEX(Ref_TEST!$D$2:$D$201,MATCH(B17,Ref_TEST!$A$2:$A$201,0)),"") | F17: =IFERROR(INDEX(Ref_TEST!$E$2:$E$201,MATCH(B17,Ref_TEST!$A$2:$A$201,0)),"") | G17: =IF(A17="","",COUNTIF(Items!$A$5:$A$1004,A17)) | K17: =IF(A17="","",COUNTIFS(Items!$A$5:$A$1004,A17,Items!$E$5:$E$1004,"Q1")) | L17: =IF(A17="","",COUNTIFS(Items!$A$5:$A$1004,A17,Items!$E$5:$E$1004,"Q2")) | M17: =IF(A17="","",COUNTIFS(Items!$A$5:$A$1004,A17,Items!$E$5:$E$1004,"Q3")) | N17: =IF(A17="","",COUNTIFS(Items!$A$5:$A$1004,A17,Items!$E$5:$E$1004,"Q4")) | O17: =IF(A17="","",COUNTIF(K17:N17,">0")) | U17: =IF(A17="","",IF(OR(B17="",H17="",R17="",S17=""),"TEST-ID, method, selector, date needed",IF(COUNTIF(Ref_TEST!$A$2:$A$201,B17)=0,"TEST-ID not in W10",IF(D17<>"Pass","HOLD: population IPE not Pass",IF(AND(OR(H17="Random (seeded)",H17="Systematic"),I17=""),"Seed or interval needed",IF(G17<>F17+N(J17),"Items selected differ from planned + targeted: explain",IF(P17<>"Y","Confirm period coverage",IF(Q17="","Raise wave 3 PBC request","OK"))))))))
... C204: =IFERROR(INDEX(Ref_TEST!$B$2:$B$201,MATCH(B204,Ref_TEST!$A$2:$A$201,0)),"") | D204: =IFERROR(INDEX(Ref_TEST!$C$2:$C$201,MATCH(B204,Ref_TEST!$A$2:$A$201,0)),"") | E204: =IFERROR(INDEX(Ref_TEST!$D$2:$D$201,MATCH(B204,Ref_TEST!$A$2:$A$201,0)),"") | F204: =IFERROR(INDEX(Ref_TEST!$E$2:$E$201,MATCH(B204,Ref_TEST!$A$2:$A$201,0)),"") | G204: =IF(A204="","",COUNTIF(Items!$A$5:$A$1004,A204)) | K204: =IF(A204="","",COUNTIFS(Items!$A$5:$A$1004,A204,Items!$E$5:$E$1004,"Q1")) | L204: =IF(A204="","",COUNTIFS(Items!$A$5:$A$1004,A204,Items!$E$5:$E$1004,"Q2")) | M204: =IF(A204="","",COUNTIFS(Items!$A$5:$A$1004,A204,Items!$E$5:$E$1004,"Q3")) | N204: =IF(A204="","",COUNTIFS(Items!$A$5:$A$1004,A204,Items!$E$5:$E$1004,"Q4")) | O204: =IF(A204="","",COUNTIF(K204:N204,">0")) | U204: =IF(A204="","",IF(OR(B204="",H204="",R204="",S204=""),"TEST-ID, method, selector, date needed",IF(COUNTIF(Ref_TEST!$A$2:$A$201,B204)=0,"TEST-ID not in W10",IF(D204<>"Pass","HOLD: population IPE not Pass",IF(AND(OR(H204="Random (seeded)",H204="Systematic"),I204=""),"Seed or interval needed",IF(G204<>F204+N(J204),"Items selected differ from planned + targeted: explain",IF(P204<>"Y","Confirm period coverage",IF(Q204="","Raise wave 3 PBC request","OK"))))))))

Sheet Items
A1: W12 — Items
A2: One row per selected item. Rows 5–31 are the worked SMP-003 example. Overwrite them (room for 1,000 items).
A4: SMP-ID | B4: Item ID | C4: Item date | D4: Selection basis | E4: Quarter | F4: Wave 3 evidence received? | G4: Note | H4: Check
A5: SMP-003 | B5: ECDK900114 | C5: 46025 | D5: Random | E5: =IF(C5="","","Q"&ROUNDUP(MONTH(C5)/3,0)) -> Q1 | F5: N | H5: =IF(A5="","",IF(OR(B5="",C5=""),"Item ID and date needed",IF(COUNTIF(Sample_Log!$A$5:$A$204,A5)=0,"SMP-ID not in log",IF(COUNTIFS($A$5:$A$1004,A5,$B$5:$B$1004,B5)>1,"Duplicate item in sample","OK")))) -> OK
A6: SMP-003 | B6: ECDK900117 | C6: 46026 | D6: Random | E6: =IF(C6="","","Q"&ROUNDUP(MONTH(C6)/3,0)) -> Q1 | F6: N | H6: =IF(A6="","",IF(OR(B6="",C6=""),"Item ID and date needed",IF(COUNTIF(Sample_Log!$A$5:$A$204,A6)=0,"SMP-ID not in log",IF(COUNTIFS($A$5:$A$1004,A6,$B$5:$B$1004,B6)>1,"Duplicate item in sample","OK")))) -> OK
A7: SMP-003 | B7: ECDK900120 | C7: 46027 | D7: Random | E7: =IF(C7="","","Q"&ROUNDUP(MONTH(C7)/3,0)) -> Q1 | F7: N | H7: =IF(A7="","",IF(OR(B7="",C7=""),"Item ID and date needed",IF(COUNTIF(Sample_Log!$A$5:$A$204,A7)=0,"SMP-ID not in log",IF(COUNTIFS($A$5:$A$1004,A7,$B$5:$B$1004,B7)>1,"Duplicate item in sample","OK")))) -> OK
A8: SMP-003 | B8: ECDK900123 | C8: 46059 | D8: Random | E8: =IF(C8="","","Q"&ROUNDUP(MONTH(C8)/3,0)) -> Q1 | F8: N | H8: =IF(A8="","",IF(OR(B8="",C8=""),"Item ID and date needed",IF(COUNTIF(Sample_Log!$A$5:$A$204,A8)=0,"SMP-ID not in log",IF(COUNTIFS($A$5:$A$1004,A8,$B$5:$B$1004,B8)>1,"Duplicate item in sample","OK")))) -> OK
A9: SMP-003 | B9: ECDK900126 | C9: 46060 | D9: Random | E9: =IF(C9="","","Q"&ROUNDUP(MONTH(C9)/3,0)) -> Q1 | F9: N | H9: =IF(A9="","",IF(OR(B9="",C9=""),"Item ID and date needed",IF(COUNTIF(Sample_Log!$A$5:$A$204,A9)=0,"SMP-ID not in log",IF(COUNTIFS($A$5:$A$1004,A9,$B$5:$B$1004,B9)>1,"Duplicate item in sample","OK")))) -> OK
A10: SMP-003 | B10: ECDK900129 | C10: 46061 | D10: Random | E10: =IF(C10="","","Q"&ROUNDUP(MONTH(C10)/3,0)) -> Q1 | F10: N | H10: =IF(A10="","",IF(OR(B10="",C10=""),"Item ID and date needed",IF(COUNTIF(Sample_Log!$A$5:$A$204,A10)=0,"SMP-ID not in log",IF(COUNTIFS($A$5:$A$1004,A10,$B$5:$B$1004,B10)>1,"Duplicate item in sample","OK")))) -> OK
A11: SMP-003 | B11: ECDK900132 | C11: 46090 | D11: Random | E11: =IF(C11="","","Q"&ROUNDUP(MONTH(C11)/3,0)) -> Q1 | F11: N | H11: =IF(A11="","",IF(OR(B11="",C11=""),"Item ID and date needed",IF(COUNTIF(Sample_Log!$A$5:$A$204,A11)=0,"SMP-ID not in log",IF(COUNTIFS($A$5:$A$1004,A11,$B$5:$B$1004,B11)>1,"Duplicate item in sample","OK")))) -> OK
A12: SMP-003 | B12: ECDK900135 | C12: 46091 | D12: Random | E12: =IF(C12="","","Q"&ROUNDUP(MONTH(C12)/3,0)) -> Q1 | F12: N | H12: =IF(A12="","",IF(OR(B12="",C12=""),"Item ID and date needed",IF(COUNTIF(Sample_Log!$A$5:$A$204,A12)=0,"SMP-ID not in log",IF(COUNTIFS($A$5:$A$1004,A12,$B$5:$B$1004,B12)>1,"Duplicate item in sample","OK")))) -> OK
A13: SMP-003 | B13: ECDK900138 | C13: 46092 | D13: Random | E13: =IF(C13="","","Q"&ROUNDUP(MONTH(C13)/3,0)) -> Q1 | F13: N | H13: =IF(A13="","",IF(OR(B13="",C13=""),"Item ID and date needed",IF(COUNTIF(Sample_Log!$A$5:$A$204,A13)=0,"SMP-ID not in log",IF(COUNTIFS($A$5:$A$1004,A13,$B$5:$B$1004,B13)>1,"Duplicate item in sample","OK")))) -> OK
A14: SMP-003 | B14: ECDK900141 | C14: 46124 | D14: Random | E14: =IF(C14="","","Q"&ROUNDUP(MONTH(C14)/3,0)) -> Q2 | F14: N | H14: =IF(A14="","",IF(OR(B14="",C14=""),"Item ID and date needed",IF(COUNTIF(Sample_Log!$A$5:$A$204,A14)=0,"SMP-ID not in log",IF(COUNTIFS($A$5:$A$1004,A14,$B$5:$B$1004,B14)>1,"Duplicate item in sample","OK")))) -> OK
A15: SMP-003 | B15: ECDK900144 | C15: 46125 | D15: Random | E15: =IF(C15="","","Q"&ROUNDUP(MONTH(C15)/3,0)) -> Q2 | F15: N | H15: =IF(A15="","",IF(OR(B15="",C15=""),"Item ID and date needed",IF(COUNTIF(Sample_Log!$A$5:$A$204,A15)=0,"SMP-ID not in log",IF(COUNTIFS($A$5:$A$1004,A15,$B$5:$B$1004,B15)>1,"Duplicate item in sample","OK")))) -> OK
A16: SMP-003 | B16: ECDK900147 | C16: 46126 | D16: Random | E16: =IF(C16="","","Q"&ROUNDUP(MONTH(C16)/3,0)) -> Q2 | F16: N | H16: =IF(A16="","",IF(OR(B16="",C16=""),"Item ID and date needed",IF(COUNTIF(Sample_Log!$A$5:$A$204,A16)=0,"SMP-ID not in log",IF(COUNTIFS($A$5:$A$1004,A16,$B$5:$B$1004,B16)>1,"Duplicate item in sample","OK")))) -> OK
... A29: SMP-003 | B29: ECDK900186 | C29: 46292 | D29: Random | E29: =IF(C29="","","Q"&ROUNDUP(MONTH(C29)/3,0)) -> Q3 | F29: N | H29: =IF(A29="","",IF(OR(B29="",C29=""),"Item ID and date needed",IF(COUNTIF(Sample_Log!$A$5:$A$204,A29)=0,"SMP-ID not in log",IF(COUNTIFS($A$5:$A$1004,A29,$B$5:$B$1004,B29)>1,"Duplicate item in sample","OK")))) -> OK
A30: SMP-003 | B30: ECDK900201 | C30: 46185 | D30: Targeted | E30: =IF(C30="","","Q"&ROUNDUP(MONTH(C30)/3,0)) -> Q2 | F30: N | G30: T169G tolerance change | H30: =IF(A30="","",IF(OR(B30="",C30=""),"Item ID and date needed",IF(COUNTIF(Sample_Log!$A$5:$A$204,A30)=0,"SMP-ID not in log",IF(COUNTIFS($A$5:$A$1004,A30,$B$5:$B$1004,B30)>1,"Duplicate item in sample","OK")))) -> OK
A31: SMP-003 | B31: ECDK900233 | C31: 46239 | D31: Targeted | E31: =IF(C31="","","Q"&ROUNDUP(MONTH(C31)/3,0)) -> Q3 | F31: N | G31: T001B variant change | H31: =IF(A31="","",IF(OR(B31="",C31=""),"Item ID and date needed",IF(COUNTIF(Sample_Log!$A$5:$A$204,A31)=0,"SMP-ID not in log",IF(COUNTIFS($A$5:$A$1004,A31,$B$5:$B$1004,B31)>1,"Duplicate item in sample","OK")))) -> OK
E32: =IF(C32="","","Q"&ROUNDUP(MONTH(C32)/3,0)) | H32: =IF(A32="","",IF(OR(B32="",C32=""),"Item ID and date needed",IF(COUNTIF(Sample_Log!$A$5:$A$204,A32)=0,"SMP-ID not in log",IF(COUNTIFS($A$5:$A$1004,A32,$B$5:$B$1004,B32)>1,"Duplicate item in sample","OK"))))
E33: =IF(C33="","","Q"&ROUNDUP(MONTH(C33)/3,0)) | H33: =IF(A33="","",IF(OR(B33="",C33=""),"Item ID and date needed",IF(COUNTIF(Sample_Log!$A$5:$A$204,A33)=0,"SMP-ID not in log",IF(COUNTIFS($A$5:$A$1004,A33,$B$5:$B$1004,B33)>1,"Duplicate item in sample","OK"))))
E34: =IF(C34="","","Q"&ROUNDUP(MONTH(C34)/3,0)) | H34: =IF(A34="","",IF(OR(B34="",C34=""),"Item ID and date needed",IF(COUNTIF(Sample_Log!$A$5:$A$204,A34)=0,"SMP-ID not in log",IF(COUNTIFS($A$5:$A$1004,A34,$B$5:$B$1004,B34)>1,"Duplicate item in sample","OK"))))
E35: =IF(C35="","","Q"&ROUNDUP(MONTH(C35)/3,0)) | H35: =IF(A35="","",IF(OR(B35="",C35=""),"Item ID and date needed",IF(COUNTIF(Sample_Log!$A$5:$A$204,A35)=0,"SMP-ID not in log",IF(COUNTIFS($A$5:$A$1004,A35,$B$5:$B$1004,B35)>1,"Duplicate item in sample","OK"))))
E36: =IF(C36="","","Q"&ROUNDUP(MONTH(C36)/3,0)) | H36: =IF(A36="","",IF(OR(B36="",C36=""),"Item ID and date needed",IF(COUNTIF(Sample_Log!$A$5:$A$204,A36)=0,"SMP-ID not in log",IF(COUNTIFS($A$5:$A$1004,A36,$B$5:$B$1004,B36)>1,"Duplicate item in sample","OK"))))
E37: =IF(C37="","","Q"&ROUNDUP(MONTH(C37)/3,0)) | H37: =IF(A37="","",IF(OR(B37="",C37=""),"Item ID and date needed",IF(COUNTIF(Sample_Log!$A$5:$A$204,A37)=0,"SMP-ID not in log",IF(COUNTIFS($A$5:$A$1004,A37,$B$5:$B$1004,B37)>1,"Duplicate item in sample","OK"))))
E38: =IF(C38="","","Q"&ROUNDUP(MONTH(C38)/3,0)) | H38: =IF(A38="","",IF(OR(B38="",C38=""),"Item ID and date needed",IF(COUNTIF(Sample_Log!$A$5:$A$204,A38)=0,"SMP-ID not in log",IF(COUNTIFS($A$5:$A$1004,A38,$B$5:$B$1004,B38)>1,"Duplicate item in sample","OK"))))
E39: =IF(C39="","","Q"&ROUNDUP(MONTH(C39)/3,0)) | H39: =IF(A39="","",IF(OR(B39="",C39=""),"Item ID and date needed",IF(COUNTIF(Sample_Log!$A$5:$A$204,A39)=0,"SMP-ID not in log",IF(COUNTIFS($A$5:$A$1004,A39,$B$5:$B$1004,B39)>1,"Duplicate item in sample","OK"))))
E40: =IF(C40="","","Q"&ROUNDUP(MONTH(C40)/3,0)) | H40: =IF(A40="","",IF(OR(B40="",C40=""),"Item ID and date needed",IF(COUNTIF(Sample_Log!$A$5:$A$204,A40)=0,"SMP-ID not in log",IF(COUNTIFS($A$5:$A$1004,A40,$B$5:$B$1004,B40)>1,"Duplicate item in sample","OK"))))
E41: =IF(C41="","","Q"&ROUNDUP(MONTH(C41)/3,0)) | H41: =IF(A41="","",IF(OR(B41="",C41=""),"Item ID and date needed",IF(COUNTIF(Sample_Log!$A$5:$A$204,A41)=0,"SMP-ID not in log",IF(COUNTIFS($A$5:$A$1004,A41,$B$5:$B$1004,B41)>1,"Duplicate item in sample","OK"))))
E42: =IF(C42="","","Q"&ROUNDUP(MONTH(C42)/3,0)) | H42: =IF(A42="","",IF(OR(B42="",C42=""),"Item ID and date needed",IF(COUNTIF(Sample_Log!$A$5:$A$204,A42)=0,"SMP-ID not in log",IF(COUNTIFS($A$5:$A$1004,A42,$B$5:$B$1004,B42)>1,"Duplicate item in sample","OK"))))
E43: =IF(C43="","","Q"&ROUNDUP(MONTH(C43)/3,0)) | H43: =IF(A43="","",IF(OR(B43="",C43=""),"Item ID and date needed",IF(COUNTIF(Sample_Log!$A$5:$A$204,A43)=0,"SMP-ID not in log",IF(COUNTIFS($A$5:$A$1004,A43,$B$5:$B$1004,B43)>1,"Duplicate item in sample","OK"))))
... E1004: =IF(C1004="","","Q"&ROUNDUP(MONTH(C1004)/3,0)) | H1004: =IF(A1004="","",IF(OR(B1004="",C1004=""),"Item ID and date needed",IF(COUNTIF(Sample_Log!$A$5:$A$204,A1004)=0,"SMP-ID not in log",IF(COUNTIFS($A$5:$A$1004,A1004,$B$5:$B$1004,B1004)>1,"Duplicate item in sample","OK"))))

Sheet Ref_TEST
A1: TEST-ID (from W10) | B1: Population EV-ID (W10) | C1: IPE result (W09) | D1: Population size (W09) | E1: Planned sample size (W10)
A2: C-ITGC-PC-001-TOE | B2: EV-019 | C2: Pass | D2: 312 | E2: 25
A3: C-ITGC-AC-002-TOE | B3: EV-021 | C3: Pending | D3: 48 | E3: 25

Sheet Lists
A1: Meth | B1: Basis | C1: YN
A2: Random (seeded) | B2: Random | C2: Y
A3: Systematic | B3: Systematic | C3: N
A4: Haphazard | B4: Targeted
A5: Targeted (risk-based) | B5: All items
A6: All items

Sheet Checks
A1: W12 — Completion checks
A2: All checks are formulas. A workbook passes its gate when every status reads PASS (INFO rows are counts for your information).
A3: Overall | B3: =IF(COUNTIF(C6:C14,"REVIEW")=0,"ALL CHECKS PASS","REVIEW ITEMS: "&COUNTIF(C6:C14,"REVIEW")) -> REVIEW ITEMS: 1
A5: Check | B5: Count | C5: Status | D5: What to do if REVIEW
A6: Samples logged | B6: =COUNTA(Sample_Log!A5:A204) -> 1 | C6: INFO | D6: —
A7: Duplicate SMP-IDs | B7: =SUMPRODUCT((Sample_Log!A5:A204<>"")*(COUNTIF(Sample_Log!A5:A204,Sample_Log!A5:A204)>1)) -> 0 | C7: =IF(B7=0,"PASS","REVIEW") -> PASS | D7: Keys must be unique.
A8: Sample rows needing attention (incl. IPE HOLD) | B8: =SUMPRODUCT((Sample_Log!U5:U204<>"")*(Sample_Log!U5:U204<>"OK")*(LEFT(Sample_Log!U5:U204,2)<>"OK")) -> 0 | C8: =IF(B8=0,"PASS","REVIEW") -> PASS | D8: Read the Row check column.
A9: Item rows needing attention | B9: =SUMPRODUCT((Items!A5:A1004<>"")*(Items!H5:H1004<>"OK")) -> 0 | C9: =IF(B9=0,"PASS","REVIEW") -> PASS | D9: Read the Check column on the Items tab.
A10: W10 tests needing a sample but with none logged | B10: =SUMPRODUCT((Ref_TEST!A2:A201<>"")*(COUNTIF(Sample_Log!B5:B204,Ref_TEST!A2:A201)=0)) -> 1 | C10: =IF(B10=0,"PASS","REVIEW") -> REVIEW | D10: Every TOE needs a sample (or an All items selection).
A11: Items selected in total | B11: =COUNTA(Items!B5:B1004) -> 27 | C11: INFO | D11: —
A12: Targeted items in total | B12: =COUNTIF(Items!D5:D1004,"Targeted") -> 2 | C12: INFO | D12: Each targeted addition needs a rationale.
A13: Samples spanning fewer than 3 quarters | B13: =SUMPRODUCT((Sample_Log!O5:O204<>"")*(Sample_Log!O5:O204<3)) -> 0 | C13: INFO | D13: Expected for quarterly or annual controls; otherwise re-select across the period.
A14: Items whose wave 3 evidence is not yet received | B14: =COUNTIF(Items!F5:F1004,"N") -> 27 | C14: INFO | D14: Chase via W08.
