Workbook

Sheet Instructions
A1: TIB SYSTEMS LLC | SAP Controls Project Foundation Workbook Set
A2: W13 — Deficiency & Remediation Log
A4: Purpose
A5: Records every confirmed test exception, evaluates its severity (condition, criteria, cause, effect), links it back through the thread to the risk and process, groups related deficiencies, and tracks remediation and retest.
A7: How to use this workbook
A8: 1. Paste TEST-ID, CTRL-ID, RISK-ID, BP-ID and the W10 result into Ref_TEST.
A9: 2. Validate each exception first: false positive, wrong population or later evidence? Only confirmed exceptions get a DEF-ID.
A10: 3. Write the four-part statement, record compensating controls and dependent controls affected, and set severity.
A11: 4. Aggregate related deficiencies in Groups (same user, date, process or cause) and evaluate the group.
A12: 5. Record management response, owner and due date; add the retest TEST-ID. A deficiency closes only after a successful retest.
A14: Colour legend
A15: Yellow cells with blue text = you enter data here. Grey cells = formulas (do not overwrite). Row 5 of each register is a worked ABC Manufacturing example: overwrite it with your first record.
... A26: Column dictionary
A27: Tab | B27: Field | C27: Definition | D27: Allowed values / rule | E27: Type
A28: Deficiency_Log | B28: DEF-ID | C28: Unique key | D28: DEF-nnn | E28: Input
A29: Deficiency_Log | B29: TEST-ID | C29: Test where it was found | D29: From W10 (Ref_TEST) | E29: Input
A30: Deficiency_Log | B30: CTRL-ID | C30: Lookup | D30: Formula | E30: Formula
A31: Deficiency_Log | B31: RISK-ID | C31: Lookup | D31: Formula | E31: Formula
A32: Deficiency_Log | B32: BP-ID | C32: Lookup | D32: Formula | E32: Formula
A33: Deficiency_Log | B33: Deficiency type | C33: Design or operating | D33: Design / Operating | E33: Input
A34: Deficiency_Log | B34: Condition | C34: What was found (facts, numbers, dates) | D34: Four-part statement | E34: Input
A35: Deficiency_Log | B35: Criteria | C35: What should have happened | D35: Control description or policy | E35: Input
A36: Deficiency_Log | B36: Cause | C36: Why it happened (from inquiry) | D36: Free text | E36: Input
A37: Deficiency_Log | B37: Effect | C37: What could go wrong; link to risk and assertion | D37: Free text | E37: Input
A38: Deficiency_Log | B38: Exceptions | C38: Failed items out of sample | D38: e.g. 3 of 25 | E38: Input
... A58: Groups | B58: Check | C58: Automatic test | D58: Formula | E58: Formula
A60: Version history
A61: 0.1 — October 2026 — initial template (TIB Systems LLC)
A62: Cross-workbook links: keys from other workbooks are pasted as values into the Ref_ tabs, so this file works on its own and never breaks when files are moved.

Sheet Deficiency_Log
A1: W13 — Deficiency Log
A2: One row per deficiency. Rows 5–6 are worked examples (DEF-004, DEF-007). Overwrite them.
A4: DEF-ID | B4: TEST-ID | C4: CTRL-ID | D4: RISK-ID | E4: BP-ID | F4: Deficiency type | G4: Condition | H4: Criteria | I4: Cause | J4: Effect | K4: Exceptions | L4: Dependent controls affected | M4: Compensating controls | N4: Compensating tested effective? | O4: Severity | P4: Group ID | Q4: Management response | R4: Remediation owner | S4: Due date | T4: Retest TEST-ID | U4: Status | V4: Row check
A5: DEF-004 | B5: C-ITGC-AC-002-TOE | C5: =IFERROR(INDEX(Ref_TEST!$B$2:$B$201,MATCH(B5,Ref_TEST!$A$2:$A$201,0)),"") -> C-ITGC-AC-002 | D5: =IFERROR(INDEX(Ref_TEST!$C$2:$C$201,MATCH(B5,Ref_TEST!$A$2:$A$201,0)),"") -> R-TECH-001 | E5: =IFERROR(INDEX(Ref_TEST!$D$2:$D$201,MATCH(B5,Ref_TEST!$A$2:$A$201,0)),"") -> BP-TECH-01 | F5: Operating | G5: 3 of 25 sampled leavers locked 6 to 14 business days after termination; one display-only logon after termination date | H5: Leavers locked within two business days of HR termination (C-ITGC-AC-002) | I5: HR leavers report is sent weekly, not daily | J5: Leavers retain ability to post transactions (R-TECH-001, Occurrence) | K5: 3 of 25 | M5: C-ITGC-AC-003 | N5: Y | O5: Control deficiency | P5: GR-C | Q5: Agreed: daily HR feed to GRC with automatic lock | R5: IT Security Manager | S5: 46387 | T5: C-ITGC-AC-002-RT1 | U5: Open | V5: =IF(A5="","",IF(COUNTIF(Ref_TEST!$A$2:$A$201,B5)=0,"TEST-ID not in W10",IF(OR(F5="",G5="",H5="",I5="",J5=""),"Type, condition, criteria, cause, effect needed",IF(O5="","Severity needed",IF(AND(M5<>"",N5=""),"Compensating control test result needed",IF(AND(O5<>"Control deficiency",P5=""),"Assign to an aggregation group",IF(AND(U5<>"Draft",OR(Q5="",R5="",S5="")),"Response, owner and due date needed",IF(AND(U5="Closed",T5=""),"Closed requires a retest TEST-ID","OK")))))))) -> OK
A6: DEF-007 | B6: C-ITGC-AC-005-TOE | C6: =IFERROR(INDEX(Ref_TEST!$B$2:$B$201,MATCH(B6,Ref_TEST!$A$2:$A$201,0)),"") -> C-ITGC-AC-005 | D6: =IFERROR(INDEX(Ref_TEST!$C$2:$C$201,MATCH(B6,Ref_TEST!$A$2:$A$201,0)),"") -> R-TECH-005 | E6: =IFERROR(INDEX(Ref_TEST!$D$2:$D$201,MATCH(B6,Ref_TEST!$A$2:$A$201,0)),"") -> BP-TECH-01 | F6: Operating | G6: Dialog user FI_SUPPORT1 holds SAP_ALL; generic ID TRAINING01 active; June privileged-access review not evidenced | H6: Privileged access restricted to approved users and reviewed monthly (C-ITGC-AC-005) | I6: Emergency fix on 14-Mar outside the access process; no retrospective review | J6: Basis can bypass change and access controls (R-TECH-003, R-TECH-005) | K6: 1 SAP_ALL holder; 1 generic ID; 1 of 3 reviews | L6: C-ITAC-004, C-ITAC-005 | M6: Full-period table logs and usage analysis | N6: Y | O6: Control deficiency | P6: GR-A | Q6: Agreed: remove SAP_ALL from dialog users; use Firefighter | R6: Basis Lead | S6: 46356 | T6: C-ITGC-AC-005-RT1 | U6: Open | V6: =IF(A6="","",IF(COUNTIF(Ref_TEST!$A$2:$A$201,B6)=0,"TEST-ID not in W10",IF(OR(F6="",G6="",H6="",I6="",J6=""),"Type, condition, criteria, cause, effect needed",IF(O6="","Severity needed",IF(AND(M6<>"",N6=""),"Compensating control test result needed",IF(AND(O6<>"Control deficiency",P6=""),"Assign to an aggregation group",IF(AND(U6<>"Draft",OR(Q6="",R6="",S6="")),"Response, owner and due date needed",IF(AND(U6="Closed",T6=""),"Closed requires a retest TEST-ID","OK")))))))) -> OK
C7: =IFERROR(INDEX(Ref_TEST!$B$2:$B$201,MATCH(B7,Ref_TEST!$A$2:$A$201,0)),"") | D7: =IFERROR(INDEX(Ref_TEST!$C$2:$C$201,MATCH(B7,Ref_TEST!$A$2:$A$201,0)),"") | E7: =IFERROR(INDEX(Ref_TEST!$D$2:$D$201,MATCH(B7,Ref_TEST!$A$2:$A$201,0)),"") | V7: =IF(A7="","",IF(COUNTIF(Ref_TEST!$A$2:$A$201,B7)=0,"TEST-ID not in W10",IF(OR(F7="",G7="",H7="",I7="",J7=""),"Type, condition, criteria, cause, effect needed",IF(O7="","Severity needed",IF(AND(M7<>"",N7=""),"Compensating control test result needed",IF(AND(O7<>"Control deficiency",P7=""),"Assign to an aggregation group",IF(AND(U7<>"Draft",OR(Q7="",R7="",S7="")),"Response, owner and due date needed",IF(AND(U7="Closed",T7=""),"Closed requires a retest TEST-ID","OK"))))))))
C8: =IFERROR(INDEX(Ref_TEST!$B$2:$B$201,MATCH(B8,Ref_TEST!$A$2:$A$201,0)),"") | D8: =IFERROR(INDEX(Ref_TEST!$C$2:$C$201,MATCH(B8,Ref_TEST!$A$2:$A$201,0)),"") | E8: =IFERROR(INDEX(Ref_TEST!$D$2:$D$201,MATCH(B8,Ref_TEST!$A$2:$A$201,0)),"") | V8: =IF(A8="","",IF(COUNTIF(Ref_TEST!$A$2:$A$201,B8)=0,"TEST-ID not in W10",IF(OR(F8="",G8="",H8="",I8="",J8=""),"Type, condition, criteria, cause, effect needed",IF(O8="","Severity needed",IF(AND(M8<>"",N8=""),"Compensating control test result needed",IF(AND(O8<>"Control deficiency",P8=""),"Assign to an aggregation group",IF(AND(U8<>"Draft",OR(Q8="",R8="",S8="")),"Response, owner and due date needed",IF(AND(U8="Closed",T8=""),"Closed requires a retest TEST-ID","OK"))))))))
C9: =IFERROR(INDEX(Ref_TEST!$B$2:$B$201,MATCH(B9,Ref_TEST!$A$2:$A$201,0)),"") | D9: =IFERROR(INDEX(Ref_TEST!$C$2:$C$201,MATCH(B9,Ref_TEST!$A$2:$A$201,0)),"") | E9: =IFERROR(INDEX(Ref_TEST!$D$2:$D$201,MATCH(B9,Ref_TEST!$A$2:$A$201,0)),"") | V9: =IF(A9="","",IF(COUNTIF(Ref_TEST!$A$2:$A$201,B9)=0,"TEST-ID not in W10",IF(OR(F9="",G9="",H9="",I9="",J9=""),"Type, condition, criteria, cause, effect needed",IF(O9="","Severity needed",IF(AND(M9<>"",N9=""),"Compensating control test result needed",IF(AND(O9<>"Control deficiency",P9=""),"Assign to an aggregation group",IF(AND(U9<>"Draft",OR(Q9="",R9="",S9="")),"Response, owner and due date needed",IF(AND(U9="Closed",T9=""),"Closed requires a retest TEST-ID","OK"))))))))
C10: =IFERROR(INDEX(Ref_TEST!$B$2:$B$201,MATCH(B10,Ref_TEST!$A$2:$A$201,0)),"") | D10: =IFERROR(INDEX(Ref_TEST!$C$2:$C$201,MATCH(B10,Ref_TEST!$A$2:$A$201,0)),"") | E10: =IFERROR(INDEX(Ref_TEST!$D$2:$D$201,MATCH(B10,Ref_TEST!$A$2:$A$201,0)),"") | V10: =IF(A10="","",IF(COUNTIF(Ref_TEST!$A$2:$A$201,B10)=0,"TEST-ID not in W10",IF(OR(F10="",G10="",H10="",I10="",J10=""),"Type, condition, criteria, cause, effect needed",IF(O10="","Severity needed",IF(AND(M10<>"",N10=""),"Compensating control test result needed",IF(AND(O10<>"Control deficiency",P10=""),"Assign to an aggregation group",IF(AND(U10<>"Draft",OR(Q10="",R10="",S10="")),"Response, owner and due date needed",IF(AND(U10="Closed",T10=""),"Closed requires a retest TEST-ID","OK"))))))))
C11: =IFERROR(INDEX(Ref_TEST!$B$2:$B$201,MATCH(B11,Ref_TEST!$A$2:$A$201,0)),"") | D11: =IFERROR(INDEX(Ref_TEST!$C$2:$C$201,MATCH(B11,Ref_TEST!$A$2:$A$201,0)),"") | E11: =IFERROR(INDEX(Ref_TEST!$D$2:$D$201,MATCH(B11,Ref_TEST!$A$2:$A$201,0)),"") | V11: =IF(A11="","",IF(COUNTIF(Ref_TEST!$A$2:$A$201,B11)=0,"TEST-ID not in W10",IF(OR(F11="",G11="",H11="",I11="",J11=""),"Type, condition, criteria, cause, effect needed",IF(O11="","Severity needed",IF(AND(M11<>"",N11=""),"Compensating control test result needed",IF(AND(O11<>"Control deficiency",P11=""),"Assign to an aggregation group",IF(AND(U11<>"Draft",OR(Q11="",R11="",S11="")),"Response, owner and due date needed",IF(AND(U11="Closed",T11=""),"Closed requires a retest TEST-ID","OK"))))))))
C12: =IFERROR(INDEX(Ref_TEST!$B$2:$B$201,MATCH(B12,Ref_TEST!$A$2:$A$201,0)),"") | D12: =IFERROR(INDEX(Ref_TEST!$C$2:$C$201,MATCH(B12,Ref_TEST!$A$2:$A$201,0)),"") | E12: =IFERROR(INDEX(Ref_TEST!$D$2:$D$201,MATCH(B12,Ref_TEST!$A$2:$A$201,0)),"") | V12: =IF(A12="","",IF(COUNTIF(Ref_TEST!$A$2:$A$201,B12)=0,"TEST-ID not in W10",IF(OR(F12="",G12="",H12="",I12="",J12=""),"Type, condition, criteria, cause, effect needed",IF(O12="","Severity needed",IF(AND(M12<>"",N12=""),"Compensating control test result needed",IF(AND(O12<>"Control deficiency",P12=""),"Assign to an aggregation group",IF(AND(U12<>"Draft",OR(Q12="",R12="",S12="")),"Response, owner and due date needed",IF(AND(U12="Closed",T12=""),"Closed requires a retest TEST-ID","OK"))))))))
C13: =IFERROR(INDEX(Ref_TEST!$B$2:$B$201,MATCH(B13,Ref_TEST!$A$2:$A$201,0)),"") | D13: =IFERROR(INDEX(Ref_TEST!$C$2:$C$201,MATCH(B13,Ref_TEST!$A$2:$A$201,0)),"") | E13: =IFERROR(INDEX(Ref_TEST!$D$2:$D$201,MATCH(B13,Ref_TEST!$A$2:$A$201,0)),"") | V13: =IF(A13="","",IF(COUNTIF(Ref_TEST!$A$2:$A$201,B13)=0,"TEST-ID not in W10",IF(OR(F13="",G13="",H13="",I13="",J13=""),"Type, condition, criteria, cause, effect needed",IF(O13="","Severity needed",IF(AND(M13<>"",N13=""),"Compensating control test result needed",IF(AND(O13<>"Control deficiency",P13=""),"Assign to an aggregation group",IF(AND(U13<>"Draft",OR(Q13="",R13="",S13="")),"Response, owner and due date needed",IF(AND(U13="Closed",T13=""),"Closed requires a retest TEST-ID","OK"))))))))
C14: =IFERROR(INDEX(Ref_TEST!$B$2:$B$201,MATCH(B14,Ref_TEST!$A$2:$A$201,0)),"") | D14: =IFERROR(INDEX(Ref_TEST!$C$2:$C$201,MATCH(B14,Ref_TEST!$A$2:$A$201,0)),"") | E14: =IFERROR(INDEX(Ref_TEST!$D$2:$D$201,MATCH(B14,Ref_TEST!$A$2:$A$201,0)),"") | V14: =IF(A14="","",IF(COUNTIF(Ref_TEST!$A$2:$A$201,B14)=0,"TEST-ID not in W10",IF(OR(F14="",G14="",H14="",I14="",J14=""),"Type, condition, criteria, cause, effect needed",IF(O14="","Severity needed",IF(AND(M14<>"",N14=""),"Compensating control test result needed",IF(AND(O14<>"Control deficiency",P14=""),"Assign to an aggregation group",IF(AND(U14<>"Draft",OR(Q14="",R14="",S14="")),"Response, owner and due date needed",IF(AND(U14="Closed",T14=""),"Closed requires a retest TEST-ID","OK"))))))))
C15: =IFERROR(INDEX(Ref_TEST!$B$2:$B$201,MATCH(B15,Ref_TEST!$A$2:$A$201,0)),"") | D15: =IFERROR(INDEX(Ref_TEST!$C$2:$C$201,MATCH(B15,Ref_TEST!$A$2:$A$201,0)),"") | E15: =IFERROR(INDEX(Ref_TEST!$D$2:$D$201,MATCH(B15,Ref_TEST!$A$2:$A$201,0)),"") | V15: =IF(A15="","",IF(COUNTIF(Ref_TEST!$A$2:$A$201,B15)=0,"TEST-ID not in W10",IF(OR(F15="",G15="",H15="",I15="",J15=""),"Type, condition, criteria, cause, effect needed",IF(O15="","Severity needed",IF(AND(M15<>"",N15=""),"Compensating control test result needed",IF(AND(O15<>"Control deficiency",P15=""),"Assign to an aggregation group",IF(AND(U15<>"Draft",OR(Q15="",R15="",S15="")),"Response, owner and due date needed",IF(AND(U15="Closed",T15=""),"Closed requires a retest TEST-ID","OK"))))))))
C16: =IFERROR(INDEX(Ref_TEST!$B$2:$B$201,MATCH(B16,Ref_TEST!$A$2:$A$201,0)),"") | D16: =IFERROR(INDEX(Ref_TEST!$C$2:$C$201,MATCH(B16,Ref_TEST!$A$2:$A$201,0)),"") | E16: =IFERROR(INDEX(Ref_TEST!$D$2:$D$201,MATCH(B16,Ref_TEST!$A$2:$A$201,0)),"") | V16: =IF(A16="","",IF(COUNTIF(Ref_TEST!$A$2:$A$201,B16)=0,"TEST-ID not in W10",IF(OR(F16="",G16="",H16="",I16="",J16=""),"Type, condition, criteria, cause, effect needed",IF(O16="","Severity needed",IF(AND(M16<>"",N16=""),"Compensating control test result needed",IF(AND(O16<>"Control deficiency",P16=""),"Assign to an aggregation group",IF(AND(U16<>"Draft",OR(Q16="",R16="",S16="")),"Response, owner and due date needed",IF(AND(U16="Closed",T16=""),"Closed requires a retest TEST-ID","OK"))))))))
C17: =IFERROR(INDEX(Ref_TEST!$B$2:$B$201,MATCH(B17,Ref_TEST!$A$2:$A$201,0)),"") | D17: =IFERROR(INDEX(Ref_TEST!$C$2:$C$201,MATCH(B17,Ref_TEST!$A$2:$A$201,0)),"") | E17: =IFERROR(INDEX(Ref_TEST!$D$2:$D$201,MATCH(B17,Ref_TEST!$A$2:$A$201,0)),"") | V17: =IF(A17="","",IF(COUNTIF(Ref_TEST!$A$2:$A$201,B17)=0,"TEST-ID not in W10",IF(OR(F17="",G17="",H17="",I17="",J17=""),"Type, condition, criteria, cause, effect needed",IF(O17="","Severity needed",IF(AND(M17<>"",N17=""),"Compensating control test result needed",IF(AND(O17<>"Control deficiency",P17=""),"Assign to an aggregation group",IF(AND(U17<>"Draft",OR(Q17="",R17="",S17="")),"Response, owner and due date needed",IF(AND(U17="Closed",T17=""),"Closed requires a retest TEST-ID","OK"))))))))
C18: =IFERROR(INDEX(Ref_TEST!$B$2:$B$201,MATCH(B18,Ref_TEST!$A$2:$A$201,0)),"") | D18: =IFERROR(INDEX(Ref_TEST!$C$2:$C$201,MATCH(B18,Ref_TEST!$A$2:$A$201,0)),"") | E18: =IFERROR(INDEX(Ref_TEST!$D$2:$D$201,MATCH(B18,Ref_TEST!$A$2:$A$201,0)),"") | V18: =IF(A18="","",IF(COUNTIF(Ref_TEST!$A$2:$A$201,B18)=0,"TEST-ID not in W10",IF(OR(F18="",G18="",H18="",I18="",J18=""),"Type, condition, criteria, cause, effect needed",IF(O18="","Severity needed",IF(AND(M18<>"",N18=""),"Compensating control test result needed",IF(AND(O18<>"Control deficiency",P18=""),"Assign to an aggregation group",IF(AND(U18<>"Draft",OR(Q18="",R18="",S18="")),"Response, owner and due date needed",IF(AND(U18="Closed",T18=""),"Closed requires a retest TEST-ID","OK"))))))))
... C204: =IFERROR(INDEX(Ref_TEST!$B$2:$B$201,MATCH(B204,Ref_TEST!$A$2:$A$201,0)),"") | D204: =IFERROR(INDEX(Ref_TEST!$C$2:$C$201,MATCH(B204,Ref_TEST!$A$2:$A$201,0)),"") | E204: =IFERROR(INDEX(Ref_TEST!$D$2:$D$201,MATCH(B204,Ref_TEST!$A$2:$A$201,0)),"") | V204: =IF(A204="","",IF(COUNTIF(Ref_TEST!$A$2:$A$201,B204)=0,"TEST-ID not in W10",IF(OR(F204="",G204="",H204="",I204="",J204=""),"Type, condition, criteria, cause, effect needed",IF(O204="","Severity needed",IF(AND(M204<>"",N204=""),"Compensating control test result needed",IF(AND(O204<>"Control deficiency",P204=""),"Assign to an aggregation group",IF(AND(U204<>"Draft",OR(Q204="",R204="",S204="")),"Response, owner and due date needed",IF(AND(U204="Closed",T204=""),"Closed requires a retest TEST-ID","OK"))))))))

Sheet Groups
A1: W13 — Aggregation Groups
A2: Evaluate related deficiencies together. Rows 5–6 are worked examples.
A4: Group ID | B4: Group name | C4: Common factor | D4: Evaluated exposure | E4: Group severity | F4: Rationale | G4: DEFs in group | H4: Highest individual severity | I4: Check
A5: GR-A | B5: Privileged access governance | C5: Same user type (Basis), same date (14-Mar), emergency fix outside process | D5: Change and access controls can be bypassed by Basis; full-period table logs and usage analysis show no misuse | E5: Significant deficiency | F5: Pervasive potential to bypass change and access controls; no evidence of misuse; ITAC reliance restored, so not a material weakness | G5: =IF(A5="","",COUNTIF(Deficiency_Log!$P$5:$P$204,A5)) -> 1 | H5: =IF(A5="","",IF(COUNTIFS(Deficiency_Log!$P$5:$P$204,A5,Deficiency_Log!$O$5:$O$204,"Material weakness")>0,"Material weakness",IF(COUNTIFS(Deficiency_Log!$P$5:$P$204,A5,Deficiency_Log!$O$5:$O$204,"Significant deficiency")>0,"Significant deficiency",IF(COUNTIFS(Deficiency_Log!$P$5:$P$204,A5,Deficiency_Log!$O$5:$O$204,"Control deficiency")>0,"Control deficiency","—")))) -> Control deficiency | I5: =IF(A5="","",IF(G5=0,"No DEF assigned to group",IF(E5="","Group severity needed",IF(AND(IF(E5="Material weakness",3,IF(E5="Significant deficiency",2,1))<IF(H5="Material weakness",3,IF(H5="Significant deficiency",2,IF(H5="Control deficiency",1,0))),F5=""),"Group below highest individual: justify",IF(F5="","Rationale needed","OK"))))) -> OK
A6: GR-C | B6: Access hygiene | C6: Timeliness and precision of access controls | D6: Compensated by the effective quarterly access review | E6: Control deficiency | F6: Compensating control tested effective and precise within a quarter | G6: =IF(A6="","",COUNTIF(Deficiency_Log!$P$5:$P$204,A6)) -> 1 | H6: =IF(A6="","",IF(COUNTIFS(Deficiency_Log!$P$5:$P$204,A6,Deficiency_Log!$O$5:$O$204,"Material weakness")>0,"Material weakness",IF(COUNTIFS(Deficiency_Log!$P$5:$P$204,A6,Deficiency_Log!$O$5:$O$204,"Significant deficiency")>0,"Significant deficiency",IF(COUNTIFS(Deficiency_Log!$P$5:$P$204,A6,Deficiency_Log!$O$5:$O$204,"Control deficiency")>0,"Control deficiency","—")))) -> Control deficiency | I6: =IF(A6="","",IF(G6=0,"No DEF assigned to group",IF(E6="","Group severity needed",IF(AND(IF(E6="Material weakness",3,IF(E6="Significant deficiency",2,1))<IF(H6="Material weakness",3,IF(H6="Significant deficiency",2,IF(H6="Control deficiency",1,0))),F6=""),"Group below highest individual: justify",IF(F6="","Rationale needed","OK"))))) -> OK
G7: =IF(A7="","",COUNTIF(Deficiency_Log!$P$5:$P$204,A7)) | H7: =IF(A7="","",IF(COUNTIFS(Deficiency_Log!$P$5:$P$204,A7,Deficiency_Log!$O$5:$O$204,"Material weakness")>0,"Material weakness",IF(COUNTIFS(Deficiency_Log!$P$5:$P$204,A7,Deficiency_Log!$O$5:$O$204,"Significant deficiency")>0,"Significant deficiency",IF(COUNTIFS(Deficiency_Log!$P$5:$P$204,A7,Deficiency_Log!$O$5:$O$204,"Control deficiency")>0,"Control deficiency","—")))) | I7: =IF(A7="","",IF(G7=0,"No DEF assigned to group",IF(E7="","Group severity needed",IF(AND(IF(E7="Material weakness",3,IF(E7="Significant deficiency",2,1))<IF(H7="Material weakness",3,IF(H7="Significant deficiency",2,IF(H7="Control deficiency",1,0))),F7=""),"Group below highest individual: justify",IF(F7="","Rationale needed","OK")))))
G8: =IF(A8="","",COUNTIF(Deficiency_Log!$P$5:$P$204,A8)) | H8: =IF(A8="","",IF(COUNTIFS(Deficiency_Log!$P$5:$P$204,A8,Deficiency_Log!$O$5:$O$204,"Material weakness")>0,"Material weakness",IF(COUNTIFS(Deficiency_Log!$P$5:$P$204,A8,Deficiency_Log!$O$5:$O$204,"Significant deficiency")>0,"Significant deficiency",IF(COUNTIFS(Deficiency_Log!$P$5:$P$204,A8,Deficiency_Log!$O$5:$O$204,"Control deficiency")>0,"Control deficiency","—")))) | I8: =IF(A8="","",IF(G8=0,"No DEF assigned to group",IF(E8="","Group severity needed",IF(AND(IF(E8="Material weakness",3,IF(E8="Significant deficiency",2,1))<IF(H8="Material weakness",3,IF(H8="Significant deficiency",2,IF(H8="Control deficiency",1,0))),F8=""),"Group below highest individual: justify",IF(F8="","Rationale needed","OK")))))
G9: =IF(A9="","",COUNTIF(Deficiency_Log!$P$5:$P$204,A9)) | H9: =IF(A9="","",IF(COUNTIFS(Deficiency_Log!$P$5:$P$204,A9,Deficiency_Log!$O$5:$O$204,"Material weakness")>0,"Material weakness",IF(COUNTIFS(Deficiency_Log!$P$5:$P$204,A9,Deficiency_Log!$O$5:$O$204,"Significant deficiency")>0,"Significant deficiency",IF(COUNTIFS(Deficiency_Log!$P$5:$P$204,A9,Deficiency_Log!$O$5:$O$204,"Control deficiency")>0,"Control deficiency","—")))) | I9: =IF(A9="","",IF(G9=0,"No DEF assigned to group",IF(E9="","Group severity needed",IF(AND(IF(E9="Material weakness",3,IF(E9="Significant deficiency",2,1))<IF(H9="Material weakness",3,IF(H9="Significant deficiency",2,IF(H9="Control deficiency",1,0))),F9=""),"Group below highest individual: justify",IF(F9="","Rationale needed","OK")))))
G10: =IF(A10="","",COUNTIF(Deficiency_Log!$P$5:$P$204,A10)) | H10: =IF(A10="","",IF(COUNTIFS(Deficiency_Log!$P$5:$P$204,A10,Deficiency_Log!$O$5:$O$204,"Material weakness")>0,"Material weakness",IF(COUNTIFS(Deficiency_Log!$P$5:$P$204,A10,Deficiency_Log!$O$5:$O$204,"Significant deficiency")>0,"Significant deficiency",IF(COUNTIFS(Deficiency_Log!$P$5:$P$204,A10,Deficiency_Log!$O$5:$O$204,"Control deficiency")>0,"Control deficiency","—")))) | I10: =IF(A10="","",IF(G10=0,"No DEF assigned to group",IF(E10="","Group severity needed",IF(AND(IF(E10="Material weakness",3,IF(E10="Significant deficiency",2,1))<IF(H10="Material weakness",3,IF(H10="Significant deficiency",2,IF(H10="Control deficiency",1,0))),F10=""),"Group below highest individual: justify",IF(F10="","Rationale needed","OK")))))
G11: =IF(A11="","",COUNTIF(Deficiency_Log!$P$5:$P$204,A11)) | H11: =IF(A11="","",IF(COUNTIFS(Deficiency_Log!$P$5:$P$204,A11,Deficiency_Log!$O$5:$O$204,"Material weakness")>0,"Material weakness",IF(COUNTIFS(Deficiency_Log!$P$5:$P$204,A11,Deficiency_Log!$O$5:$O$204,"Significant deficiency")>0,"Significant deficiency",IF(COUNTIFS(Deficiency_Log!$P$5:$P$204,A11,Deficiency_Log!$O$5:$O$204,"Control deficiency")>0,"Control deficiency","—")))) | I11: =IF(A11="","",IF(G11=0,"No DEF assigned to group",IF(E11="","Group severity needed",IF(AND(IF(E11="Material weakness",3,IF(E11="Significant deficiency",2,1))<IF(H11="Material weakness",3,IF(H11="Significant deficiency",2,IF(H11="Control deficiency",1,0))),F11=""),"Group below highest individual: justify",IF(F11="","Rationale needed","OK")))))
G12: =IF(A12="","",COUNTIF(Deficiency_Log!$P$5:$P$204,A12)) | H12: =IF(A12="","",IF(COUNTIFS(Deficiency_Log!$P$5:$P$204,A12,Deficiency_Log!$O$5:$O$204,"Material weakness")>0,"Material weakness",IF(COUNTIFS(Deficiency_Log!$P$5:$P$204,A12,Deficiency_Log!$O$5:$O$204,"Significant deficiency")>0,"Significant deficiency",IF(COUNTIFS(Deficiency_Log!$P$5:$P$204,A12,Deficiency_Log!$O$5:$O$204,"Control deficiency")>0,"Control deficiency","—")))) | I12: =IF(A12="","",IF(G12=0,"No DEF assigned to group",IF(E12="","Group severity needed",IF(AND(IF(E12="Material weakness",3,IF(E12="Significant deficiency",2,1))<IF(H12="Material weakness",3,IF(H12="Significant deficiency",2,IF(H12="Control deficiency",1,0))),F12=""),"Group below highest individual: justify",IF(F12="","Rationale needed","OK")))))
G13: =IF(A13="","",COUNTIF(Deficiency_Log!$P$5:$P$204,A13)) | H13: =IF(A13="","",IF(COUNTIFS(Deficiency_Log!$P$5:$P$204,A13,Deficiency_Log!$O$5:$O$204,"Material weakness")>0,"Material weakness",IF(COUNTIFS(Deficiency_Log!$P$5:$P$204,A13,Deficiency_Log!$O$5:$O$204,"Significant deficiency")>0,"Significant deficiency",IF(COUNTIFS(Deficiency_Log!$P$5:$P$204,A13,Deficiency_Log!$O$5:$O$204,"Control deficiency")>0,"Control deficiency","—")))) | I13: =IF(A13="","",IF(G13=0,"No DEF assigned to group",IF(E13="","Group severity needed",IF(AND(IF(E13="Material weakness",3,IF(E13="Significant deficiency",2,1))<IF(H13="Material weakness",3,IF(H13="Significant deficiency",2,IF(H13="Control deficiency",1,0))),F13=""),"Group below highest individual: justify",IF(F13="","Rationale needed","OK")))))
G14: =IF(A14="","",COUNTIF(Deficiency_Log!$P$5:$P$204,A14)) | H14: =IF(A14="","",IF(COUNTIFS(Deficiency_Log!$P$5:$P$204,A14,Deficiency_Log!$O$5:$O$204,"Material weakness")>0,"Material weakness",IF(COUNTIFS(Deficiency_Log!$P$5:$P$204,A14,Deficiency_Log!$O$5:$O$204,"Significant deficiency")>0,"Significant deficiency",IF(COUNTIFS(Deficiency_Log!$P$5:$P$204,A14,Deficiency_Log!$O$5:$O$204,"Control deficiency")>0,"Control deficiency","—")))) | I14: =IF(A14="","",IF(G14=0,"No DEF assigned to group",IF(E14="","Group severity needed",IF(AND(IF(E14="Material weakness",3,IF(E14="Significant deficiency",2,1))<IF(H14="Material weakness",3,IF(H14="Significant deficiency",2,IF(H14="Control deficiency",1,0))),F14=""),"Group below highest individual: justify",IF(F14="","Rationale needed","OK")))))
G15: =IF(A15="","",COUNTIF(Deficiency_Log!$P$5:$P$204,A15)) | H15: =IF(A15="","",IF(COUNTIFS(Deficiency_Log!$P$5:$P$204,A15,Deficiency_Log!$O$5:$O$204,"Material weakness")>0,"Material weakness",IF(COUNTIFS(Deficiency_Log!$P$5:$P$204,A15,Deficiency_Log!$O$5:$O$204,"Significant deficiency")>0,"Significant deficiency",IF(COUNTIFS(Deficiency_Log!$P$5:$P$204,A15,Deficiency_Log!$O$5:$O$204,"Control deficiency")>0,"Control deficiency","—")))) | I15: =IF(A15="","",IF(G15=0,"No DEF assigned to group",IF(E15="","Group severity needed",IF(AND(IF(E15="Material weakness",3,IF(E15="Significant deficiency",2,1))<IF(H15="Material weakness",3,IF(H15="Significant deficiency",2,IF(H15="Control deficiency",1,0))),F15=""),"Group below highest individual: justify",IF(F15="","Rationale needed","OK")))))
G16: =IF(A16="","",COUNTIF(Deficiency_Log!$P$5:$P$204,A16)) | H16: =IF(A16="","",IF(COUNTIFS(Deficiency_Log!$P$5:$P$204,A16,Deficiency_Log!$O$5:$O$204,"Material weakness")>0,"Material weakness",IF(COUNTIFS(Deficiency_Log!$P$5:$P$204,A16,Deficiency_Log!$O$5:$O$204,"Significant deficiency")>0,"Significant deficiency",IF(COUNTIFS(Deficiency_Log!$P$5:$P$204,A16,Deficiency_Log!$O$5:$O$204,"Control deficiency")>0,"Control deficiency","—")))) | I16: =IF(A16="","",IF(G16=0,"No DEF assigned to group",IF(E16="","Group severity needed",IF(AND(IF(E16="Material weakness",3,IF(E16="Significant deficiency",2,1))<IF(H16="Material weakness",3,IF(H16="Significant deficiency",2,IF(H16="Control deficiency",1,0))),F16=""),"Group below highest individual: justify",IF(F16="","Rationale needed","OK")))))
G17: =IF(A17="","",COUNTIF(Deficiency_Log!$P$5:$P$204,A17)) | H17: =IF(A17="","",IF(COUNTIFS(Deficiency_Log!$P$5:$P$204,A17,Deficiency_Log!$O$5:$O$204,"Material weakness")>0,"Material weakness",IF(COUNTIFS(Deficiency_Log!$P$5:$P$204,A17,Deficiency_Log!$O$5:$O$204,"Significant deficiency")>0,"Significant deficiency",IF(COUNTIFS(Deficiency_Log!$P$5:$P$204,A17,Deficiency_Log!$O$5:$O$204,"Control deficiency")>0,"Control deficiency","—")))) | I17: =IF(A17="","",IF(G17=0,"No DEF assigned to group",IF(E17="","Group severity needed",IF(AND(IF(E17="Material weakness",3,IF(E17="Significant deficiency",2,1))<IF(H17="Material weakness",3,IF(H17="Significant deficiency",2,IF(H17="Control deficiency",1,0))),F17=""),"Group below highest individual: justify",IF(F17="","Rationale needed","OK")))))
G18: =IF(A18="","",COUNTIF(Deficiency_Log!$P$5:$P$204,A18)) | H18: =IF(A18="","",IF(COUNTIFS(Deficiency_Log!$P$5:$P$204,A18,Deficiency_Log!$O$5:$O$204,"Material weakness")>0,"Material weakness",IF(COUNTIFS(Deficiency_Log!$P$5:$P$204,A18,Deficiency_Log!$O$5:$O$204,"Significant deficiency")>0,"Significant deficiency",IF(COUNTIFS(Deficiency_Log!$P$5:$P$204,A18,Deficiency_Log!$O$5:$O$204,"Control deficiency")>0,"Control deficiency","—")))) | I18: =IF(A18="","",IF(G18=0,"No DEF assigned to group",IF(E18="","Group severity needed",IF(AND(IF(E18="Material weakness",3,IF(E18="Significant deficiency",2,1))<IF(H18="Material weakness",3,IF(H18="Significant deficiency",2,IF(H18="Control deficiency",1,0))),F18=""),"Group below highest individual: justify",IF(F18="","Rationale needed","OK")))))
... G204: =IF(A204="","",COUNTIF(Deficiency_Log!$P$5:$P$204,A204)) | H204: =IF(A204="","",IF(COUNTIFS(Deficiency_Log!$P$5:$P$204,A204,Deficiency_Log!$O$5:$O$204,"Material weakness")>0,"Material weakness",IF(COUNTIFS(Deficiency_Log!$P$5:$P$204,A204,Deficiency_Log!$O$5:$O$204,"Significant deficiency")>0,"Significant deficiency",IF(COUNTIFS(Deficiency_Log!$P$5:$P$204,A204,Deficiency_Log!$O$5:$O$204,"Control deficiency")>0,"Control deficiency","—")))) | I204: =IF(A204="","",IF(G204=0,"No DEF assigned to group",IF(E204="","Group severity needed",IF(AND(IF(E204="Material weakness",3,IF(E204="Significant deficiency",2,1))<IF(H204="Material weakness",3,IF(H204="Significant deficiency",2,IF(H204="Control deficiency",1,0))),F204=""),"Group below highest individual: justify",IF(F204="","Rationale needed","OK")))))

Sheet Ref_TEST
A1: TEST-ID (from W10) | B1: CTRL-ID (W10) | C1: RISK-ID (W04 via W05) | D1: BP-ID (W04) | E1: Result (W10)
A2: C-ITGC-AC-002-TOE | B2: C-ITGC-AC-002 | C2: R-TECH-001 | D2: BP-TECH-01 | E2: Exception noted
A3: C-ITGC-AC-005-TOE | B3: C-ITGC-AC-005 | C3: R-TECH-005 | D3: BP-TECH-01 | E3: Ineffective
A4: C-ITGC-PC-001-TOE | B4: C-ITGC-PC-001 | C4: R-TECH-003 | D4: BP-TECH-02 | E4: Exception noted
A5: C-ITAC-004-TOE | B5: C-ITAC-004 | C5: R-P2P-002 | D5: BP-P2P-02 | E5: Effective

Sheet Lists
A1: DType | B1: YNP | C1: Sev | D1: DStat
A2: Design | B2: Y | C2: Control deficiency | D2: Draft
A3: Operating | B3: N | C3: Significant deficiency | D3: Open
B4: Pending | C4: Material weakness | D4: Remediation in progress
D5: Retest
D6: Closed

Sheet Checks
A1: W13 — Completion checks
A2: All checks are formulas. A workbook passes its gate when every status reads PASS (INFO rows are counts for your information).
A3: Overall | B3: =IF(COUNTIF(C6:C15,"REVIEW")=0,"ALL CHECKS PASS","REVIEW ITEMS: "&COUNTIF(C6:C15,"REVIEW")) -> REVIEW ITEMS: 1
A5: Check | B5: Count | C5: Status | D5: What to do if REVIEW
A6: Deficiencies logged | B6: =COUNTA(Deficiency_Log!A5:A204) -> 2 | C6: INFO | D6: —
A7: Duplicate DEF-IDs | B7: =SUMPRODUCT((Deficiency_Log!A5:A204<>"")*(COUNTIF(Deficiency_Log!A5:A204,Deficiency_Log!A5:A204)>1)) -> 0 | C7: =IF(B7=0,"PASS","REVIEW") -> PASS | D7: Keys must be unique.
A8: Deficiency rows needing attention | B8: =SUMPRODUCT((Deficiency_Log!V5:V204<>"")*(Deficiency_Log!V5:V204<>"OK")*(LEFT(Deficiency_Log!V5:V204,2)<>"OK")) -> 0 | C8: =IF(B8=0,"PASS","REVIEW") -> PASS | D8: Read the Row check column.
A9: Group rows needing attention | B9: =SUMPRODUCT((Groups!I5:I204<>"")*(Groups!I5:I204<>"OK")*(LEFT(Groups!I5:I204,2)<>"OK")) -> 0 | C9: =IF(B9=0,"PASS","REVIEW") -> PASS | D9: Read the Check column.
A10: Tests with an exception / ineffective result and NO DEF-ID | B10: =SUMPRODUCT(((Ref_TEST!E2:E201="Exception noted")+(Ref_TEST!E2:E201="Ineffective"))*(COUNTIF(Deficiency_Log!B5:B204,Ref_TEST!A2:A201)=0)) -> 1 | C10: =IF(B10=0,"PASS","REVIEW") -> REVIEW | D10: Raise a DEF, or record a false-positive rationale in the W11 workpaper and clear the W10 result.
A11: Open material weaknesses | B11: =COUNTIFS(Deficiency_Log!O5:O204,"Material weakness",Deficiency_Log!U5:U204,"<>Closed") -> 0 | C11: INFO | D11: Escalate to the partner and audit committee.
A12: Open significant deficiencies | B12: =COUNTIFS(Deficiency_Log!O5:O204,"Significant deficiency",Deficiency_Log!U5:U204,"<>Closed") -> 0 | C12: INFO | D12: Report to those charged with governance.
A13: Open control deficiencies | B13: =COUNTIFS(Deficiency_Log!O5:O204,"Control deficiency",Deficiency_Log!U5:U204,"<>Closed") -> 2 | C13: INFO | D13: —
A14: Remediation overdue | B14: =SUMPRODUCT((Deficiency_Log!A5:A204<>"")*(Deficiency_Log!S5:S204<>"")*(Deficiency_Log!S5:S204<TODAY())*(Deficiency_Log!U5:U204<>"Closed")) -> 0 | C14: INFO | D14: Chase the remediation owner.
A15: Deficiencies awaiting retest | B15: =COUNTIF(Deficiency_Log!U5:U204,"Retest") -> 0 | C15: INFO | D15: Create the retest in W10.
