Workbook

Sheet Instructions
A1: TIB SYSTEMS LLC | SAP Controls Project Foundation Workbook Set
A2: W14 — Scoping Workpaper & Coverage Dashboard
A4: Purpose
A5: The master record and a reviewer's first stop. At scoping stage it summarises what is in scope, what is confirmed, what is unconfirmed and which dependencies must be resolved. At testing stage it becomes the coverage dashboard: every risk covered, every key control tested, every deficiency evaluated.
A7: How to use this workbook
A8: 1. Complete Engagement_Summary (client, systems, processes, period, materiality, stakeholders) and set Stage = Scoping.
A9: 2. Log known, unconfirmed and outstanding items, and access/evidence dependencies.
A10: 3. Paste the summary rows from W04/W05 (Ref_Risk_Control, Ref_Controls, Ref_Reliance), W10/W12 (Ref_Tests) and W13 (Ref_Deficiencies). No figure on the dashboard is typed.
A11: 4. At scoping stage the conclusion reads "No conclusion at scoping stage" and coverage checks 2–7 show SCOPING. Switch Stage to Testing when fieldwork starts.
A12: 5. Read the Checks tab and Coverage_Matrix before issuing any report.
A14: Colour legend
A15: Yellow cells with blue text = you enter data here. Grey cells = formulas (do not overwrite). Row 5 of each register is a worked ABC Manufacturing example: overwrite it with your first record.
... A25: Column dictionary
A26: Tab | B26: Field | C26: Definition | D26: Allowed values / rule | E26: Type
A27: Known_Unconfirmed_Outstanding | B27: Item ID | C27: Unique key | D27: KU-nn | E27: Input
A28: Known_Unconfirmed_Outstanding | B28: Category | C28: Area | D28: Dropdown | E28: Input
A29: Known_Unconfirmed_Outstanding | B29: Item | C29: The fact, unconfirmed matter or outstanding item | D29: Free text | E29: Input
A30: Known_Unconfirmed_Outstanding | B30: Status | C30: Known = verified; Unconfirmed = reported but not verified; Outstanding = still to obtain | D30: Dropdown | E30: Input
A31: Known_Unconfirmed_Outstanding | B31: Source | C31: Workbook and key | D31: e.g. W01 SYS-05 | E31: Input
A32: Known_Unconfirmed_Outstanding | B32: Owner | C32: Person to resolve | D32: Name / role | E32: Input
A33: Known_Unconfirmed_Outstanding | B33: Next step | C33: Action to resolve | D33: Free text | E33: Input
A34: Known_Unconfirmed_Outstanding | B34: Target date | C34: Date needed by | D34: Date | E34: Input
A35: Known_Unconfirmed_Outstanding | B35: Check | C35: Automatic test | D35: Formula | E35: Formula
A36: Dependencies | B36: Dep ID | C36: Unique key | D36: DEP-nn | E36: Input
A37: Dependencies | B37: Type | C37: Kind of dependency | D37: Dropdown | E37: Input
... A46: Dependencies | B46: Check | C46: Automatic test | D46: Formula | E46: Formula
A48: Version history
A49: 0.1 — October 2026 — initial template (TIB Systems LLC)
A50: Cross-workbook links: keys from other workbooks are pasted as values into the Ref_ tabs, so this file works on its own and never breaks when files are moved.

Sheet Known_Unconfirmed_Outstanding
A1: W14 — Known / Unconfirmed / Outstanding
A2: Separate verified facts from matters still to confirm. Rows 5–7 are worked examples.
A4: Item ID | B4: Category | C4: Item | D4: Status | E4: Source | F4: Owner | G4: Next step | H4: Target date | I4: Check
A5: KU-01 | B5: Landscape | C5: ECP / client 300 is the production system (System > Status captured) | D5: Known | E5: W01 SYS-03 | I5: =IF(A5="","",IF(OR(B5="",C5="",D5="",E5=""),"Category, item, status, source needed",IF(AND(D5<>"Known",OR(F5="",G5="")),"Owner and next step needed","OK"))) -> OK
A6: KU-02 | B6: Landscape | C6: Fiori front-end server posts financial transactions | D6: Unconfirmed | E6: W01 SYS-05 | F6: Basis Lead | G6: Confirm app list | H6: 46304 | I6: =IF(A6="","",IF(OR(B6="",C6="",D6="",E6=""),"Category, item, status, source needed",IF(AND(D6<>"Known",OR(F6="",G6="")),"Owner and next step needed","OK"))) -> OK
A7: KU-03 | B7: Owner | C7: Controller list for Firefighter IDs | D7: Outstanding | E7: W07 C-ITGC-AC-004 | F7: IT Security Manager | G7: Request list from GRC admin | H7: 46304 | I7: =IF(A7="","",IF(OR(B7="",C7="",D7="",E7=""),"Category, item, status, source needed",IF(AND(D7<>"Known",OR(F7="",G7="")),"Owner and next step needed","OK"))) -> OK
I8: =IF(A8="","",IF(OR(B8="",C8="",D8="",E8=""),"Category, item, status, source needed",IF(AND(D8<>"Known",OR(F8="",G8="")),"Owner and next step needed","OK")))
I9: =IF(A9="","",IF(OR(B9="",C9="",D9="",E9=""),"Category, item, status, source needed",IF(AND(D9<>"Known",OR(F9="",G9="")),"Owner and next step needed","OK")))
I10: =IF(A10="","",IF(OR(B10="",C10="",D10="",E10=""),"Category, item, status, source needed",IF(AND(D10<>"Known",OR(F10="",G10="")),"Owner and next step needed","OK")))
I11: =IF(A11="","",IF(OR(B11="",C11="",D11="",E11=""),"Category, item, status, source needed",IF(AND(D11<>"Known",OR(F11="",G11="")),"Owner and next step needed","OK")))
I12: =IF(A12="","",IF(OR(B12="",C12="",D12="",E12=""),"Category, item, status, source needed",IF(AND(D12<>"Known",OR(F12="",G12="")),"Owner and next step needed","OK")))
I13: =IF(A13="","",IF(OR(B13="",C13="",D13="",E13=""),"Category, item, status, source needed",IF(AND(D13<>"Known",OR(F13="",G13="")),"Owner and next step needed","OK")))
I14: =IF(A14="","",IF(OR(B14="",C14="",D14="",E14=""),"Category, item, status, source needed",IF(AND(D14<>"Known",OR(F14="",G14="")),"Owner and next step needed","OK")))
I15: =IF(A15="","",IF(OR(B15="",C15="",D15="",E15=""),"Category, item, status, source needed",IF(AND(D15<>"Known",OR(F15="",G15="")),"Owner and next step needed","OK")))
I16: =IF(A16="","",IF(OR(B16="",C16="",D16="",E16=""),"Category, item, status, source needed",IF(AND(D16<>"Known",OR(F16="",G16="")),"Owner and next step needed","OK")))
I17: =IF(A17="","",IF(OR(B17="",C17="",D17="",E17=""),"Category, item, status, source needed",IF(AND(D17<>"Known",OR(F17="",G17="")),"Owner and next step needed","OK")))
I18: =IF(A18="","",IF(OR(B18="",C18="",D18="",E18=""),"Category, item, status, source needed",IF(AND(D18<>"Known",OR(F18="",G18="")),"Owner and next step needed","OK")))
I19: =IF(A19="","",IF(OR(B19="",C19="",D19="",E19=""),"Category, item, status, source needed",IF(AND(D19<>"Known",OR(F19="",G19="")),"Owner and next step needed","OK")))
... I204: =IF(A204="","",IF(OR(B204="",C204="",D204="",E204=""),"Category, item, status, source needed",IF(AND(D204<>"Known",OR(F204="",G204="")),"Owner and next step needed","OK")))

Sheet Dependencies
A1: W14 — Dependencies
A2: Prerequisites that must be resolved before testing. These are dependencies, not control failures. Row 5 is a worked example.
A4: Dep ID | B4: Type | C4: Description | D4: Source key | E4: Owner | F4: Raised | G4: Target date | H4: Status | I4: Blocks | J4: Days overdue | K4: Check
A5: DEP-01 | B5: Missing owner | C5: Firefighter controller list not yet provided | D5: W07 C-ITGC-AC-004 | E5: IT Security Manager | F5: 46296 | G5: 46304 | H5: Open | I5: WP-AC-05 | J5: =IF(OR(A5="",G5="",H5="Closed"),"",IF(TODAY()>G5,TODAY()-G5,0)) -> 0 | K5: =IF(A5="","",IF(OR(B5="",C5="",E5="",G5=""),"Type, description, owner, target date needed","OK")) -> OK
J6: =IF(OR(A6="",G6="",H6="Closed"),"",IF(TODAY()>G6,TODAY()-G6,0)) | K6: =IF(A6="","",IF(OR(B6="",C6="",E6="",G6=""),"Type, description, owner, target date needed","OK"))
J7: =IF(OR(A7="",G7="",H7="Closed"),"",IF(TODAY()>G7,TODAY()-G7,0)) | K7: =IF(A7="","",IF(OR(B7="",C7="",E7="",G7=""),"Type, description, owner, target date needed","OK"))
J8: =IF(OR(A8="",G8="",H8="Closed"),"",IF(TODAY()>G8,TODAY()-G8,0)) | K8: =IF(A8="","",IF(OR(B8="",C8="",E8="",G8=""),"Type, description, owner, target date needed","OK"))
J9: =IF(OR(A9="",G9="",H9="Closed"),"",IF(TODAY()>G9,TODAY()-G9,0)) | K9: =IF(A9="","",IF(OR(B9="",C9="",E9="",G9=""),"Type, description, owner, target date needed","OK"))
J10: =IF(OR(A10="",G10="",H10="Closed"),"",IF(TODAY()>G10,TODAY()-G10,0)) | K10: =IF(A10="","",IF(OR(B10="",C10="",E10="",G10=""),"Type, description, owner, target date needed","OK"))
J11: =IF(OR(A11="",G11="",H11="Closed"),"",IF(TODAY()>G11,TODAY()-G11,0)) | K11: =IF(A11="","",IF(OR(B11="",C11="",E11="",G11=""),"Type, description, owner, target date needed","OK"))
J12: =IF(OR(A12="",G12="",H12="Closed"),"",IF(TODAY()>G12,TODAY()-G12,0)) | K12: =IF(A12="","",IF(OR(B12="",C12="",E12="",G12=""),"Type, description, owner, target date needed","OK"))
J13: =IF(OR(A13="",G13="",H13="Closed"),"",IF(TODAY()>G13,TODAY()-G13,0)) | K13: =IF(A13="","",IF(OR(B13="",C13="",E13="",G13=""),"Type, description, owner, target date needed","OK"))
J14: =IF(OR(A14="",G14="",H14="Closed"),"",IF(TODAY()>G14,TODAY()-G14,0)) | K14: =IF(A14="","",IF(OR(B14="",C14="",E14="",G14=""),"Type, description, owner, target date needed","OK"))
J15: =IF(OR(A15="",G15="",H15="Closed"),"",IF(TODAY()>G15,TODAY()-G15,0)) | K15: =IF(A15="","",IF(OR(B15="",C15="",E15="",G15=""),"Type, description, owner, target date needed","OK"))
J16: =IF(OR(A16="",G16="",H16="Closed"),"",IF(TODAY()>G16,TODAY()-G16,0)) | K16: =IF(A16="","",IF(OR(B16="",C16="",E16="",G16=""),"Type, description, owner, target date needed","OK"))
J17: =IF(OR(A17="",G17="",H17="Closed"),"",IF(TODAY()>G17,TODAY()-G17,0)) | K17: =IF(A17="","",IF(OR(B17="",C17="",E17="",G17=""),"Type, description, owner, target date needed","OK"))
... J204: =IF(OR(A204="",G204="",H204="Closed"),"",IF(TODAY()>G204,TODAY()-G204,0)) | K204: =IF(A204="","",IF(OR(B204="",C204="",E204="",G204=""),"Type, description, owner, target date needed","OK"))

Sheet Engagement_Summary
A1: Engagement summary and scoping conclusion
A2: Yellow = input. B8 (Stage) switches the coverage checks between scoping and testing.
A3: Client / engagement | B3: ABC Manufacturing: SAP controls project
A4: Engagement / Lab ID | B4: Lab 1: Scoping
A5: Primary production system (SYS-ID) | B5: SYS-03 (ECP / 300)
A6: Other components in scope | B6: SYS-01, SYS-02 (transport origin); SYS-04 GRC; SYS-06 HANA DB
A7: Modules and business processes in scope | B7: R2R, P2P, Inventory, O2C; technical areas BP-TECH-01 to 03; HR to be confirmed
A8: Stage | B8: Scoping
A9: Testing period from | B9: 46023
A10: Testing period to | B10: 46295
A11: As-of date | B11: 46297
A12: Overall materiality (USD) | B12: 2500000
A13: Clearly trivial threshold (USD) | B13: 125000
A14: Key stakeholders | B14: Head of AP; IT Security Manager; Basis Lead; Treasury Manager; Financial Controller
A15: Scope statement | B15: Scoping alone does not establish control effectiveness.
A16: Control effectiveness conclusion | B16: =IF(B8="Scoping","No conclusion at scoping stage",IF(COUNTIF(Checks!C6:C40,"REVIEW")>0,"Not yet supportable: coverage checks open",IF(COUNTIFS(Ref_Deficiencies!E2:E201,"Material weakness",Ref_Deficiencies!G2:G201,"<>Closed")>0,"Material weakness(es) identified",IF(COUNTIFS(Ref_Deficiencies!E2:E201,"Significant deficiency",Ref_Deficiencies!G2:G201,"<>Closed")>0,"No material weakness; significant deficiency(ies) identified",IF(COUNTA(Ref_Deficiencies!A2:A201)>0,"No material weakness or significant deficiency; control deficiencies identified","No deficiencies identified"))))) -> No conclusion at scoping stage
A18: Results by control category (operating-effectiveness tests, from Ref_Tests)
A19: Category | B19: TOE tests | C19: Effective | D19: Exception noted | E19: Ineffective | F19: Not started
A20: ITGC-APD | B20: =COUNTIFS(Ref_Tests!$H$2:$H$201,A20,Ref_Tests!$C$2:$C$201,"TOE") -> 0 | C20: =COUNTIFS(Ref_Tests!$H$2:$H$201,$A20,Ref_Tests!$C$2:$C$201,"TOE",Ref_Tests!$D$2:$D$201,"Effective") -> 0 | D20: =COUNTIFS(Ref_Tests!$H$2:$H$201,$A20,Ref_Tests!$C$2:$C$201,"TOE",Ref_Tests!$D$2:$D$201,"Exception noted") -> 0 | E20: =COUNTIFS(Ref_Tests!$H$2:$H$201,$A20,Ref_Tests!$C$2:$C$201,"TOE",Ref_Tests!$D$2:$D$201,"Ineffective") -> 0 | F20: =COUNTIFS(Ref_Tests!$H$2:$H$201,$A20,Ref_Tests!$C$2:$C$201,"TOE",Ref_Tests!$D$2:$D$201,"Not started") -> 0
A21: ITGC-PC | B21: =COUNTIFS(Ref_Tests!$H$2:$H$201,A21,Ref_Tests!$C$2:$C$201,"TOE") -> 1 | C21: =COUNTIFS(Ref_Tests!$H$2:$H$201,$A21,Ref_Tests!$C$2:$C$201,"TOE",Ref_Tests!$D$2:$D$201,"Effective") -> 0 | D21: =COUNTIFS(Ref_Tests!$H$2:$H$201,$A21,Ref_Tests!$C$2:$C$201,"TOE",Ref_Tests!$D$2:$D$201,"Exception noted") -> 0 | E21: =COUNTIFS(Ref_Tests!$H$2:$H$201,$A21,Ref_Tests!$C$2:$C$201,"TOE",Ref_Tests!$D$2:$D$201,"Ineffective") -> 0 | F21: =COUNTIFS(Ref_Tests!$H$2:$H$201,$A21,Ref_Tests!$C$2:$C$201,"TOE",Ref_Tests!$D$2:$D$201,"Not started") -> 1
A22: ITGC-CO | B22: =COUNTIFS(Ref_Tests!$H$2:$H$201,A22,Ref_Tests!$C$2:$C$201,"TOE") -> 0 | C22: =COUNTIFS(Ref_Tests!$H$2:$H$201,$A22,Ref_Tests!$C$2:$C$201,"TOE",Ref_Tests!$D$2:$D$201,"Effective") -> 0 | D22: =COUNTIFS(Ref_Tests!$H$2:$H$201,$A22,Ref_Tests!$C$2:$C$201,"TOE",Ref_Tests!$D$2:$D$201,"Exception noted") -> 0 | E22: =COUNTIFS(Ref_Tests!$H$2:$H$201,$A22,Ref_Tests!$C$2:$C$201,"TOE",Ref_Tests!$D$2:$D$201,"Ineffective") -> 0 | F22: =COUNTIFS(Ref_Tests!$H$2:$H$201,$A22,Ref_Tests!$C$2:$C$201,"TOE",Ref_Tests!$D$2:$D$201,"Not started") -> 0
A23: ITGC-PD | B23: =COUNTIFS(Ref_Tests!$H$2:$H$201,A23,Ref_Tests!$C$2:$C$201,"TOE") -> 0 | C23: =COUNTIFS(Ref_Tests!$H$2:$H$201,$A23,Ref_Tests!$C$2:$C$201,"TOE",Ref_Tests!$D$2:$D$201,"Effective") -> 0 | D23: =COUNTIFS(Ref_Tests!$H$2:$H$201,$A23,Ref_Tests!$C$2:$C$201,"TOE",Ref_Tests!$D$2:$D$201,"Exception noted") -> 0 | E23: =COUNTIFS(Ref_Tests!$H$2:$H$201,$A23,Ref_Tests!$C$2:$C$201,"TOE",Ref_Tests!$D$2:$D$201,"Ineffective") -> 0 | F23: =COUNTIFS(Ref_Tests!$H$2:$H$201,$A23,Ref_Tests!$C$2:$C$201,"TOE",Ref_Tests!$D$2:$D$201,"Not started") -> 0
A24: ITAC | B24: =COUNTIFS(Ref_Tests!$H$2:$H$201,A24,Ref_Tests!$C$2:$C$201,"TOE") -> 0 | C24: =COUNTIFS(Ref_Tests!$H$2:$H$201,$A24,Ref_Tests!$C$2:$C$201,"TOE",Ref_Tests!$D$2:$D$201,"Effective") -> 0 | D24: =COUNTIFS(Ref_Tests!$H$2:$H$201,$A24,Ref_Tests!$C$2:$C$201,"TOE",Ref_Tests!$D$2:$D$201,"Exception noted") -> 0 | E24: =COUNTIFS(Ref_Tests!$H$2:$H$201,$A24,Ref_Tests!$C$2:$C$201,"TOE",Ref_Tests!$D$2:$D$201,"Ineffective") -> 0 | F24: =COUNTIFS(Ref_Tests!$H$2:$H$201,$A24,Ref_Tests!$C$2:$C$201,"TOE",Ref_Tests!$D$2:$D$201,"Not started") -> 0
A25: IPE | B25: =COUNTIFS(Ref_Tests!$H$2:$H$201,A25,Ref_Tests!$C$2:$C$201,"TOE") -> 0 | C25: =COUNTIFS(Ref_Tests!$H$2:$H$201,$A25,Ref_Tests!$C$2:$C$201,"TOE",Ref_Tests!$D$2:$D$201,"Effective") -> 0 | D25: =COUNTIFS(Ref_Tests!$H$2:$H$201,$A25,Ref_Tests!$C$2:$C$201,"TOE",Ref_Tests!$D$2:$D$201,"Exception noted") -> 0 | E25: =COUNTIFS(Ref_Tests!$H$2:$H$201,$A25,Ref_Tests!$C$2:$C$201,"TOE",Ref_Tests!$D$2:$D$201,"Ineffective") -> 0 | F25: =COUNTIFS(Ref_Tests!$H$2:$H$201,$A25,Ref_Tests!$C$2:$C$201,"TOE",Ref_Tests!$D$2:$D$201,"Not started") -> 0
A26: ITDM | B26: =COUNTIFS(Ref_Tests!$H$2:$H$201,A26,Ref_Tests!$C$2:$C$201,"TOE") -> 0 | C26: =COUNTIFS(Ref_Tests!$H$2:$H$201,$A26,Ref_Tests!$C$2:$C$201,"TOE",Ref_Tests!$D$2:$D$201,"Effective") -> 0 | D26: =COUNTIFS(Ref_Tests!$H$2:$H$201,$A26,Ref_Tests!$C$2:$C$201,"TOE",Ref_Tests!$D$2:$D$201,"Exception noted") -> 0 | E26: =COUNTIFS(Ref_Tests!$H$2:$H$201,$A26,Ref_Tests!$C$2:$C$201,"TOE",Ref_Tests!$D$2:$D$201,"Ineffective") -> 0 | F26: =COUNTIFS(Ref_Tests!$H$2:$H$201,$A26,Ref_Tests!$C$2:$C$201,"TOE",Ref_Tests!$D$2:$D$201,"Not started") -> 0
A27: Manual BPC | B27: =COUNTIFS(Ref_Tests!$H$2:$H$201,A27,Ref_Tests!$C$2:$C$201,"TOE") -> 0 | C27: =COUNTIFS(Ref_Tests!$H$2:$H$201,$A27,Ref_Tests!$C$2:$C$201,"TOE",Ref_Tests!$D$2:$D$201,"Effective") -> 0 | D27: =COUNTIFS(Ref_Tests!$H$2:$H$201,$A27,Ref_Tests!$C$2:$C$201,"TOE",Ref_Tests!$D$2:$D$201,"Exception noted") -> 0 | E27: =COUNTIFS(Ref_Tests!$H$2:$H$201,$A27,Ref_Tests!$C$2:$C$201,"TOE",Ref_Tests!$D$2:$D$201,"Ineffective") -> 0 | F27: =COUNTIFS(Ref_Tests!$H$2:$H$201,$A27,Ref_Tests!$C$2:$C$201,"TOE",Ref_Tests!$D$2:$D$201,"Not started") -> 0
A29: Deficiencies by severity (from Ref_Deficiencies)
A30: Severity | B30: Open | C30: Closed
A31: Control deficiency | B31: =COUNTIFS(Ref_Deficiencies!$E$2:$E$201,A31,Ref_Deficiencies!$G$2:$G$201,"<>Closed") -> 1 | C31: =COUNTIFS(Ref_Deficiencies!$E$2:$E$201,A31,Ref_Deficiencies!$G$2:$G$201,"Closed") -> 0
A32: Significant deficiency | B32: =COUNTIFS(Ref_Deficiencies!$E$2:$E$201,A32,Ref_Deficiencies!$G$2:$G$201,"<>Closed") -> 0 | C32: =COUNTIFS(Ref_Deficiencies!$E$2:$E$201,A32,Ref_Deficiencies!$G$2:$G$201,"Closed") -> 0
A33: Material weakness | B33: =COUNTIFS(Ref_Deficiencies!$E$2:$E$201,A33,Ref_Deficiencies!$G$2:$G$201,"<>Closed") -> 0 | C33: =COUNTIFS(Ref_Deficiencies!$E$2:$E$201,A33,Ref_Deficiencies!$G$2:$G$201,"Closed") -> 0

Sheet Coverage_Matrix
A1: Coverage matrix — one row per risk
A2: Formulas over Ref_Risk_Control and Ref_Deficiencies. Shows at a glance whether each risk is covered, tested and what failed.
A4: RISK-ID | B4: SOX relevant? | C4: Key controls mapped | D4: Worst TOD result | E4: Worst TOE result | F4: Deficiencies | G4: Highest severity | H4: Status
A5: =IF(Ref_Risk_Control!A2="","",Ref_Risk_Control!A2) -> R-P2P-001 | B5: =IF(A5="","",Ref_Risk_Control!B2) -> Y | C5: =IF(A5="","",Ref_Risk_Control!C2) -> 1 | D5: =IF(A5="","",Ref_Risk_Control!D2) -> Not tested | E5: =IF(A5="","",Ref_Risk_Control!E2) -> Not tested | F5: =IF(A5="","",COUNTIF(Ref_Deficiencies!$D$2:$D$201,A5)) -> 0 | G5: =IF(A5="","",IF(F5=0,"—",IF(COUNTIFS(Ref_Deficiencies!$D$2:$D$201,A5,Ref_Deficiencies!$E$2:$E$201,"Material weakness")>0,"Material weakness",IF(COUNTIFS(Ref_Deficiencies!$D$2:$D$201,A5,Ref_Deficiencies!$E$2:$E$201,"Significant deficiency")>0,"Significant deficiency","Control deficiency")))) -> — | H5: =IF(A5="","",IF(AND(B5="Y",C5=0),"GAP: no key control",IF(OR(E5="",E5="Not tested",E5="Pending"),"Not yet tested",IF(F5>0,"Covered - deficiency ("&G5&")",IF(E5="Effective","Covered","Review result"))))) -> Not yet tested
A6: =IF(Ref_Risk_Control!A3="","",Ref_Risk_Control!A3) -> R-P2P-002 | B6: =IF(A6="","",Ref_Risk_Control!B3) -> Y | C6: =IF(A6="","",Ref_Risk_Control!C3) -> 1 | D6: =IF(A6="","",Ref_Risk_Control!D3) -> Not tested | E6: =IF(A6="","",Ref_Risk_Control!E3) -> Not tested | F6: =IF(A6="","",COUNTIF(Ref_Deficiencies!$D$2:$D$201,A6)) -> 0 | G6: =IF(A6="","",IF(F6=0,"—",IF(COUNTIFS(Ref_Deficiencies!$D$2:$D$201,A6,Ref_Deficiencies!$E$2:$E$201,"Material weakness")>0,"Material weakness",IF(COUNTIFS(Ref_Deficiencies!$D$2:$D$201,A6,Ref_Deficiencies!$E$2:$E$201,"Significant deficiency")>0,"Significant deficiency","Control deficiency")))) -> — | H6: =IF(A6="","",IF(AND(B6="Y",C6=0),"GAP: no key control",IF(OR(E6="",E6="Not tested",E6="Pending"),"Not yet tested",IF(F6>0,"Covered - deficiency ("&G6&")",IF(E6="Effective","Covered","Review result"))))) -> Not yet tested
A7: =IF(Ref_Risk_Control!A4="","",Ref_Risk_Control!A4) -> R-TECH-001 | B7: =IF(A7="","",Ref_Risk_Control!B4) -> Y | C7: =IF(A7="","",Ref_Risk_Control!C4) -> 3 | D7: =IF(A7="","",Ref_Risk_Control!D4) -> Not tested | E7: =IF(A7="","",Ref_Risk_Control!E4) -> Not tested | F7: =IF(A7="","",COUNTIF(Ref_Deficiencies!$D$2:$D$201,A7)) -> 1 | G7: =IF(A7="","",IF(F7=0,"—",IF(COUNTIFS(Ref_Deficiencies!$D$2:$D$201,A7,Ref_Deficiencies!$E$2:$E$201,"Material weakness")>0,"Material weakness",IF(COUNTIFS(Ref_Deficiencies!$D$2:$D$201,A7,Ref_Deficiencies!$E$2:$E$201,"Significant deficiency")>0,"Significant deficiency","Control deficiency")))) -> Control deficiency | H7: =IF(A7="","",IF(AND(B7="Y",C7=0),"GAP: no key control",IF(OR(E7="",E7="Not tested",E7="Pending"),"Not yet tested",IF(F7>0,"Covered - deficiency ("&G7&")",IF(E7="Effective","Covered","Review result"))))) -> Not yet tested
A8: =IF(Ref_Risk_Control!A5="","",Ref_Risk_Control!A5) -> R-TECH-003 | B8: =IF(A8="","",Ref_Risk_Control!B5) -> Y | C8: =IF(A8="","",Ref_Risk_Control!C5) -> 2 | D8: =IF(A8="","",Ref_Risk_Control!D5) -> Not tested | E8: =IF(A8="","",Ref_Risk_Control!E5) -> Not tested | F8: =IF(A8="","",COUNTIF(Ref_Deficiencies!$D$2:$D$201,A8)) -> 0 | G8: =IF(A8="","",IF(F8=0,"—",IF(COUNTIFS(Ref_Deficiencies!$D$2:$D$201,A8,Ref_Deficiencies!$E$2:$E$201,"Material weakness")>0,"Material weakness",IF(COUNTIFS(Ref_Deficiencies!$D$2:$D$201,A8,Ref_Deficiencies!$E$2:$E$201,"Significant deficiency")>0,"Significant deficiency","Control deficiency")))) -> — | H8: =IF(A8="","",IF(AND(B8="Y",C8=0),"GAP: no key control",IF(OR(E8="",E8="Not tested",E8="Pending"),"Not yet tested",IF(F8>0,"Covered - deficiency ("&G8&")",IF(E8="Effective","Covered","Review result"))))) -> Not yet tested
A9: =IF(Ref_Risk_Control!A6="","",Ref_Risk_Control!A6) | B9: =IF(A9="","",Ref_Risk_Control!B6) | C9: =IF(A9="","",Ref_Risk_Control!C6) | D9: =IF(A9="","",Ref_Risk_Control!D6) | E9: =IF(A9="","",Ref_Risk_Control!E6) | F9: =IF(A9="","",COUNTIF(Ref_Deficiencies!$D$2:$D$201,A9)) | G9: =IF(A9="","",IF(F9=0,"—",IF(COUNTIFS(Ref_Deficiencies!$D$2:$D$201,A9,Ref_Deficiencies!$E$2:$E$201,"Material weakness")>0,"Material weakness",IF(COUNTIFS(Ref_Deficiencies!$D$2:$D$201,A9,Ref_Deficiencies!$E$2:$E$201,"Significant deficiency")>0,"Significant deficiency","Control deficiency")))) | H9: =IF(A9="","",IF(AND(B9="Y",C9=0),"GAP: no key control",IF(OR(E9="",E9="Not tested",E9="Pending"),"Not yet tested",IF(F9>0,"Covered - deficiency ("&G9&")",IF(E9="Effective","Covered","Review result")))))
A10: =IF(Ref_Risk_Control!A7="","",Ref_Risk_Control!A7) | B10: =IF(A10="","",Ref_Risk_Control!B7) | C10: =IF(A10="","",Ref_Risk_Control!C7) | D10: =IF(A10="","",Ref_Risk_Control!D7) | E10: =IF(A10="","",Ref_Risk_Control!E7) | F10: =IF(A10="","",COUNTIF(Ref_Deficiencies!$D$2:$D$201,A10)) | G10: =IF(A10="","",IF(F10=0,"—",IF(COUNTIFS(Ref_Deficiencies!$D$2:$D$201,A10,Ref_Deficiencies!$E$2:$E$201,"Material weakness")>0,"Material weakness",IF(COUNTIFS(Ref_Deficiencies!$D$2:$D$201,A10,Ref_Deficiencies!$E$2:$E$201,"Significant deficiency")>0,"Significant deficiency","Control deficiency")))) | H10: =IF(A10="","",IF(AND(B10="Y",C10=0),"GAP: no key control",IF(OR(E10="",E10="Not tested",E10="Pending"),"Not yet tested",IF(F10>0,"Covered - deficiency ("&G10&")",IF(E10="Effective","Covered","Review result")))))
A11: =IF(Ref_Risk_Control!A8="","",Ref_Risk_Control!A8) | B11: =IF(A11="","",Ref_Risk_Control!B8) | C11: =IF(A11="","",Ref_Risk_Control!C8) | D11: =IF(A11="","",Ref_Risk_Control!D8) | E11: =IF(A11="","",Ref_Risk_Control!E8) | F11: =IF(A11="","",COUNTIF(Ref_Deficiencies!$D$2:$D$201,A11)) | G11: =IF(A11="","",IF(F11=0,"—",IF(COUNTIFS(Ref_Deficiencies!$D$2:$D$201,A11,Ref_Deficiencies!$E$2:$E$201,"Material weakness")>0,"Material weakness",IF(COUNTIFS(Ref_Deficiencies!$D$2:$D$201,A11,Ref_Deficiencies!$E$2:$E$201,"Significant deficiency")>0,"Significant deficiency","Control deficiency")))) | H11: =IF(A11="","",IF(AND(B11="Y",C11=0),"GAP: no key control",IF(OR(E11="",E11="Not tested",E11="Pending"),"Not yet tested",IF(F11>0,"Covered - deficiency ("&G11&")",IF(E11="Effective","Covered","Review result")))))
A12: =IF(Ref_Risk_Control!A9="","",Ref_Risk_Control!A9) | B12: =IF(A12="","",Ref_Risk_Control!B9) | C12: =IF(A12="","",Ref_Risk_Control!C9) | D12: =IF(A12="","",Ref_Risk_Control!D9) | E12: =IF(A12="","",Ref_Risk_Control!E9) | F12: =IF(A12="","",COUNTIF(Ref_Deficiencies!$D$2:$D$201,A12)) | G12: =IF(A12="","",IF(F12=0,"—",IF(COUNTIFS(Ref_Deficiencies!$D$2:$D$201,A12,Ref_Deficiencies!$E$2:$E$201,"Material weakness")>0,"Material weakness",IF(COUNTIFS(Ref_Deficiencies!$D$2:$D$201,A12,Ref_Deficiencies!$E$2:$E$201,"Significant deficiency")>0,"Significant deficiency","Control deficiency")))) | H12: =IF(A12="","",IF(AND(B12="Y",C12=0),"GAP: no key control",IF(OR(E12="",E12="Not tested",E12="Pending"),"Not yet tested",IF(F12>0,"Covered - deficiency ("&G12&")",IF(E12="Effective","Covered","Review result")))))
A13: =IF(Ref_Risk_Control!A10="","",Ref_Risk_Control!A10) | B13: =IF(A13="","",Ref_Risk_Control!B10) | C13: =IF(A13="","",Ref_Risk_Control!C10) | D13: =IF(A13="","",Ref_Risk_Control!D10) | E13: =IF(A13="","",Ref_Risk_Control!E10) | F13: =IF(A13="","",COUNTIF(Ref_Deficiencies!$D$2:$D$201,A13)) | G13: =IF(A13="","",IF(F13=0,"—",IF(COUNTIFS(Ref_Deficiencies!$D$2:$D$201,A13,Ref_Deficiencies!$E$2:$E$201,"Material weakness")>0,"Material weakness",IF(COUNTIFS(Ref_Deficiencies!$D$2:$D$201,A13,Ref_Deficiencies!$E$2:$E$201,"Significant deficiency")>0,"Significant deficiency","Control deficiency")))) | H13: =IF(A13="","",IF(AND(B13="Y",C13=0),"GAP: no key control",IF(OR(E13="",E13="Not tested",E13="Pending"),"Not yet tested",IF(F13>0,"Covered - deficiency ("&G13&")",IF(E13="Effective","Covered","Review result")))))
A14: =IF(Ref_Risk_Control!A11="","",Ref_Risk_Control!A11) | B14: =IF(A14="","",Ref_Risk_Control!B11) | C14: =IF(A14="","",Ref_Risk_Control!C11) | D14: =IF(A14="","",Ref_Risk_Control!D11) | E14: =IF(A14="","",Ref_Risk_Control!E11) | F14: =IF(A14="","",COUNTIF(Ref_Deficiencies!$D$2:$D$201,A14)) | G14: =IF(A14="","",IF(F14=0,"—",IF(COUNTIFS(Ref_Deficiencies!$D$2:$D$201,A14,Ref_Deficiencies!$E$2:$E$201,"Material weakness")>0,"Material weakness",IF(COUNTIFS(Ref_Deficiencies!$D$2:$D$201,A14,Ref_Deficiencies!$E$2:$E$201,"Significant deficiency")>0,"Significant deficiency","Control deficiency")))) | H14: =IF(A14="","",IF(AND(B14="Y",C14=0),"GAP: no key control",IF(OR(E14="",E14="Not tested",E14="Pending"),"Not yet tested",IF(F14>0,"Covered - deficiency ("&G14&")",IF(E14="Effective","Covered","Review result")))))
A15: =IF(Ref_Risk_Control!A12="","",Ref_Risk_Control!A12) | B15: =IF(A15="","",Ref_Risk_Control!B12) | C15: =IF(A15="","",Ref_Risk_Control!C12) | D15: =IF(A15="","",Ref_Risk_Control!D12) | E15: =IF(A15="","",Ref_Risk_Control!E12) | F15: =IF(A15="","",COUNTIF(Ref_Deficiencies!$D$2:$D$201,A15)) | G15: =IF(A15="","",IF(F15=0,"—",IF(COUNTIFS(Ref_Deficiencies!$D$2:$D$201,A15,Ref_Deficiencies!$E$2:$E$201,"Material weakness")>0,"Material weakness",IF(COUNTIFS(Ref_Deficiencies!$D$2:$D$201,A15,Ref_Deficiencies!$E$2:$E$201,"Significant deficiency")>0,"Significant deficiency","Control deficiency")))) | H15: =IF(A15="","",IF(AND(B15="Y",C15=0),"GAP: no key control",IF(OR(E15="",E15="Not tested",E15="Pending"),"Not yet tested",IF(F15>0,"Covered - deficiency ("&G15&")",IF(E15="Effective","Covered","Review result")))))
A16: =IF(Ref_Risk_Control!A13="","",Ref_Risk_Control!A13) | B16: =IF(A16="","",Ref_Risk_Control!B13) | C16: =IF(A16="","",Ref_Risk_Control!C13) | D16: =IF(A16="","",Ref_Risk_Control!D13) | E16: =IF(A16="","",Ref_Risk_Control!E13) | F16: =IF(A16="","",COUNTIF(Ref_Deficiencies!$D$2:$D$201,A16)) | G16: =IF(A16="","",IF(F16=0,"—",IF(COUNTIFS(Ref_Deficiencies!$D$2:$D$201,A16,Ref_Deficiencies!$E$2:$E$201,"Material weakness")>0,"Material weakness",IF(COUNTIFS(Ref_Deficiencies!$D$2:$D$201,A16,Ref_Deficiencies!$E$2:$E$201,"Significant deficiency")>0,"Significant deficiency","Control deficiency")))) | H16: =IF(A16="","",IF(AND(B16="Y",C16=0),"GAP: no key control",IF(OR(E16="",E16="Not tested",E16="Pending"),"Not yet tested",IF(F16>0,"Covered - deficiency ("&G16&")",IF(E16="Effective","Covered","Review result")))))
... A204: =IF(Ref_Risk_Control!A201="","",Ref_Risk_Control!A201) | B204: =IF(A204="","",Ref_Risk_Control!B201) | C204: =IF(A204="","",Ref_Risk_Control!C201) | D204: =IF(A204="","",Ref_Risk_Control!D201) | E204: =IF(A204="","",Ref_Risk_Control!E201) | F204: =IF(A204="","",COUNTIF(Ref_Deficiencies!$D$2:$D$201,A204)) | G204: =IF(A204="","",IF(F204=0,"—",IF(COUNTIFS(Ref_Deficiencies!$D$2:$D$201,A204,Ref_Deficiencies!$E$2:$E$201,"Material weakness")>0,"Material weakness",IF(COUNTIFS(Ref_Deficiencies!$D$2:$D$201,A204,Ref_Deficiencies!$E$2:$E$201,"Significant deficiency")>0,"Significant deficiency","Control deficiency")))) | H204: =IF(A204="","",IF(AND(B204="Y",C204=0),"GAP: no key control",IF(OR(E204="",E204="Not tested",E204="Pending"),"Not yet tested",IF(F204>0,"Covered - deficiency ("&G204&")",IF(E204="Effective","Covered","Review result")))))

Sheet Ref_Risk_Control
A1: RISK-ID (W04) | B1: SOX relevant? (W04) | C1: Key controls mapped (W05 Coverage_Check) | D1: Worst TOD result (W10) | E1: Worst TOE result (W10)
A2: R-P2P-001 | B2: Y | C2: 1 | D2: Not tested | E2: Not tested
A3: R-P2P-002 | B3: Y | C3: 1 | D3: Not tested | E3: Not tested
A4: R-TECH-001 | B4: Y | C4: 3 | D4: Not tested | E4: Not tested
A5: R-TECH-003 | B5: Y | C5: 2 | D5: Not tested | E5: Not tested

Sheet Ref_Controls
A1: CTRL-ID (W05) | B1: Control category (W05) | C1: Key control? Y/N (W05)
A2: C-ITGC-AC-002 | B2: ITGC-APD | C2: Y
A3: C-ITGC-PC-001 | B3: ITGC-PC | C3: Y
A4: C-ITAC-004 | B4: ITAC | C4: Y

Sheet Ref_Tests
A1: TEST-ID (W10) | B1: CTRL-ID (W10) | C1: Test type TOD/TOE (W10) | D1: Result (W10) | E1: Status (W10) | F1: Population IPE result, or n/a (W09) | G1: Sample logged? Y / N / n/a (W12) | H1: Control category (W05)
A2: C-ITGC-PC-001-TOD | B2: C-ITGC-PC-001 | C2: TOD | D2: Not started | E2: Not started | F2: n/a | G2: n/a | H2: ITGC-PC
A3: C-ITGC-PC-001-TOE | B3: C-ITGC-PC-001 | C3: TOE | D3: Not started | E3: Not started | F3: Pass | G3: Y | H3: ITGC-PC

Sheet Ref_Deficiencies
A1: DEF-ID (W13) | B1: TEST-ID (W13) | C1: CTRL-ID (W13) | D1: RISK-ID (W13) | E1: Severity (W13) | F1: Group ID (W13) | G1: Status (W13)
A2: DEF-004 | B2: C-ITGC-AC-002-TOE | C2: C-ITGC-AC-002 | D2: R-TECH-001 | E2: Control deficiency | F2: GR-C | G2: Open

Sheet Ref_Reliance
A1: Dependent CTRL-ID (W05) | B1: ITGC CTRL-ID (W05) | C1: ITGC test result (W05) | D1: Reliance decision (W05)
A2: C-ITAC-004 | B2: C-ITGC-PC-001 | C2: Not tested | D2: Pending

Sheet Lists
A1: KCat | B1: KStat | C1: DepType | D1: OStat
A2: Landscape | B2: Known | C2: Access gap | D2: Open
A3: Process | B3: Unconfirmed | C3: Missing owner | D3: In progress
A4: Owner | B4: Outstanding | C4: Missing evidence | D4: Closed
A5: Evidence | C5: IPE failure
A6: Access | C6: Other
A7: Other

Sheet Checks
A1: W14 — Completion checks
A2: All checks are formulas. A workbook passes its gate when every status reads PASS (INFO rows are counts for your information).
A3: Overall | B3: =IF(COUNTIF(C6:C22,"REVIEW")=0,"ALL CHECKS PASS","REVIEW ITEMS: "&COUNTIF(C6:C22,"REVIEW")) -> ALL CHECKS PASS
A5: Check | B5: Count | C5: Status | D5: What to do if REVIEW
A6: Known items | B6: =COUNTIF(Known_Unconfirmed_Outstanding!D5:D204,"Known") -> 1 | C6: INFO | D6: —
A7: Unconfirmed items | B7: =COUNTIF(Known_Unconfirmed_Outstanding!D5:D204,"Unconfirmed") -> 1 | C7: INFO | D7: Resolve or carry forward as dependencies.
A8: Outstanding items | B8: =COUNTIF(Known_Unconfirmed_Outstanding!D5:D204,"Outstanding") -> 1 | C8: INFO | D8: Resolve or carry forward as dependencies.
A9: Known / Unconfirmed / Outstanding rows needing attention | B9: =SUMPRODUCT((Known_Unconfirmed_Outstanding!I5:I204<>"")*(Known_Unconfirmed_Outstanding!I5:I204<>"OK")*(LEFT(Known_Unconfirmed_Outstanding!I5:I204,2)<>"OK")) -> 0 | C9: =IF(B9=0,"PASS","REVIEW") -> PASS | D9: Read the Check column.
A10: Dependency rows needing attention | B10: =SUMPRODUCT((Dependencies!K5:K204<>"")*(Dependencies!K5:K204<>"OK")*(LEFT(Dependencies!K5:K204,2)<>"OK")) -> 0 | C10: =IF(B10=0,"PASS","REVIEW") -> PASS | D10: Read the Check column.
A11: Open dependencies | B11: =COUNTIF(Dependencies!H5:H204,"Open")+COUNTIF(Dependencies!H5:H204,"In progress") -> 1 | C11: INFO | D11: Access gaps, missing owners, missing evidence.
A12: Dependencies overdue | B12: =COUNTIF(Dependencies!J5:J204,">0") -> 0 | C12: INFO | D12: Escalate.
A13: Stage not selected | B13: =IF(Engagement_Summary!B8="",1,0) -> 0 | C13: =IF(B13=0,"PASS","REVIEW") -> PASS | D13: Set Scoping or Testing on Engagement_Summary.
A14: 1. Risk coverage: SOX risks with no key control | B14: =SUMPRODUCT((Ref_Risk_Control!B2:B201="Y")*(Ref_Risk_Control!C2:C201=0)) -> 0 | C14: =IF(B14=0,"PASS","REVIEW") -> PASS | D14: Design gap: report as a potential design deficiency.
A15: 2a. Test coverage: key controls with no TOD | B15: =SUMPRODUCT((Ref_Controls!C2:C201="Y")*(COUNTIFS(Ref_Tests!B2:B201,Ref_Controls!A2:A201,Ref_Tests!C2:C201,"TOD")=0)) -> 2 | C15: =IF(Engagement_Summary!$B$8="Scoping","SCOPING",IF(B15=0,"PASS","REVIEW")) -> SCOPING | D15: Add the TOD row in W10.
A16: 2b. Test coverage: key controls with no TOE | B16: =SUMPRODUCT((Ref_Controls!C2:C201="Y")*(COUNTIFS(Ref_Tests!B2:B201,Ref_Controls!A2:A201,Ref_Tests!C2:C201,"TOE")=0)) -> 2 | C16: =IF(Engagement_Summary!$B$8="Scoping","SCOPING",IF(B16=0,"PASS","REVIEW")) -> SCOPING | D16: Add the TOE row in W10.
A17: 3. Evidence coverage: TOE tests whose population IPE is not Pass (use n/a for tests with no population) | B17: =SUMPRODUCT((Ref_Tests!C2:C201="TOE")*(Ref_Tests!F2:F201<>"Pass")*(Ref_Tests!F2:F201<>"n/a")) -> 0 | C17: =IF(Engagement_Summary!$B$8="Scoping","SCOPING",IF(B17=0,"PASS","REVIEW")) -> SCOPING | D17: Complete the IPE check in W09.
A18: 4. Sample coverage: TOE tests with no sample logged | B18: =SUMPRODUCT((Ref_Tests!C2:C201="TOE")*(Ref_Tests!G2:G201="N")) -> 0 | C18: =IF(Engagement_Summary!$B$8="Scoping","SCOPING",IF(B18=0,"PASS","REVIEW")) -> SCOPING | D18: Log the sample in W12.
A19: 5. Result coverage: tests not yet reviewed | B19: =SUMPRODUCT((Ref_Tests!A2:A201<>"")*(Ref_Tests!E2:E201<>"Reviewed")*(Ref_Tests!E2:E201<>"Closed")) -> 2 | C19: =IF(Engagement_Summary!$B$8="Scoping","SCOPING",IF(B19=0,"PASS","REVIEW")) -> SCOPING | D19: Complete workpaper review (W11).
A20: 6. Deficiency coverage: exception / ineffective tests with no DEF-ID | B20: =SUMPRODUCT(((Ref_Tests!D2:D201="Exception noted")+(Ref_Tests!D2:D201="Ineffective"))*(COUNTIF(Ref_Deficiencies!B2:B201,Ref_Tests!A2:A201)=0)) -> 0 | C20: =IF(Engagement_Summary!$B$8="Scoping","SCOPING",IF(B20=0,"PASS","REVIEW")) -> SCOPING | D20: Raise a DEF in W13 or document a false-positive rationale.
A21: 7. Reliance coverage: dependent controls with a failed ITGC but reliance Pending or Supported | B21: =SUMPRODUCT(((Ref_Reliance!C2:C201="Exception noted")+(Ref_Reliance!C2:C201="Ineffective"))*((Ref_Reliance!D2:D201="Pending")+(Ref_Reliance!D2:D201="Supported"))) -> 0 | C21: =IF(Engagement_Summary!$B$8="Scoping","SCOPING",IF(B21=0,"PASS","REVIEW")) -> SCOPING | D21: Record additional procedures or mark reliance Not supported (Session 33).
A22: Open deficiencies (all severities) | B22: =COUNTIFS(Ref_Deficiencies!G2:G201,"<>Closed",Ref_Deficiencies!A2:A201,"<>") -> 1 | C22: INFO | D22: See Engagement_Summary for severity split.
